round_id,hand_number,player_cards,dealer_cards,actions,bet_amount,final_result,blackjack,busted,strategy_used,bet_mode,true_count_prev_round,running_count_end,true_count_end,cards_remaining,decks_remaining
1,1,"4,7,10","A,J","double,stand",20.0,push,False,False,random-dfs,fixed,0.0,-2.0,-0.006,308,5.923
1,1,"4,7,10","A,J","hit,stand",10.0,push,False,False,random-dfs,fixed,0.0,-2.0,-0.006,308,5.923
1,1,"4,7","A,J",stand,10.0,lose,False,False,random-dfs,fixed,0.0,-1.0,-0.003,308,5.923
2,1,"10,10,K","3,A,8,9","double,stand",20.0,lose,False,True,random-dfs,fixed,-0.169,-3.0,-0.01,304,5.846
2,1,"10,10,K","3,A,8,9",hit,10.0,lose,False,True,random-dfs,fixed,-0.169,-3.0,-0.01,304,5.846
2,1,"10,10","3,A,K,8",stand,10.0,win,False,False,random-dfs,fixed,-0.169,-3.0,-0.01,304,5.846
3,1,"K,8,J","9,4,3,4",hit,10.0,lose,False,True,random-dfs,fixed,-0.513,1.0,0.003,300,5.769
3,1,"K,8","9,4,J",stand,10.0,win,False,False,random-dfs,fixed,-0.513,-1.0,-0.003,300,5.769
3,1,"K,8,J","9,4,3,4","double,stand",20.0,lose,False,True,random-dfs,fixed,-0.513,1.0,0.003,300,5.769
4,1,"J,3","4,7,4,9",stand,10.0,win,False,False,random-dfs,fixed,-0.52,2.0,0.006,296,5.692
4,1,"J,3,4","4,7,9","double,stand",20.0,lose,False,False,random-dfs,fixed,-0.52,2.0,0.006,296,5.692
4,1,"J,3,4,9","4,7,4,2","hit,hit",10.0,lose,False,True,random-dfs,fixed,-0.52,4.0,0.013,296,5.692
4,1,"J,3,4","4,7,9","hit,stand",10.0,lose,False,False,random-dfs,fixed,-0.52,2.0,0.006,296,5.692
5,1,"4,9","4,2,8,8",stand,10.0,win,False,False,random-dfs,fixed,-0.351,3.0,0.01,292,5.615
5,1,"4,9,8","4,2,8,8","double,stand",20.0,win,False,False,random-dfs,fixed,-0.351,3.0,0.01,292,5.615
5,1,"4,9,8","4,2,8,8","hit,stand",10.0,win,False,False,random-dfs,fixed,-0.351,3.0,0.01,292,5.615
6,1,"8,8,6","8,2,Q","double,stand",20.0,lose,False,True,random-dfs,fixed,0.178,1.0,0.003,288,5.538
6,1,"8,8,6","8,2,Q",hit,10.0,lose,False,True,random-dfs,fixed,0.178,1.0,0.003,288,5.538
6,1,"8,8","8,2,6,Q",stand,10.0,win,False,False,random-dfs,fixed,0.178,1.0,0.003,288,5.538
7,1,"6,Q","2,Q,6",stand,10.0,lose,False,False,random-dfs,fixed,0.361,1.0,0.003,284,5.462
7,1,"6,Q,6","2,Q,7","double,stand",20.0,lose,False,True,random-dfs,fixed,0.361,1.0,0.003,284,5.462
7,1,"6,Q,6","2,Q,7",hit,10.0,lose,False,True,random-dfs,fixed,0.361,1.0,0.003,284,5.462
8,1,"6,7","8,9",stand,10.0,lose,False,False,random-dfs,fixed,0.366,1.0,0.003,280,5.385
8,1,"6,7,2","8,9","double,stand",20.0,lose,False,False,random-dfs,fixed,0.366,2.0,0.006,280,5.385
8,1,"6,7,2","8,9","hit,stand",10.0,lose,False,False,random-dfs,fixed,0.366,2.0,0.006,280,5.385
8,1,"6,7,2,3,J","8,9","hit,hit,hit",10.0,lose,False,True,random-dfs,fixed,0.366,2.0,0.006,280,5.385
8,1,"6,7,2,3","8,9","hit,hit,stand",10.0,win,False,False,random-dfs,fixed,0.366,3.0,0.01,280,5.385
9,1,"2,3","J,10",stand,10.0,lose,False,False,random-dfs,fixed,0.557,0.0,0.0,276,5.308
9,1,"2,3,J","J,10","double,stand",20.0,lose,False,False,random-dfs,fixed,0.557,-1.0,-0.003,276,5.308
9,1,"2,3,J,4","J,10","hit,hit,stand",10.0,lose,False,False,random-dfs,fixed,0.557,0.0,0.0,276,5.308
9,1,"2,3,J,4,8","J,10","hit,hit,hit",10.0,lose,False,True,random-dfs,fixed,0.557,0.0,0.0,276,5.308
9,1,"2,3,J","J,10","hit,stand",10.0,lose,False,False,random-dfs,fixed,0.557,-1.0,-0.003,276,5.308
10,1,"J,4","8,5,2,Q",stand,10.0,win,False,False,random-dfs,fixed,0.565,1.0,0.003,272,5.231
10,1,"J,4,2","8,5,Q","hit,stand",10.0,win,False,False,random-dfs,fixed,0.565,1.0,0.003,272,5.231
10,1,"J,4,2,Q","8,5,4","hit,hit",10.0,lose,False,True,random-dfs,fixed,0.565,2.0,0.006,272,5.231
10,1,"J,4,2","8,5,Q","double,stand",20.0,win,False,False,random-dfs,fixed,0.565,1.0,0.003,272,5.231
11,1,"2,Q,Q","4,10,10","double,stand",20.0,lose,False,True,random-dfs,fixed,0.765,-2.0,-0.006,268,5.154
11,1,"2,Q,Q","4,10,10",hit,10.0,lose,False,True,random-dfs,fixed,0.765,-2.0,-0.006,268,5.154
11,1,"2,Q","4,10,Q",stand,10.0,win,False,False,random-dfs,fixed,0.765,-1.0,-0.003,268,5.154
12,1,"Q,10","5,5,3,7",stand,10.0,push,False,False,random-dfs,fixed,0.776,1.0,0.003,264,5.077
12,1,"Q,10,3","5,5,7","double,stand",20.0,lose,False,True,random-dfs,fixed,0.776,1.0,0.003,264,5.077
12,1,"Q,10,3","5,5,7",hit,10.0,lose,False,True,random-dfs,fixed,0.776,1.0,0.003,264,5.077
13,1,"3,7","A,Q",stand,10.0,lose,False,False,random-dfs,fixed,0.788,-1.0,-0.003,260,5.0
13,1,"3,7,6","A,Q","hit,stand",10.0,lose,False,False,random-dfs,fixed,0.788,0.0,0.0,260,5.0
13,1,"3,7,6,4,6","A,Q","hit,hit,hit",10.0,lose,False,True,random-dfs,fixed,0.788,2.0,0.006,260,5.0
13,1,"3,7,6,4","A,Q","hit,hit,stand",10.0,lose,False,False,random-dfs,fixed,0.788,1.0,0.003,260,5.0
13,1,"3,7,6","A,Q","double,stand",20.0,lose,False,False,random-dfs,fixed,0.788,0.0,0.0,260,5.0
14,1,"6,4,Q","6,10,5","hit,stand",10.0,lose,False,False,random-dfs,fixed,0.6,2.0,0.006,256,4.923
14,1,"6,4,Q,5","6,10,K","hit,hit",10.0,lose,False,True,random-dfs,fixed,0.6,1.0,0.003,256,4.923
14,1,"6,4","6,10,Q",stand,10.0,win,False,False,random-dfs,fixed,0.6,1.0,0.003,256,4.923
14,1,"6,4,Q","6,10,5","double,stand",20.0,lose,False,False,random-dfs,fixed,0.6,2.0,0.006,256,4.923
15,1,"Q,5,K","K,7",hit,10.0,lose,False,True,random-dfs,fixed,1.016,-2.0,-0.006,252,4.846
15,1,"Q,5","K,7",stand,10.0,lose,False,False,random-dfs,fixed,1.016,-1.0,-0.003,252,4.846
15,1,"Q,5,K","K,7","double,stand",20.0,lose,False,True,random-dfs,fixed,1.016,-2.0,-0.006,252,4.846
16,1,"K,K,10","Q,7",hit,10.0,lose,False,True,random-dfs,fixed,0.825,-4.0,-0.013,248,4.769
16,1,"K,K","Q,7",stand,10.0,win,False,False,random-dfs,fixed,0.825,-3.0,-0.01,248,4.769
16,1,"K,K,10","Q,7","double,stand",20.0,lose,False,True,random-dfs,fixed,0.825,-4.0,-0.013,248,4.769
17,1,"10,8,8","J,A",hit,10.0,lose,False,True,random-dfs,fixed,0.21,-3.0,-0.01,244,4.692
17,1,"10,8,8","J,A","double,stand",20.0,lose,False,True,random-dfs,fixed,0.21,-3.0,-0.01,244,4.692
17,1,"10,8","J,A",stand,10.0,lose,False,False,random-dfs,fixed,0.21,-3.0,-0.01,244,4.692
18,1,"8,8,9","8,Q","double,stand",20.0,lose,False,True,random-dfs,fixed,-0.426,-1.0,-0.003,240,4.615
18,1,"8,8,9","8,Q",hit,10.0,lose,False,True,random-dfs,fixed,-0.426,-1.0,-0.003,240,4.615
18,1,"8,8","8,Q",stand,10.0,lose,False,False,random-dfs,fixed,-0.426,-1.0,-0.003,240,4.615
19,1,"9,3","3,4,5,K",stand,10.0,win,False,False,random-dfs,fixed,-0.65,3.0,0.01,236,4.538
19,1,"9,3,5","3,4,K","double,stand",20.0,push,False,False,random-dfs,fixed,-0.65,3.0,0.01,236,4.538
19,1,"9,3,5,K","3,4,Q","hit,hit",10.0,lose,False,True,random-dfs,fixed,-0.65,2.0,0.006,236,4.538
19,1,"9,3,5","3,4,K","hit,stand",10.0,push,False,False,random-dfs,fixed,-0.65,3.0,0.01,236,4.538
20,1,"5,K,10","Q,2,10","double,stand",20.0,lose,False,True,random-dfs,fixed,0.0,-2.0,-0.006,232,4.462
20,1,"5,K,10","Q,2,10",hit,10.0,lose,False,True,random-dfs,fixed,0.0,-2.0,-0.006,232,4.462
20,1,"5,K","Q,2,10",stand,10.0,win,False,False,random-dfs,fixed,0.0,-1.0,-0.003,232,4.462
21,1,"10,10","9,9",stand,10.0,win,False,False,random-dfs,fixed,0.0,-2.0,-0.006,228,4.385
21,1,"10,10,9","9,9","double,stand",20.0,lose,False,True,random-dfs,fixed,0.0,-2.0,-0.006,228,4.385
21,1,"10,10,9","9,9",hit,10.0,lose,False,True,random-dfs,fixed,0.0,-2.0,-0.006,228,4.385
22,1,"9,5,10","K,8",hit,10.0,lose,False,True,random-dfs,fixed,-0.456,-1.0,-0.003,224,4.308
22,1,"9,5,10","K,8","double,stand",20.0,lose,False,True,random-dfs,fixed,-0.456,-1.0,-0.003,224,4.308
22,1,"9,5","K,8",stand,10.0,lose,False,False,random-dfs,fixed,-0.456,0.0,0.0,224,4.308
23,1,"10,J","5,6,6",stand,10.0,win,False,False,random-dfs,fixed,-0.464,1.0,0.003,220,4.231
23,1,"10,J,6","5,6,2,7",hit,10.0,lose,False,True,random-dfs,fixed,-0.464,2.0,0.006,220,4.231
23,1,"10,J,6","5,6,2,7","double,stand",20.0,lose,False,True,random-dfs,fixed,-0.464,2.0,0.006,220,4.231
24,1,"6,2","7,9,10",stand,10.0,win,False,False,random-dfs,fixed,-0.473,1.0,0.003,216,4.154
24,1,"6,2,10,3","7,9,J","hit,hit,stand",10.0,win,False,False,random-dfs,fixed,-0.473,1.0,0.003,216,4.154
24,1,"6,2,10","7,9,3","hit,stand",10.0,lose,False,False,random-dfs,fixed,-0.473,2.0,0.006,216,4.154
24,1,"6,2,10","7,9,3","double,stand",20.0,lose,False,False,random-dfs,fixed,-0.473,2.0,0.006,216,4.154
25,1,"10,3,4","J,5,6","double,stand",20.0,lose,False,False,random-dfs,fixed,0.0,2.0,0.006,212,4.077
25,1,"10,3","J,5,4",stand,10.0,lose,False,False,random-dfs,fixed,0.0,1.0,0.003,212,4.077
25,1,"10,3,4","J,5,6","hit,stand",10.0,lose,False,False,random-dfs,fixed,0.0,2.0,0.006,212,4.077
25,1,"10,3,4,6","J,5,J","hit,hit",10.0,lose,False,True,random-dfs,fixed,0.0,1.0,0.003,212,4.077
26,1,"4,6,2,K","J,6,3","hit,hit",10.0,lose,False,True,random-dfs,fixed,0.0,3.0,0.01,208,4.0
26,1,"4,6,2","J,6,K","hit,stand",10.0,win,False,False,random-dfs,fixed,0.0,2.0,0.006,208,4.0
26,1,"4,6","J,6,2",stand,10.0,lose,False,False,random-dfs,fixed,0.0,3.0,0.01,208,4.0
26,1,"4,6,2","J,6,K","double,stand",20.0,win,False,False,random-dfs,fixed,0.0,2.0,0.006,208,4.0
27,1,"2,K,2","3,7,A","double,stand",20.0,lose,False,False,random-dfs,fixed,0.5,1.0,0.003,204,3.923
27,1,"2,K","3,7,2,A,7",stand,10.0,lose,False,False,random-dfs,fixed,0.5,1.0,0.003,204,3.923
27,1,"2,K,2","3,7,A","hit,stand",10.0,lose,False,False,random-dfs,fixed,0.5,1.0,0.003,204,3.923
27,1,"2,K,2,A","3,7,7","hit,hit,stand",10.0,lose,False,False,random-dfs,fixed,0.5,1.0,0.003,204,3.923
27,1,"2,K,2,A,7","3,7,J","hit,hit,hit",10.0,lose,False,True,random-dfs,fixed,0.5,0.0,0.0,204,3.923
28,1,"2,A","7,J",stand,10.0,lose,False,False,random-dfs,fixed,0.765,-1.0,-0.003,200,3.846
28,1,"2,A,Q,Q","7,J","hit,hit",10.0,lose,False,True,random-dfs,fixed,0.765,-3.0,-0.01,200,3.846
28,1,"2,A,Q","7,J","hit,stand",10.0,lose,False,False,random-dfs,fixed,0.765,-2.0,-0.006,200,3.846
28,1,"2,A,Q","7,J","double,stand",20.0,lose,False,False,random-dfs,fixed,0.765,-2.0,-0.006,200,3.846
29,1,"Q,Q","3,6,9",stand,10.0,win,False,False,random-dfs,fixed,0.52,0.0,0.0,196,3.769
29,1,"Q,Q,9","3,6,6,Q","double,stand",20.0,lose,False,True,random-dfs,fixed,0.52,0.0,0.0,196,3.769
29,1,"Q,Q,9","3,6,6,Q",hit,10.0,lose,False,True,random-dfs,fixed,0.52,0.0,0.0,196,3.769
30,1,"9,6,A","Q,9","double,stand",20.0,lose,False,False,random-dfs,fixed,0.531,-1.0,-0.003,192,3.692
30,1,"9,6,A","Q,9","hit,stand",10.0,lose,False,False,random-dfs,fixed,0.531,-1.0,-0.003,192,3.692
30,1,"9,6,A,3,7","Q,9","hit,hit,hit",10.0,lose,False,True,random-dfs,fixed,0.531,0.0,0.0,192,3.692
30,1,"9,6,A,3","Q,9","hit,hit,stand",10.0,push,False,False,random-dfs,fixed,0.531,0.0,0.0,192,3.692
30,1,"9,6","Q,9",stand,10.0,lose,False,False,random-dfs,fixed,0.531,0.0,0.0,192,3.692
31,1,"A,3,A","7,Q","hit,stand",10.0,lose,False,False,random-dfs,fixed,0.542,-2.0,-0.006,188,3.615
31,1,"A,3,A,2","7,Q","hit,hit,stand",10.0,push,False,False,random-dfs,fixed,0.542,-1.0,-0.003,188,3.615
31,1,"A,3,A,2,3","7,Q","hit,hit,hit,stand",10.0,win,False,False,random-dfs,fixed,0.542,0.0,0.0,188,3.615
31,1,"A,3,A,2,3,4,7","7,Q","hit,hit,hit,hit,hit,stand",10.0,win,False,False,random-dfs,fixed,0.542,1.0,0.003,188,3.615
31,1,"A,3,A,2,3,4","7,Q","hit,hit,hit,hit,stand",10.0,lose,False,False,random-dfs,fixed,0.542,1.0,0.003,188,3.615
31,1,"A,3","7,Q",stand,10.0,lose,False,False,random-dfs,fixed,0.542,-1.0,-0.003,188,3.615
31,1,"A,3,A","7,Q","double,stand",20.0,lose,False,False,random-dfs,fixed,0.542,-2.0,-0.006,188,3.615
32,1,"A,2,7","3,4,6,J","double,stand",20.0,win,False,False,random-dfs,fixed,0.277,2.0,0.006,184,3.538
32,1,"A,2","3,4,7,6",stand,10.0,lose,False,False,random-dfs,fixed,0.277,3.0,0.01,184,3.538
32,1,"A,2,7","3,4,6,J","hit,stand",10.0,win,False,False,random-dfs,fixed,0.277,2.0,0.006,184,3.538
32,1,"A,2,7,6","3,4,J","hit,hit,stand",10.0,lose,False,False,random-dfs,fixed,0.277,2.0,0.006,184,3.538
32,1,"A,2,7,6,J","3,4,A","hit,hit,hit",10.0,lose,False,True,random-dfs,fixed,0.277,1.0,0.003,184,3.538
33,1,"7,6,8","J,A","hit,stand",10.0,push,False,False,random-dfs,fixed,0.848,-1.0,-0.003,180,3.462
33,1,"7,6","J,A",stand,10.0,lose,False,False,random-dfs,fixed,0.848,-1.0,-0.003,180,3.462
33,1,"7,6,8","J,A","double,stand",20.0,push,False,False,random-dfs,fixed,0.848,-1.0,-0.003,180,3.462
34,1,"8,J,Q","J,K",hit,10.0,lose,False,True,random-dfs,fixed,0.578,-4.0,-0.013,176,3.385
34,1,"8,J,Q","J,K","double,stand",20.0,lose,False,True,random-dfs,fixed,0.578,-4.0,-0.013,176,3.385
34,1,"8,J","J,K",stand,10.0,lose,False,False,random-dfs,fixed,0.578,-3.0,-0.01,176,3.385
35,1,"Q,10,10","9,5,A,6","double,stand",20.0,lose,False,True,random-dfs,fixed,-0.295,-2.0,-0.006,172,3.308
35,1,"Q,10,10","9,5,A,6",hit,10.0,lose,False,True,random-dfs,fixed,-0.295,-2.0,-0.006,172,3.308
35,1,"Q,10","9,5,10",stand,10.0,win,False,False,random-dfs,fixed,-0.295,-2.0,-0.006,172,3.308
36,1,"10,A","6,2,6,A,A,8",stand,10.0,win,True,False,random-dfs,fixed,-0.605,-1.0,-0.003,168,3.231
37,1,"6,A","A,8",stand,10.0,lose,False,False,random-dfs,fixed,-0.619,-1.0,-0.003,164,3.154
37,1,"6,A,2","A,8","double,stand",20.0,push,False,False,random-dfs,fixed,-0.619,0.0,0.0,164,3.154
37,1,"6,A,2,4","A,8","hit,hit,stand",10.0,lose,False,False,random-dfs,fixed,-0.619,1.0,0.003,164,3.154
37,1,"6,A,2,4,K","A,8","hit,hit,hit",10.0,lose,False,True,random-dfs,fixed,-0.619,0.0,0.0,164,3.154
37,1,"6,A,2","A,8","hit,stand",10.0,push,False,False,random-dfs,fixed,-0.619,0.0,0.0,164,3.154
38,1,"2,4,4,3,K","K,A","hit,hit,hit",10.0,lose,False,True,random-dfs,fixed,-0.951,1.0,0.003,160,3.077
38,1,"2,4,4,3","K,A","hit,hit,stand",10.0,lose,False,False,random-dfs,fixed,-0.951,2.0,0.006,160,3.077
38,1,"2,4,4","K,A","hit,stand",10.0,lose,False,False,random-dfs,fixed,-0.951,1.0,0.003,160,3.077
38,1,"2,4,4","K,A","double,stand",20.0,lose,False,False,random-dfs,fixed,-0.951,1.0,0.003,160,3.077
38,1,"2,4","K,A",stand,10.0,lose,False,False,random-dfs,fixed,-0.951,0.0,0.0,160,3.077
39,1,"4,3,J","K,J","hit,stand",10.0,lose,False,False,random-dfs,fixed,-0.975,-1.0,-0.003,156,3.0
39,1,"4,3,J,5","K,J","hit,hit",10.0,lose,False,True,random-dfs,fixed,-0.975,0.0,0.0,156,3.0
39,1,"4,3,J","K,J","double,stand",20.0,lose,False,False,random-dfs,fixed,-0.975,-1.0,-0.003,156,3.0
39,1,"4,3","K,J",stand,10.0,lose,False,False,random-dfs,fixed,-0.975,0.0,0.0,156,3.0
40,1,"J,5,4,A","K,A","hit,hit,stand",10.0,lose,False,False,random-dfs,fixed,-1.0,-2.0,-0.006,152,2.923
40,1,"J,5,4,A,J","K,A","hit,hit,hit",10.0,lose,False,True,random-dfs,fixed,-1.0,-3.0,-0.01,152,2.923
40,1,"J,5,4","K,A","hit,stand",10.0,lose,False,False,random-dfs,fixed,-1.0,-1.0,-0.003,152,2.923
40,1,"J,5,4","K,A","double,stand",20.0,lose,False,False,random-dfs,fixed,-1.0,-1.0,-0.003,152,2.923
40,1,"J,5","K,A",stand,10.0,lose,False,False,random-dfs,fixed,-1.0,-2.0,-0.006,152,2.923
41,1,"4,A,K","J,2,J","hit,stand",10.0,win,False,False,random-dfs,fixed,-1.711,-2.0,-0.006,148,2.846
41,1,"4,A,K,J","J,2,9","hit,hit",10.0,lose,False,True,random-dfs,fixed,-1.711,-2.0,-0.006,148,2.846
41,1,"4,A,K","J,2,J","double,stand",20.0,win,False,False,random-dfs,fixed,-1.711,-2.0,-0.006,148,2.846
41,1,"4,A","J,2,K",stand,10.0,win,False,False,random-dfs,fixed,-1.711,-1.0,-0.003,148,2.846
42,1,"K,J","9,4,A,A,2",stand,10.0,win,False,False,random-dfs,fixed,-1.757,-2.0,-0.006,144,2.769
42,1,"K,J,A","9,4,A,2,8","hit,stand",10.0,win,False,False,random-dfs,fixed,-1.757,-2.0,-0.006,144,2.769
42,1,"K,J,A","9,4,A,2,8","double,stand",20.0,win,False,False,random-dfs,fixed,-1.757,-2.0,-0.006,144,2.769
43,1,"A,A,A","2,8,9","double,stand",20.0,lose,False,False,random-dfs,fixed,-2.167,-2.0,-0.006,140,2.692
43,1,"A,A,A","2,8,9","hit,stand",10.0,lose,False,False,random-dfs,fixed,-2.167,-2.0,-0.006,140,2.692
43,1,"A,A,A,9,5","2,8,8","hit,hit,hit,stand",10.0,lose,False,False,random-dfs,fixed,-2.167,-1.0,-0.003,140,2.692
43,1,"A,A,A,9,5,8","2,8,9","hit,hit,hit,hit",10.0,lose,False,True,random-dfs,fixed,-2.167,-1.0,-0.003,140,2.692
43,1,"A,A,A,9","2,8,5,8","hit,hit,stand",10.0,win,False,False,random-dfs,fixed,-2.167,-1.0,-0.003,140,2.692
43,1,"A,A","2,8,A",stand,10.0,lose,False,False,random-dfs,fixed,-2.167,-2.0,-0.006,140,2.692
44,1,"A,9,9","5,8,8","hit,stand",10.0,lose,False,False,random-dfs,fixed,-2.6,0.0,0.0,136,2.615
44,1,"A,9,9,8","5,8,2,2","hit,hit",10.0,lose,False,True,random-dfs,fixed,-2.6,2.0,0.006,136,2.615
44,1,"A,9,9","5,8,8","double,stand",20.0,lose,False,False,random-dfs,fixed,-2.6,0.0,0.0,136,2.615
44,1,"A,9","5,8,9",stand,10.0,win,False,False,random-dfs,fixed,-2.6,0.0,0.0,136,2.615
45,1,"9,8,8","2,2,A,7,7",hit,10.0,lose,False,True,random-dfs,fixed,-2.676,1.0,0.003,132,2.538
45,1,"9,8","2,2,8,A,7",stand,10.0,lose,False,False,random-dfs,fixed,-2.676,1.0,0.003,132,2.538
45,1,"9,8,8","2,2,A,7,7","double,stand",20.0,lose,False,True,random-dfs,fixed,-2.676,1.0,0.003,132,2.538
46,1,"8,A,7","7,7,7","double,stand",20.0,lose,False,False,random-dfs,fixed,-1.97,-1.0,-0.003,128,2.462
46,1,"8,A,7,7","7,7,Q","hit,hit",10.0,lose,False,True,random-dfs,fixed,-1.97,-2.0,-0.006,128,2.462
46,1,"8,A,7","7,7,7","hit,stand",10.0,lose,False,False,random-dfs,fixed,-1.97,-1.0,-0.003,128,2.462
46,1,"8,A","7,7,7",stand,10.0,lose,False,False,random-dfs,fixed,-1.97,-1.0,-0.003,128,2.462
47,1,"7,7,9","Q,J",hit,10.0,lose,False,True,random-dfs,fixed,-2.438,-2.0,-0.006,124,2.385
47,1,"7,7,9","Q,J","double,stand",20.0,lose,False,True,random-dfs,fixed,-2.438,-2.0,-0.006,124,2.385
47,1,"7,7","Q,J",stand,10.0,lose,False,False,random-dfs,fixed,-2.438,-2.0,-0.006,124,2.385
48,1,"9,K,7","J,K","double,stand",20.0,lose,False,True,random-dfs,fixed,-3.355,-3.0,-0.01,120,2.308
48,1,"9,K","J,K",stand,10.0,lose,False,False,random-dfs,fixed,-3.355,-3.0,-0.01,120,2.308
48,1,"9,K,7","J,K",hit,10.0,lose,False,True,random-dfs,fixed,-3.355,-3.0,-0.01,120,2.308
49,1,"7,4","4,10,6",stand,10.0,lose,False,False,random-dfs,fixed,-4.767,2.0,0.006,116,2.231
49,1,"7,4,6,J","4,10,2,7","hit,hit",10.0,lose,False,True,random-dfs,fixed,-4.767,2.0,0.006,116,2.231
49,1,"7,4,6","4,10,J","hit,stand",10.0,win,False,False,random-dfs,fixed,-4.767,1.0,0.003,116,2.231
49,1,"7,4,6","4,10,J","double,stand",20.0,win,False,False,random-dfs,fixed,-4.767,1.0,0.003,116,2.231
50,1,"6,J","2,7,9",stand,10.0,lose,False,False,random-dfs,fixed,-4.483,1.0,0.003,112,2.154
50,1,"6,J,9","2,7,5,6","double,stand",20.0,lose,False,True,random-dfs,fixed,-4.483,3.0,0.01,112,2.154
50,1,"6,J,9","2,7,5,6",hit,10.0,lose,False,True,random-dfs,fixed,-4.483,3.0,0.01,112,2.154
51,1,"9,5,6","6,9,2","double,stand",20.0,win,False,False,random-dfs,fixed,-4.179,4.0,0.013,108,2.077
51,1,"9,5","6,9,6",stand,10.0,lose,False,False,random-dfs,fixed,-4.179,3.0,0.01,108,2.077
51,1,"9,5,6","6,9,2","hit,stand",10.0,win,False,False,random-dfs,fixed,-4.179,4.0,0.013,108,2.077
51,1,"9,5,6,2","6,9,K","hit,hit",10.0,lose,False,True,random-dfs,fixed,-4.179,3.0,0.01,108,2.077
52,1,"6,2,4","K,5,8","hit,stand",10.0,win,False,False,random-dfs,fixed,-3.37,3.0,0.01,104,2.0
52,1,"6,2,4,8,Q","K,5,5","hit,hit,hit",10.0,lose,False,True,random-dfs,fixed,-3.37,3.0,0.01,104,2.0
52,1,"6,2,4,8","K,5,Q","hit,hit,stand",10.0,win,False,False,random-dfs,fixed,-3.37,2.0,0.006,104,2.0
52,1,"6,2,4","K,5,8","double,stand",20.0,win,False,False,random-dfs,fixed,-3.37,3.0,0.01,104,2.0
52,1,"6,2","K,5,4",stand,10.0,lose,False,False,random-dfs,fixed,-3.37,3.0,0.01,104,2.0
53,1,"4,8","Q,5,5",stand,10.0,lose,False,False,random-dfs,fixed,-2.5,2.0,0.006,100,1.923
53,1,"4,8,5","Q,5,2","hit,stand",10.0,push,False,False,random-dfs,fixed,-2.5,3.0,0.01,100,1.923
53,1,"4,8,5,2","Q,5,J","hit,hit,stand",10.0,win,False,False,random-dfs,fixed,-2.5,2.0,0.006,100,1.923
53,1,"4,8,5,2,J","Q,5,2","hit,hit,hit",10.0,lose,False,True,random-dfs,fixed,-2.5,3.0,0.01,100,1.923
53,1,"4,8,5","Q,5,2","double,stand",20.0,push,False,False,random-dfs,fixed,-2.5,3.0,0.01,100,1.923
54,1,"5,2,2,6,3,10","J,2,K","hit,hit,hit,hit",10.0,lose,False,True,random-dfs,fixed,-2.08,3.0,0.01,96,1.846
54,1,"5,2,2,6,3","J,2,10","hit,hit,hit,stand",10.0,win,False,False,random-dfs,fixed,-2.08,4.0,0.013,96,1.846
54,1,"5,2,2,6","J,2,3,10","hit,hit,stand",10.0,win,False,False,random-dfs,fixed,-2.08,4.0,0.013,96,1.846
54,1,"5,2,2","J,2,6","hit,stand",10.0,lose,False,False,random-dfs,fixed,-2.08,4.0,0.013,96,1.846
54,1,"5,2,2","J,2,6","double,stand",20.0,lose,False,False,random-dfs,fixed,-2.08,4.0,0.013,96,1.846
54,1,"5,2","J,2,2,6",stand,10.0,lose,False,False,random-dfs,fixed,-2.08,4.0,0.013,96,1.846
55,1,"2,6","3,10,K",stand,10.0,win,False,False,random-dfs,fixed,-1.083,1.0,0.003,92,1.769
55,1,"2,6,K,5","3,10,K","hit,hit",10.0,lose,False,True,random-dfs,fixed,-1.083,1.0,0.003,92,1.769
55,1,"2,6,K","3,10,5","hit,stand",10.0,push,False,False,random-dfs,fixed,-1.083,2.0,0.006,92,1.769
55,1,"2,6,K","3,10,5","double,stand",20.0,push,False,False,random-dfs,fixed,-1.083,2.0,0.006,92,1.769
56,1,"K,5,Q","K,7","double,stand",20.0,lose,False,True,random-dfs,fixed,0.0,-2.0,-0.006,88,1.692
56,1,"K,5","K,7",stand,10.0,lose,False,False,random-dfs,fixed,0.0,-1.0,-0.003,88,1.692
56,1,"K,5,Q","K,7",hit,10.0,lose,False,True,random-dfs,fixed,0.0,-2.0,-0.006,88,1.692
57,1,"Q,5","9,6,10",stand,10.0,win,False,False,random-dfs,fixed,-0.591,0.0,0.0,84,1.615
57,1,"Q,5,10","9,6,6","double,stand",20.0,lose,False,True,random-dfs,fixed,-0.591,1.0,0.003,84,1.615
57,1,"Q,5,10","9,6,6",hit,10.0,lose,False,True,random-dfs,fixed,-0.591,1.0,0.003,84,1.615
58,1,"10,6,8","9,5,7","double,stand",20.0,lose,False,True,random-dfs,fixed,0.0,1.0,0.003,80,1.538
58,1,"10,6,8","9,5,7",hit,10.0,lose,False,True,random-dfs,fixed,0.0,1.0,0.003,80,1.538
58,1,"10,6","9,5,8",stand,10.0,win,False,False,random-dfs,fixed,0.0,1.0,0.003,80,1.538
59,1,"8,7,10","K,10",hit,10.0,lose,False,True,random-dfs,fixed,0.65,-3.0,-0.01,76,1.462
59,1,"8,7,10","K,10","double,stand",20.0,lose,False,True,random-dfs,fixed,0.65,-3.0,-0.01,76,1.462
59,1,"8,7","K,10",stand,10.0,lose,False,False,random-dfs,fixed,0.65,-2.0,-0.006,76,1.462
60,1,"Q,9","9,6,3",stand,10.0,win,False,False,random-dfs,fixed,0.0,1.0,0.003,308,5.923
60,1,"Q,9,3","9,6,7","double,stand",20.0,lose,False,True,random-dfs,fixed,0.0,1.0,0.003,308,5.923
60,1,"Q,9,3","9,6,7",hit,10.0,lose,False,True,random-dfs,fixed,0.0,1.0,0.003,308,5.923
61,1,"3,7","6,K,7",stand,10.0,win,False,False,random-dfs,fixed,0.0,1.0,0.003,304,5.846
61,1,"3,7,7","6,K,3","double,stand",20.0,lose,False,False,random-dfs,fixed,0.0,2.0,0.006,304,5.846
61,1,"3,7,7,3,2","6,K,5","hit,hit,hit",10.0,lose,False,True,random-dfs,fixed,0.0,4.0,0.013,304,5.846
61,1,"3,7,7,3","6,K,2","hit,hit,stand",10.0,win,False,False,random-dfs,fixed,0.0,3.0,0.01,304,5.846
61,1,"3,7,7","6,K,3","hit,stand",10.0,lose,False,False,random-dfs,fixed,0.0,2.0,0.006,304,5.846
62,1,"7,3,Q,Q","2,5,6,3,3","hit,hit",10.0,lose,False,True,random-dfs,fixed,0.171,4.0,0.013,300,5.769
62,1,"7,3,Q","2,5,Q","hit,stand",10.0,win,False,False,random-dfs,fixed,0.171,1.0,0.003,300,5.769
62,1,"7,3","2,5,Q",stand,10.0,lose,False,False,random-dfs,fixed,0.171,2.0,0.006,300,5.769
62,1,"7,3,Q","2,5,Q","double,stand",20.0,win,False,False,random-dfs,fixed,0.171,1.0,0.003,300,5.769
63,1,"Q,Q,3","6,3,3,K","double,stand",20.0,lose,False,True,random-dfs,fixed,0.693,1.0,0.003,296,5.692
63,1,"Q,Q,3","6,3,3,K",hit,10.0,lose,False,True,random-dfs,fixed,0.693,1.0,0.003,296,5.692
63,1,"Q,Q","6,3,3,3,K",stand,10.0,win,False,False,random-dfs,fixed,0.693,1.0,0.003,296,5.692
64,1,"3,3,2","K,4,A,10","double,stand",20.0,win,False,False,random-dfs,fixed,0.703,1.0,0.003,292,5.615
64,1,"3,3,2,A,10","K,4,9","hit,hit,hit,stand",10.0,win,False,False,random-dfs,fixed,0.703,1.0,0.003,292,5.615
64,1,"3,3,2,A,10,9","K,4,A,J","hit,hit,hit,hit",10.0,lose,False,True,random-dfs,fixed,0.703,-1.0,-0.003,292,5.615
64,1,"3,3,2,A","K,4,10","hit,hit,stand",10.0,win,False,False,random-dfs,fixed,0.703,1.0,0.003,292,5.615
64,1,"3,3,2","K,4,A,10","hit,stand",10.0,win,False,False,random-dfs,fixed,0.703,1.0,0.003,292,5.615
64,1,"3,3","K,4,2,A",stand,10.0,lose,False,False,random-dfs,fixed,0.703,2.0,0.006,292,5.615
65,1,"2,A,A","10,9","hit,stand",10.0,lose,False,False,random-dfs,fixed,1.068,-2.0,-0.006,288,5.538
65,1,"2,A,A,J,A,8","10,9","hit,hit,hit,hit",10.0,lose,False,True,random-dfs,fixed,1.068,-4.0,-0.013,288,5.538
65,1,"2,A,A,J,A","10,9","hit,hit,hit,stand",10.0,lose,False,False,random-dfs,fixed,1.068,-4.0,-0.013,288,5.538
65,1,"2,A,A,J","10,9","hit,hit,stand",10.0,lose,False,False,random-dfs,fixed,1.068,-3.0,-0.01,288,5.538
65,1,"2,A","10,9",stand,10.0,lose,False,False,random-dfs,fixed,1.068,-1.0,-0.003,288,5.538
65,1,"2,A,A","10,9","double,stand",20.0,lose,False,False,random-dfs,fixed,1.068,-2.0,-0.006,288,5.538
66,1,"A,J","A,8",stand,10.0,win,True,False,random-dfs,fixed,0.903,-3.0,-0.01,284,5.462
67,1,"Q,J","5,5,5,K",stand,10.0,win,False,False,random-dfs,fixed,0.366,0.0,0.0,280,5.385
67,1,"Q,J,5","5,5,K",hit,10.0,lose,False,True,random-dfs,fixed,0.366,0.0,0.0,280,5.385
67,1,"Q,J,5","5,5,K","double,stand",20.0,lose,False,True,random-dfs,fixed,0.366,0.0,0.0,280,5.385
68,1,"5,K,8","10,5,10",hit,10.0,lose,False,True,random-dfs,fixed,0.371,-1.0,-0.003,276,5.308
68,1,"5,K,8","10,5,10","double,stand",20.0,lose,False,True,random-dfs,fixed,0.371,-1.0,-0.003,276,5.308
68,1,"5,K","10,5,8",stand,10.0,win,False,False,random-dfs,fixed,0.371,0.0,0.0,276,5.308
69,1,"8,10","3,8,3,J",stand,10.0,win,False,False,random-dfs,fixed,0.377,0.0,0.0,272,5.231
69,1,"8,10,3","3,8,J","double,stand",20.0,push,False,False,random-dfs,fixed,0.377,0.0,0.0,272,5.231
69,1,"8,10,3","3,8,J","hit,stand",10.0,push,False,False,random-dfs,fixed,0.377,0.0,0.0,272,5.231
70,1,"3,J","J,5,7",stand,10.0,win,False,False,random-dfs,fixed,0.382,0.0,0.0,268,5.154
70,1,"3,J,7","J,5,A,3","hit,stand",10.0,win,False,False,random-dfs,fixed,0.382,0.0,0.0,268,5.154
70,1,"3,J,7,A","J,5,3","hit,hit,stand",10.0,win,False,False,random-dfs,fixed,0.382,0.0,0.0,268,5.154
70,1,"3,J,7","J,5,A,3","double,stand",20.0,win,False,False,random-dfs,fixed,0.382,0.0,0.0,268,5.154
71,1,"7,A","3,A,2,Q,10",stand,10.0,win,False,False,random-dfs,fixed,0.388,-2.0,-0.006,264,5.077
71,1,"7,A,2,Q,10","3,A,K,8","hit,hit,hit",10.0,lose,False,True,random-dfs,fixed,0.388,-3.0,-0.01,264,5.077
71,1,"7,A,2,Q","3,A,10,K","hit,hit,stand",10.0,win,False,False,random-dfs,fixed,0.388,-3.0,-0.01,264,5.077
71,1,"7,A,2","3,A,Q,10","hit,stand",10.0,win,False,False,random-dfs,fixed,0.388,-2.0,-0.006,264,5.077
71,1,"7,A,2","3,A,Q,10","double,stand",20.0,win,False,False,random-dfs,fixed,0.388,-2.0,-0.006,264,5.077
72,1,"2,Q,8,3","10,K","hit,hit",10.0,lose,False,True,random-dfs,fixed,0.197,-1.0,-0.003,260,5.0
72,1,"2,Q,8","10,K","hit,stand",10.0,push,False,False,random-dfs,fixed,0.197,-2.0,-0.006,260,5.0
72,1,"2,Q,8","10,K","double,stand",20.0,push,False,False,random-dfs,fixed,0.197,-2.0,-0.006,260,5.0
72,1,"2,Q","10,K",stand,10.0,lose,False,False,random-dfs,fixed,0.197,-2.0,-0.006,260,5.0
73,1,"8,3","3,8,Q",stand,10.0,lose,False,False,random-dfs,fixed,-0.2,1.0,0.003,256,4.923
73,1,"8,3,Q","3,8,K","hit,stand",10.0,push,False,False,random-dfs,fixed,-0.2,0.0,0.0,256,4.923
73,1,"8,3,Q","3,8,K","double,stand",20.0,push,False,False,random-dfs,fixed,-0.2,0.0,0.0,256,4.923
74,1,"Q,K,10","8,Q","double,stand",20.0,lose,False,True,random-dfs,fixed,0.203,-4.0,-0.013,252,4.846
74,1,"Q,K","8,Q",stand,10.0,win,False,False,random-dfs,fixed,0.203,-3.0,-0.01,252,4.846
74,1,"Q,K,10","8,Q",hit,10.0,lose,False,True,random-dfs,fixed,0.203,-4.0,-0.013,252,4.846
75,1,"10,K,7","J,K",hit,10.0,lose,False,True,random-dfs,fixed,-0.413,-4.0,-0.013,248,4.769
75,1,"10,K,7","J,K","double,stand",20.0,lose,False,True,random-dfs,fixed,-0.413,-4.0,-0.013,248,4.769
75,1,"10,K","J,K",stand,10.0,push,False,False,random-dfs,fixed,-0.413,-4.0,-0.013,248,4.769
76,1,"7,K","J,8",stand,10.0,lose,False,False,random-dfs,fixed,-1.258,-2.0,-0.006,244,4.692
76,1,"7,K,3","J,8","hit,stand",10.0,win,False,False,random-dfs,fixed,-1.258,-1.0,-0.003,244,4.692
76,1,"7,K,3,10","J,8","hit,hit",10.0,lose,False,True,random-dfs,fixed,-1.258,-2.0,-0.006,244,4.692
76,1,"7,K,3","J,8","double,stand",20.0,win,False,False,random-dfs,fixed,-1.258,-1.0,-0.003,244,4.692
77,1,"3,10","J,5,4",stand,10.0,lose,False,False,random-dfs,fixed,-1.705,1.0,0.003,240,4.615
77,1,"3,10,4,8","J,5,A,5","hit,hit",10.0,lose,False,True,random-dfs,fixed,-1.705,1.0,0.003,240,4.615
77,1,"3,10,4","J,5,8","hit,stand",10.0,win,False,False,random-dfs,fixed,-1.705,1.0,0.003,240,4.615
77,1,"3,10,4","J,5,8","double,stand",20.0,win,False,False,random-dfs,fixed,-1.705,1.0,0.003,240,4.615
78,1,"4,8,A","A,5,8,6","hit,stand",10.0,lose,False,False,random-dfs,fixed,-1.733,1.0,0.003,236,4.538
78,1,"4,8,A,8","A,5,6,K","hit,hit,stand",10.0,win,False,False,random-dfs,fixed,-1.733,0.0,0.0,236,4.538
78,1,"4,8,A","A,5,8,6","double,stand",20.0,lose,False,False,random-dfs,fixed,-1.733,1.0,0.003,236,4.538
78,1,"4,8","A,5,A",stand,10.0,lose,False,False,random-dfs,fixed,-1.733,0.0,0.0,236,4.538
79,1,"A,8","6,K,6",stand,10.0,win,False,False,random-dfs,fixed,-1.542,0.0,0.0,232,4.462
79,1,"A,8,6","6,K,6","double,stand",20.0,win,False,False,random-dfs,fixed,-1.542,1.0,0.003,232,4.462
79,1,"A,8,6,6","6,K,2","hit,hit,stand",10.0,win,False,False,random-dfs,fixed,-1.542,2.0,0.006,232,4.462
79,1,"A,8,6","6,K,6","hit,stand",10.0,win,False,False,random-dfs,fixed,-1.542,1.0,0.003,232,4.462
80,1,"6,6","2,K,K",stand,10.0,win,False,False,random-dfs,fixed,-1.793,1.0,0.003,228,4.385
80,1,"6,6,K","2,K,Q","double,stand",20.0,lose,False,True,random-dfs,fixed,-1.793,0.0,0.0,228,4.385
80,1,"6,6,K","2,K,Q",hit,10.0,lose,False,True,random-dfs,fixed,-1.793,0.0,0.0,228,4.385
81,1,"K,Q","7,Q",stand,10.0,win,False,False,random-dfs,fixed,-1.368,-3.0,-0.01,224,4.308
81,1,"K,Q,Q","7,Q","double,stand",20.0,lose,False,True,random-dfs,fixed,-1.368,-4.0,-0.013,224,4.308
81,1,"K,Q,Q","7,Q",hit,10.0,lose,False,True,random-dfs,fixed,-1.368,-4.0,-0.013,224,4.308
82,1,"Q,J","J,A",stand,10.0,lose,False,False,random-dfs,fixed,-2.089,-4.0,-0.013,220,4.231
82,1,"Q,J,3","J,A","double,stand",20.0,lose,False,True,random-dfs,fixed,-2.089,-3.0,-0.01,220,4.231
82,1,"Q,J,3","J,A",hit,10.0,lose,False,True,random-dfs,fixed,-2.089,-3.0,-0.01,220,4.231
83,1,"3,4,4","4,K,4","hit,stand",10.0,lose,False,False,random-dfs,fixed,-3.073,4.0,0.013,216,4.154
83,1,"3,4,4,4,10","4,K,6","hit,hit,hit",10.0,lose,False,True,random-dfs,fixed,-3.073,4.0,0.013,216,4.154
83,1,"3,4,4,4","4,K,10","hit,hit,stand",10.0,win,False,False,random-dfs,fixed,-3.073,3.0,0.01,216,4.154
83,1,"3,4","4,K,4",stand,10.0,lose,False,False,random-dfs,fixed,-3.073,3.0,0.01,216,4.154
83,1,"3,4,4","4,K,4","double,stand",20.0,lose,False,False,random-dfs,fixed,-3.073,4.0,0.013,216,4.154
84,1,"4,4,J","10,6,2","hit,stand",10.0,push,False,False,random-dfs,fixed,-2.648,2.0,0.006,212,4.077
84,1,"4,4,J,2","10,6,4","hit,hit,stand",10.0,push,False,False,random-dfs,fixed,-2.648,3.0,0.01,212,4.077
84,1,"4,4,J,2,4","10,6,Q","hit,hit,hit",10.0,lose,False,True,random-dfs,fixed,-2.648,2.0,0.006,212,4.077
84,1,"4,4","10,6,J",stand,10.0,win,False,False,random-dfs,fixed,-2.648,1.0,0.003,212,4.077
84,1,"4,4,J","10,6,2","double,stand",20.0,push,False,False,random-dfs,fixed,-2.648,2.0,0.006,212,4.077
85,1,"J,2","4,Q,Q",stand,10.0,win,False,False,random-dfs,fixed,-2.208,-1.0,-0.003,208,4.0
85,1,"J,2,Q","4,Q,2,3",hit,10.0,lose,False,True,random-dfs,fixed,-2.208,1.0,0.003,208,4.0
85,1,"J,2,Q","4,Q,2,3","double,stand",20.0,lose,False,True,random-dfs,fixed,-2.208,1.0,0.003,208,4.0
86,1,"Q,2,A","3,10,4","hit,stand",10.0,lose,False,False,random-dfs,fixed,-2.25,0.0,0.0,204,3.923
86,1,"Q,2,A,4,9","3,10,K","hit,hit,hit",10.0,lose,False,True,random-dfs,fixed,-2.25,-1.0,-0.003,204,3.923
86,1,"Q,2,A,4","3,10,9","hit,hit,stand",10.0,win,False,False,random-dfs,fixed,-2.25,0.0,0.0,204,3.923
86,1,"Q,2","3,10,A,4",stand,10.0,lose,False,False,random-dfs,fixed,-2.25,0.0,0.0,204,3.923
86,1,"Q,2,A","3,10,4","double,stand",20.0,lose,False,False,random-dfs,fixed,-2.25,0.0,0.0,204,3.923
87,1,"A,4,7","9,K","hit,stand",10.0,lose,False,False,random-dfs,fixed,-2.294,-1.0,-0.003,200,3.846
87,1,"A,4,7,7,4","9,K","hit,hit,hit",10.0,lose,False,True,random-dfs,fixed,-2.294,0.0,0.0,200,3.846
87,1,"A,4,7,7","9,K","hit,hit,stand",10.0,push,False,False,random-dfs,fixed,-2.294,-1.0,-0.003,200,3.846
87,1,"A,4,7","9,K","double,stand",20.0,lose,False,False,random-dfs,fixed,-2.294,-1.0,-0.003,200,3.846
87,1,"A,4","9,K",stand,10.0,lose,False,False,random-dfs,fixed,-2.294,-1.0,-0.003,200,3.846
88,1,"7,7,9","4,J,4",hit,10.0,lose,False,True,random-dfs,fixed,-2.6,1.0,0.003,196,3.769
88,1,"7,7,9","4,J,4","double,stand",20.0,lose,False,True,random-dfs,fixed,-2.6,1.0,0.003,196,3.769
88,1,"7,7","4,J,9",stand,10.0,win,False,False,random-dfs,fixed,-2.6,0.0,0.0,196,3.769
89,1,"9,4,4","2,A,6","double,stand",20.0,lose,False,False,random-dfs,fixed,-2.653,3.0,0.01,192,3.692
89,1,"9,4","2,A,4",stand,10.0,lose,False,False,random-dfs,fixed,-2.653,2.0,0.006,192,3.692
89,1,"9,4,4","2,A,6","hit,stand",10.0,lose,False,False,random-dfs,fixed,-2.653,3.0,0.01,192,3.692
89,1,"9,4,4,6","2,A,10,J","hit,hit",10.0,lose,False,True,random-dfs,fixed,-2.653,1.0,0.003,192,3.692
90,1,"4,6","10,J",stand,10.0,lose,False,False,random-dfs,fixed,-2.438,0.0,0.0,188,3.615
90,1,"4,6,3,J","10,J","hit,hit",10.0,lose,False,True,random-dfs,fixed,-2.438,0.0,0.0,188,3.615
90,1,"4,6,3","10,J","hit,stand",10.0,lose,False,False,random-dfs,fixed,-2.438,1.0,0.003,188,3.615
90,1,"4,6,3","10,J","double,stand",20.0,lose,False,False,random-dfs,fixed,-2.438,1.0,0.003,188,3.615
91,1,"3,J","J,K",stand,10.0,lose,False,False,random-dfs,fixed,-2.489,-2.0,-0.006,184,3.538
91,1,"3,J,J","J,K",hit,10.0,lose,False,True,random-dfs,fixed,-2.489,-3.0,-0.01,184,3.538
91,1,"3,J,J","J,K","double,stand",20.0,lose,False,True,random-dfs,fixed,-2.489,-3.0,-0.01,184,3.538
92,1,"J,Q,7","4,9,6","double,stand",20.0,lose,False,True,random-dfs,fixed,-3.109,0.0,0.0,180,3.462
92,1,"J,Q,7","4,9,6",hit,10.0,lose,False,True,random-dfs,fixed,-3.109,0.0,0.0,180,3.462
92,1,"J,Q","4,9,7",stand,10.0,push,False,False,random-dfs,fixed,-3.109,-1.0,-0.003,180,3.462
93,1,"7,6,5","8,7,9","double,stand",20.0,win,False,False,random-dfs,fixed,-3.467,2.0,0.006,176,3.385
93,1,"7,6,5,9","8,7,5","hit,hit",10.0,lose,False,True,random-dfs,fixed,-3.467,3.0,0.01,176,3.385
93,1,"7,6,5","8,7,9","hit,stand",10.0,win,False,False,random-dfs,fixed,-3.467,2.0,0.006,176,3.385
93,1,"7,6","8,7,5",stand,10.0,lose,False,False,random-dfs,fixed,-3.467,2.0,0.006,176,3.385
94,1,"5,9","5,A,2",stand,10.0,lose,False,False,random-dfs,fixed,-3.25,2.0,0.006,172,3.308
94,1,"5,9,2","5,A,4","double,stand",20.0,lose,False,False,random-dfs,fixed,-3.25,3.0,0.01,172,3.308
94,1,"5,9,2","5,A,4","hit,stand",10.0,lose,False,False,random-dfs,fixed,-3.25,3.0,0.01,172,3.308
94,1,"5,9,2,4","5,A,3","hit,hit,stand",10.0,win,False,False,random-dfs,fixed,-3.25,4.0,0.013,172,3.308
94,1,"5,9,2,4,3","5,A,2","hit,hit,hit",10.0,lose,False,True,random-dfs,fixed,-3.25,5.0,0.016,172,3.308
95,1,"2,4,7,2,3","3,2,4,Q","hit,hit,hit,stand",10.0,lose,False,False,random-dfs,fixed,-3.023,6.0,0.019,168,3.231
95,1,"2,4,7,2,3,4","3,2,Q,Q","hit,hit,hit,hit",10.0,lose,False,True,random-dfs,fixed,-3.023,5.0,0.016,168,3.231
95,1,"2,4,7,2","3,2,3,4,Q","hit,hit,stand",10.0,win,False,False,random-dfs,fixed,-3.023,6.0,0.019,168,3.231
95,1,"2,4,7","3,2,2,3,4,Q","hit,stand",10.0,win,False,False,random-dfs,fixed,-3.023,6.0,0.019,168,3.231
95,1,"2,4","3,2,7,2,3",stand,10.0,lose,False,False,random-dfs,fixed,-3.023,6.0,0.019,168,3.231
95,1,"2,4,7","3,2,2,3,4,Q","double,stand",20.0,win,False,False,random-dfs,fixed,-3.023,6.0,0.019,168,3.231
96,1,"7,2","3,4,Q",stand,10.0,lose,False,False,random-dfs,fixed,-1.857,2.0,0.006,164,3.154
96,1,"7,2,Q","3,4,Q","hit,stand",10.0,win,False,False,random-dfs,fixed,-1.857,1.0,0.003,164,3.154
96,1,"7,2,Q,Q","3,4,A","hit,hit",10.0,lose,False,True,random-dfs,fixed,-1.857,0.0,0.0,164,3.154
96,1,"7,2,Q","3,4,Q","double,stand",20.0,win,False,False,random-dfs,fixed,-1.857,1.0,0.003,164,3.154
97,1,"Q,Q","A,8",stand,10.0,win,False,False,random-dfs,fixed,-0.951,-3.0,-0.01,160,3.077
97,1,"Q,Q,7","A,8",hit,10.0,lose,False,True,random-dfs,fixed,-0.951,-3.0,-0.01,160,3.077
97,1,"Q,Q,7","A,8","double,stand",20.0,lose,False,True,random-dfs,fixed,-0.951,-3.0,-0.01,160,3.077
98,1,"7,6,10","9,9","double,stand",20.0,lose,False,True,random-dfs,fixed,-1.95,0.0,0.0,156,3.0
98,1,"7,6,10","9,9",hit,10.0,lose,False,True,random-dfs,fixed,-1.95,0.0,0.0,156,3.0
98,1,"7,6","9,9",stand,10.0,lose,False,False,random-dfs,fixed,-1.95,1.0,0.003,156,3.0
99,1,"10,4","4,A,7,2,9",stand,10.0,win,False,False,random-dfs,fixed,-1.667,1.0,0.003,152,2.923
99,1,"10,4,7","4,A,2","hit,stand",10.0,win,False,False,random-dfs,fixed,-1.667,1.0,0.003,152,2.923
99,1,"10,4,7","4,A,2","double,stand",20.0,win,False,False,random-dfs,fixed,-1.667,1.0,0.003,152,2.923
100,1,"7,2,8,6","9,A","hit,hit",10.0,lose,False,True,random-dfs,fixed,-1.711,1.0,0.003,148,2.846
100,1,"7,2,8","9,A","hit,stand",10.0,lose,False,False,random-dfs,fixed,-1.711,0.0,0.0,148,2.846
100,1,"7,2,8","9,A","double,stand",20.0,lose,False,False,random-dfs,fixed,-1.711,0.0,0.0,148,2.846
100,1,"7,2","9,A",stand,10.0,lose,False,False,random-dfs,fixed,-1.711,0.0,0.0,148,2.846
101,1,"8,6,A","10,6,J","double,stand",20.0,win,False,False,random-dfs,fixed,-1.757,-1.0,-0.003,144,2.769
101,1,"8,6","10,6,A",stand,10.0,lose,False,False,random-dfs,fixed,-1.757,0.0,0.0,144,2.769
101,1,"8,6,A,J","10,6,5","hit,hit",10.0,lose,False,True,random-dfs,fixed,-1.757,0.0,0.0,144,2.769
101,1,"8,6,A","10,6,J","hit,stand",10.0,win,False,False,random-dfs,fixed,-1.757,-1.0,-0.003,144,2.769
102,1,"A,J","5,2,10",stand,10.0,win,True,False,random-dfs,fixed,-1.444,-1.0,-0.003,140,2.692
103,1,"10,8","4,8,Q",stand,10.0,win,False,False,random-dfs,fixed,-1.486,-1.0,-0.003,136,2.615
103,1,"10,8,Q","4,8,10",hit,10.0,lose,False,True,random-dfs,fixed,-1.486,-2.0,-0.006,136,2.615
103,1,"10,8,Q","4,8,10","double,stand",20.0,lose,False,True,random-dfs,fixed,-1.486,-2.0,-0.006,136,2.615
104,1,"Q,10,9","3,J,5","double,stand",20.0,lose,False,True,random-dfs,fixed,-1.529,-1.0,-0.003,132,2.538
104,1,"Q,10","3,J,9",stand,10.0,win,False,False,random-dfs,fixed,-1.529,-2.0,-0.006,132,2.538
104,1,"Q,10,9","3,J,5",hit,10.0,lose,False,True,random-dfs,fixed,-1.529,-1.0,-0.003,132,2.538
105,1,"9,5","K,K",stand,10.0,lose,False,False,random-dfs,fixed,-2.364,-1.0,-0.003,128,2.462
105,1,"9,5,8","K,K","double,stand",20.0,lose,False,True,random-dfs,fixed,-2.364,-1.0,-0.003,128,2.462
105,1,"9,5,8","K,K",hit,10.0,lose,False,True,random-dfs,fixed,-2.364,-1.0,-0.003,128,2.462
106,1,"8,J,7","6,2,2,7",hit,10.0,lose,False,True,random-dfs,fixed,-2.844,2.0,0.006,124,2.385
106,1,"8,J","6,2,7,2",stand,10.0,win,False,False,random-dfs,fixed,-2.844,2.0,0.006,124,2.385
106,1,"8,J,7","6,2,2,7","double,stand",20.0,lose,False,True,random-dfs,fixed,-2.844,2.0,0.006,124,2.385
107,1,"7,2","7,4,Q",stand,10.0,lose,False,False,random-dfs,fixed,-2.516,1.0,0.003,120,2.308
107,1,"7,2,Q","7,4,8","double,stand",20.0,push,False,False,random-dfs,fixed,-2.516,1.0,0.003,120,2.308
107,1,"7,2,Q,8","7,4,10","hit,hit",10.0,lose,False,True,random-dfs,fixed,-2.516,0.0,0.0,120,2.308
107,1,"7,2,Q","7,4,8","hit,stand",10.0,push,False,False,random-dfs,fixed,-2.516,1.0,0.003,120,2.308
108,1,"Q,8","10,K",stand,10.0,lose,False,False,random-dfs,fixed,-1.733,-3.0,-0.01,116,2.231
108,1,"Q,8,Q","10,K","double,stand",20.0,lose,False,True,random-dfs,fixed,-1.733,-4.0,-0.013,116,2.231
108,1,"Q,8,Q","10,K",hit,10.0,lose,False,True,random-dfs,fixed,-1.733,-4.0,-0.013,116,2.231
109,1,"Q,10,3","2,2,Q,10","double,stand",20.0,lose,False,True,random-dfs,fixed,-3.138,-1.0,-0.003,112,2.154
109,1,"Q,10,3","2,2,Q,10",hit,10.0,lose,False,True,random-dfs,fixed,-3.138,-1.0,-0.003,112,2.154
109,1,"Q,10","2,2,3,Q",stand,10.0,win,False,False,random-dfs,fixed,-3.138,0.0,0.0,112,2.154
110,1,"3,Q","10,8",stand,10.0,lose,False,False,random-dfs,fixed,-3.25,-1.0,-0.003,108,2.077
110,1,"3,Q,7","10,8","hit,stand",10.0,win,False,False,random-dfs,fixed,-3.25,-1.0,-0.003,108,2.077
110,1,"3,Q,7,6","10,8","hit,hit",10.0,lose,False,True,random-dfs,fixed,-3.25,0.0,0.0,108,2.077
110,1,"3,Q,7","10,8","double,stand",20.0,win,False,False,random-dfs,fixed,-3.25,-1.0,-0.003,108,2.077
111,1,"7,6,3","J,5,10","hit,stand",10.0,win,False,False,random-dfs,fixed,-3.852,1.0,0.003,104,2.0
111,1,"7,6,3,10","J,5,9","hit,hit",10.0,lose,False,True,random-dfs,fixed,-3.852,1.0,0.003,104,2.0
111,1,"7,6,3","J,5,10","double,stand",20.0,win,False,False,random-dfs,fixed,-3.852,1.0,0.003,104,2.0
111,1,"7,6","J,5,3",stand,10.0,lose,False,False,random-dfs,fixed,-3.852,2.0,0.006,104,2.0
112,1,"3,10","9,4,2,3",stand,10.0,lose,False,False,random-dfs,fixed,-3.5,3.0,0.01,100,1.923
112,1,"3,10,2","9,4,3,J","hit,stand",10.0,win,False,False,random-dfs,fixed,-3.5,2.0,0.006,100,1.923
112,1,"3,10,2,3","9,4,J","hit,hit,stand",10.0,win,False,False,random-dfs,fixed,-3.5,2.0,0.006,100,1.923
112,1,"3,10,2,3,J","9,4,3,9","hit,hit,hit",10.0,lose,False,True,random-dfs,fixed,-3.5,3.0,0.01,100,1.923
112,1,"3,10,2","9,4,3,J","double,stand",20.0,win,False,False,random-dfs,fixed,-3.5,2.0,0.006,100,1.923
113,1,"2,3,9","J,3,3,6","double,stand",20.0,win,False,False,random-dfs,fixed,-3.12,4.0,0.013,96,1.846
113,1,"2,3","J,3,9",stand,10.0,win,False,False,random-dfs,fixed,-3.12,2.0,0.006,96,1.846
113,1,"2,3,9","J,3,3,6","hit,stand",10.0,win,False,False,random-dfs,fixed,-3.12,4.0,0.013,96,1.846
113,1,"2,3,9,3,6","J,3,7","hit,hit,hit",10.0,lose,False,True,random-dfs,fixed,-3.12,4.0,0.013,96,1.846
113,1,"2,3,9,3","J,3,6","hit,hit,stand",10.0,lose,False,False,random-dfs,fixed,-3.12,4.0,0.013,96,1.846
114,1,"9,3,6","6,7,Q","double,stand",20.0,win,False,False,random-dfs,fixed,-2.167,2.0,0.006,92,1.769
114,1,"9,3,6,Q","6,7,K","hit,hit",10.0,lose,False,True,random-dfs,fixed,-2.167,1.0,0.003,92,1.769
114,1,"9,3,6","6,7,Q","hit,stand",10.0,win,False,False,random-dfs,fixed,-2.167,2.0,0.006,92,1.769
114,1,"9,3","6,7,6",stand,10.0,lose,False,False,random-dfs,fixed,-2.167,3.0,0.01,92,1.769
115,1,"6,Q,4","K,7","double,stand",20.0,win,False,False,random-dfs,fixed,-1.13,0.0,0.0,88,1.692
115,1,"6,Q,4","K,7","hit,stand",10.0,win,False,False,random-dfs,fixed,-1.13,0.0,0.0,88,1.692
115,1,"6,Q,4,9","K,7","hit,hit",10.0,lose,False,True,random-dfs,fixed,-1.13,0.0,0.0,88,1.692
115,1,"6,Q","K,7",stand,10.0,lose,False,False,random-dfs,fixed,-1.13,-1.0,-0.003,88,1.692
116,1,"4,9","8,6,4",stand,10.0,lose,False,False,random-dfs,fixed,-1.773,3.0,0.01,84,1.615
116,1,"4,9,4","8,6,10","hit,stand",10.0,win,False,False,random-dfs,fixed,-1.773,2.0,0.006,84,1.615
116,1,"4,9,4,10","8,6,5","hit,hit",10.0,lose,False,True,random-dfs,fixed,-1.773,3.0,0.01,84,1.615
116,1,"4,9,4","8,6,10","double,stand",20.0,win,False,False,random-dfs,fixed,-1.773,2.0,0.006,84,1.615
117,1,"4,10,A","5,4,5,K","double,stand",20.0,win,False,False,random-dfs,fixed,-0.619,1.0,0.003,80,1.538
117,1,"4,10,A","5,4,5,K","hit,stand",10.0,win,False,False,random-dfs,fixed,-0.619,1.0,0.003,80,1.538
117,1,"4,10,A,5","5,4,K","hit,hit,stand",10.0,win,False,False,random-dfs,fixed,-0.619,1.0,0.003,80,1.538
117,1,"4,10,A,5,K","5,4,9","hit,hit,hit",10.0,lose,False,True,random-dfs,fixed,-0.619,1.0,0.003,80,1.538
117,1,"4,10","5,4,A",stand,10.0,lose,False,False,random-dfs,fixed,-0.619,1.0,0.003,80,1.538
118,1,"A,5","K,9",stand,10.0,lose,False,False,random-dfs,fixed,0.65,-1.0,-0.003,76,1.462
118,1,"A,5,5","K,9","hit,stand",10.0,win,False,False,random-dfs,fixed,0.65,0.0,0.0,76,1.462
118,1,"A,5,5","K,9","double,stand",20.0,win,False,False,random-dfs,fixed,0.65,0.0,0.0,76,1.462
119,1,"5,7,6","8,K","double,stand",20.0,push,False,False,random-dfs,fixed,0.0,1.0,0.003,308,5.923
119,1,"5,7,6,K","8,K","hit,hit",10.0,lose,False,True,random-dfs,fixed,0.0,0.0,0.0,308,5.923
119,1,"5,7,6","8,K","hit,stand",10.0,push,False,False,random-dfs,fixed,0.0,1.0,0.003,308,5.923
119,1,"5,7","8,K",stand,10.0,lose,False,False,random-dfs,fixed,0.0,0.0,0.0,308,5.923
120,1,"6,K","J,4,Q",stand,10.0,win,False,False,random-dfs,fixed,0.0,-1.0,-0.003,304,5.846
120,1,"6,K,Q","J,4,3","double,stand",20.0,lose,False,True,random-dfs,fixed,0.0,0.0,0.0,304,5.846
120,1,"6,K,Q","J,4,3",hit,10.0,lose,False,True,random-dfs,fixed,0.0,0.0,0.0,304,5.846
121,1,"Q,3","2,7,Q",stand,10.0,lose,False,False,random-dfs,fixed,0.0,0.0,0.0,300,5.769
121,1,"Q,3,Q","2,7,7,3","double,stand",20.0,lose,False,True,random-dfs,fixed,0.0,1.0,0.003,300,5.769
121,1,"Q,3,Q","2,7,7,3",hit,10.0,lose,False,True,random-dfs,fixed,0.0,1.0,0.003,300,5.769
122,1,"Q,7","3,K,4",stand,10.0,push,False,False,random-dfs,fixed,0.173,0.0,0.0,296,5.692
122,1,"Q,7,4","3,K,4","hit,stand",10.0,win,False,False,random-dfs,fixed,0.173,1.0,0.003,296,5.692
122,1,"Q,7,4","3,K,4","double,stand",20.0,win,False,False,random-dfs,fixed,0.173,1.0,0.003,296,5.692
123,1,"4,4","Q,10",stand,10.0,lose,False,False,random-dfs,fixed,0.0,0.0,0.0,292,5.615
123,1,"4,4,3","Q,10","double,stand",20.0,lose,False,False,random-dfs,fixed,0.0,1.0,0.003,292,5.615
123,1,"4,4,3,9,J","Q,10","hit,hit,hit",10.0,lose,False,True,random-dfs,fixed,0.0,0.0,0.0,292,5.615
123,1,"4,4,3,9","Q,10","hit,hit,stand",10.0,push,False,False,random-dfs,fixed,0.0,1.0,0.003,292,5.615
123,1,"4,4,3","Q,10","hit,stand",10.0,lose,False,False,random-dfs,fixed,0.0,1.0,0.003,292,5.615
124,1,"3,9","J,A",stand,10.0,lose,False,False,random-dfs,fixed,0.0,-1.0,-0.003,288,5.538
124,1,"3,9,9","J,A","double,stand",20.0,push,False,False,random-dfs,fixed,0.0,-1.0,-0.003,288,5.538
124,1,"3,9,9","J,A","hit,stand",10.0,push,False,False,random-dfs,fixed,0.0,-1.0,-0.003,288,5.538
125,1,"9,J,9","8,6,A,8",hit,10.0,lose,False,True,random-dfs,fixed,-0.181,-1.0,-0.003,284,5.462
125,1,"9,J,9","8,6,A,8","double,stand",20.0,lose,False,True,random-dfs,fixed,-0.181,-1.0,-0.003,284,5.462
125,1,"9,J","8,6,9",stand,10.0,win,False,False,random-dfs,fixed,-0.181,0.0,0.0,284,5.462
126,1,"9,A,3","8,K","double,stand",20.0,lose,False,False,random-dfs,fixed,-0.183,-1.0,-0.003,280,5.385
126,1,"9,A,3","8,K","hit,stand",10.0,lose,False,False,random-dfs,fixed,-0.183,-1.0,-0.003,280,5.385
126,1,"9,A,3,A,A","8,K","hit,hit,hit,stand",10.0,lose,False,False,random-dfs,fixed,-0.183,-3.0,-0.01,280,5.385
126,1,"9,A,3,A,A,4","8,K","hit,hit,hit,hit,stand",10.0,win,False,False,random-dfs,fixed,-0.183,-2.0,-0.006,280,5.385
126,1,"9,A,3,A,A,4,7","8,K","hit,hit,hit,hit,hit",10.0,lose,False,True,random-dfs,fixed,-0.183,-2.0,-0.006,280,5.385
126,1,"9,A,3,A","8,K","hit,hit,stand",10.0,lose,False,False,random-dfs,fixed,-0.183,-2.0,-0.006,280,5.385
126,1,"9,A","8,K",stand,10.0,win,False,False,random-dfs,fixed,-0.183,-2.0,-0.006,280,5.385
127,1,"3,A","A,4,7,9",stand,10.0,lose,False,False,random-dfs,fixed,-0.557,0.0,0.0,276,5.308
127,1,"3,A,7","A,4,9,A,2","hit,stand",10.0,win,False,False,random-dfs,fixed,-0.557,0.0,0.0,276,5.308
127,1,"3,A,7","A,4,9,A,2","double,stand",20.0,win,False,False,random-dfs,fixed,-0.557,0.0,0.0,276,5.308
128,1,"7,9,A","A,2,10,K","hit,stand",10.0,win,False,False,random-dfs,fixed,-0.565,-3.0,-0.01,272,5.231
128,1,"7,9,A,10","A,2,K,4","hit,hit",10.0,lose,False,True,random-dfs,fixed,-0.565,-2.0,-0.006,272,5.231
128,1,"7,9,A","A,2,10,K","double,stand",20.0,win,False,False,random-dfs,fixed,-0.565,-3.0,-0.01,272,5.231
128,1,"7,9","A,2,A,10,K",stand,10.0,win,False,False,random-dfs,fixed,-0.565,-3.0,-0.01,272,5.231
129,1,"A,10","K,4,A,5",stand,10.0,win,True,False,random-dfs,fixed,-0.574,-2.0,-0.006,268,5.154
130,1,"A,5,9","A,7","double,stand",20.0,lose,False,False,random-dfs,fixed,-0.97,-1.0,-0.003,264,5.077
130,1,"A,5","A,7",stand,10.0,lose,False,False,random-dfs,fixed,-0.97,-1.0,-0.003,264,5.077
130,1,"A,5,9,A,J","A,7","hit,hit,hit",10.0,lose,False,True,random-dfs,fixed,-0.97,-3.0,-0.01,264,5.077
130,1,"A,5,9,A","A,7","hit,hit,stand",10.0,lose,False,False,random-dfs,fixed,-0.97,-2.0,-0.006,264,5.077
130,1,"A,5,9","A,7","hit,stand",10.0,lose,False,False,random-dfs,fixed,-0.97,-1.0,-0.003,264,5.077
131,1,"9,A,J","J,9","double,stand",20.0,win,False,False,random-dfs,fixed,-1.182,-3.0,-0.01,260,5.0
131,1,"9,A,J,3","J,9","hit,hit",10.0,lose,False,True,random-dfs,fixed,-1.182,-2.0,-0.006,260,5.0
131,1,"9,A,J","J,9","hit,stand",10.0,win,False,False,random-dfs,fixed,-1.182,-3.0,-0.01,260,5.0
131,1,"9,A","J,9",stand,10.0,win,False,False,random-dfs,fixed,-1.182,-2.0,-0.006,260,5.0
132,1,"J,3","Q,2,2,8",stand,10.0,win,False,False,random-dfs,fixed,-1.6,1.0,0.003,256,4.923
132,1,"J,3,2","Q,2,8","hit,stand",10.0,lose,False,False,random-dfs,fixed,-1.6,1.0,0.003,256,4.923
132,1,"J,3,2,8","Q,2,2,J","hit,hit",10.0,lose,False,True,random-dfs,fixed,-1.6,1.0,0.003,256,4.923
132,1,"J,3,2","Q,2,8","double,stand",20.0,lose,False,False,random-dfs,fixed,-1.6,1.0,0.003,256,4.923
133,1,"2,8","2,J,A,5",stand,10.0,lose,False,False,random-dfs,fixed,-1.625,1.0,0.003,252,4.846
133,1,"2,8,A","2,J,5","double,stand",20.0,win,False,False,random-dfs,fixed,-1.625,1.0,0.003,252,4.846
133,1,"2,8,A","2,J,5","hit,stand",10.0,win,False,False,random-dfs,fixed,-1.625,1.0,0.003,252,4.846
134,1,"A,5,6","K,5,4","hit,stand",10.0,lose,False,False,random-dfs,fixed,-1.444,2.0,0.006,248,4.769
134,1,"A,5,6,4,4","K,5,K","hit,hit,hit,stand",10.0,win,False,False,random-dfs,fixed,-1.444,2.0,0.006,248,4.769
134,1,"A,5,6,4,4,K","K,5,6","hit,hit,hit,hit",10.0,lose,False,True,random-dfs,fixed,-1.444,3.0,0.01,248,4.769
134,1,"A,5,6,4","K,5,4","hit,hit,stand",10.0,lose,False,False,random-dfs,fixed,-1.444,3.0,0.01,248,4.769
134,1,"A,5","K,5,6",stand,10.0,lose,False,False,random-dfs,fixed,-1.444,1.0,0.003,248,4.769
134,1,"A,5,6","K,5,4","double,stand",20.0,lose,False,False,random-dfs,fixed,-1.444,2.0,0.006,248,4.769
135,1,"6,4,6","4,K,8","double,stand",20.0,win,False,False,random-dfs,fixed,-1.468,3.0,0.01,244,4.692
135,1,"6,4,6","4,K,8","hit,stand",10.0,win,False,False,random-dfs,fixed,-1.468,3.0,0.01,244,4.692
135,1,"6,4,6,8","4,K,9","hit,hit",10.0,lose,False,True,random-dfs,fixed,-1.468,3.0,0.01,244,4.692
135,1,"6,4","4,K,6",stand,10.0,lose,False,False,random-dfs,fixed,-1.468,3.0,0.01,244,4.692
136,1,"6,8,Q","9,6,Q",hit,10.0,lose,False,True,random-dfs,fixed,-1.066,0.0,0.0,240,4.615
136,1,"6,8,Q","9,6,Q","double,stand",20.0,lose,False,True,random-dfs,fixed,-1.066,0.0,0.0,240,4.615
136,1,"6,8","9,6,Q",stand,10.0,win,False,False,random-dfs,fixed,-1.066,1.0,0.003,240,4.615
137,1,"Q,Q","6,6,10",stand,10.0,win,False,False,random-dfs,fixed,-0.65,-1.0,-0.003,236,4.538
137,1,"Q,Q,10","6,6,K",hit,10.0,lose,False,True,random-dfs,fixed,-0.65,-2.0,-0.006,236,4.538
137,1,"Q,Q,10","6,6,K","double,stand",20.0,lose,False,True,random-dfs,fixed,-0.65,-2.0,-0.006,236,4.538
138,1,"10,K","6,8,10",stand,10.0,win,False,False,random-dfs,fixed,-0.661,-2.0,-0.006,232,4.462
138,1,"10,K,10","6,8,Q",hit,10.0,lose,False,True,random-dfs,fixed,-0.661,-3.0,-0.01,232,4.462
138,1,"10,K,10","6,8,Q","double,stand",20.0,lose,False,True,random-dfs,fixed,-0.661,-3.0,-0.01,232,4.462
139,1,"10,Q,Q","4,7,10","double,stand",20.0,lose,False,True,random-dfs,fixed,-0.897,-3.0,-0.01,228,4.385
139,1,"10,Q,Q","4,7,10",hit,10.0,lose,False,True,random-dfs,fixed,-0.897,-3.0,-0.01,228,4.385
139,1,"10,Q","4,7,Q",stand,10.0,lose,False,False,random-dfs,fixed,-0.897,-2.0,-0.006,228,4.385
140,1,"Q,10,5","8,A","double,stand",20.0,lose,False,True,random-dfs,fixed,-1.14,-2.0,-0.006,224,4.308
140,1,"Q,10,5","8,A",hit,10.0,lose,False,True,random-dfs,fixed,-1.14,-2.0,-0.006,224,4.308
140,1,"Q,10","8,A",stand,10.0,win,False,False,random-dfs,fixed,-1.14,-3.0,-0.01,224,4.308
141,1,"5,6,6","5,A,8,2,6","hit,stand",10.0,win,False,False,random-dfs,fixed,-1.857,5.0,0.016,220,4.231
141,1,"5,6,6,8","5,A,2","hit,hit",10.0,lose,False,True,random-dfs,fixed,-1.857,4.0,0.013,220,4.231
141,1,"5,6","5,A,6,8",stand,10.0,lose,False,False,random-dfs,fixed,-1.857,3.0,0.01,220,4.231
141,1,"5,6,6","5,A,8,2,6","double,stand",20.0,win,False,False,random-dfs,fixed,-1.857,5.0,0.016,220,4.231
142,1,"6,8,9","2,6,6,5",hit,10.0,lose,False,True,random-dfs,fixed,-1.418,5.0,0.016,216,4.154
142,1,"6,8","2,6,9",stand,10.0,lose,False,False,random-dfs,fixed,-1.418,3.0,0.01,216,4.154
142,1,"6,8,9","2,6,6,5","double,stand",20.0,lose,False,True,random-dfs,fixed,-1.418,5.0,0.016,216,4.154
143,1,"9,6,10","5,A,K,3","double,stand",20.0,lose,False,True,random-dfs,fixed,-0.722,0.0,0.0,212,4.077
143,1,"9,6,10","5,A,K,3",hit,10.0,lose,False,True,random-dfs,fixed,-0.722,0.0,0.0,212,4.077
143,1,"9,6","5,A,10,K",stand,10.0,win,False,False,random-dfs,fixed,-0.722,-1.0,-0.003,212,4.077
144,1,"10,K,A","3,9,3,9","double,stand",20.0,win,False,False,random-dfs,fixed,-0.491,-1.0,-0.003,208,4.0
144,1,"10,K","3,9,A,3,9",stand,10.0,win,False,False,random-dfs,fixed,-0.491,-1.0,-0.003,208,4.0
144,1,"10,K,A","3,9,3,9","hit,stand",10.0,win,False,False,random-dfs,fixed,-0.491,-1.0,-0.003,208,4.0
145,1,"A,3,4","9,10","double,stand",20.0,lose,False,False,random-dfs,fixed,-0.75,0.0,0.0,204,3.923
145,1,"A,3,4","9,10","hit,stand",10.0,lose,False,False,random-dfs,fixed,-0.75,0.0,0.0,204,3.923
145,1,"A,3,4,10","9,10","hit,hit,stand",10.0,lose,False,False,random-dfs,fixed,-0.75,-1.0,-0.003,204,3.923
145,1,"A,3,4,10,6","9,10","hit,hit,hit",10.0,lose,False,True,random-dfs,fixed,-0.75,0.0,0.0,204,3.923
145,1,"A,3","9,10",stand,10.0,lose,False,False,random-dfs,fixed,-0.75,-1.0,-0.003,204,3.923
146,1,"4,10,10","6,9,2",hit,10.0,lose,False,True,random-dfs,fixed,-1.02,1.0,0.003,200,3.846
146,1,"4,10","6,9,10",stand,10.0,win,False,False,random-dfs,fixed,-1.02,0.0,0.0,200,3.846
146,1,"4,10,10","6,9,2","double,stand",20.0,lose,False,True,random-dfs,fixed,-1.02,1.0,0.003,200,3.846
147,1,"10,2,Q","K,K",hit,10.0,lose,False,True,random-dfs,fixed,-0.78,-3.0,-0.01,196,3.769
147,1,"10,2,Q","K,K","double,stand",20.0,lose,False,True,random-dfs,fixed,-0.78,-3.0,-0.01,196,3.769
147,1,"10,2","K,K",stand,10.0,lose,False,False,random-dfs,fixed,-0.78,-2.0,-0.006,196,3.769
148,1,"Q,J,10","6,4,8","double,stand",20.0,lose,False,True,random-dfs,fixed,-1.327,-1.0,-0.003,192,3.692
148,1,"Q,J","6,4,10",stand,10.0,push,False,False,random-dfs,fixed,-1.327,-1.0,-0.003,192,3.692
148,1,"Q,J,10","6,4,8",hit,10.0,lose,False,True,random-dfs,fixed,-1.327,-1.0,-0.003,192,3.692
149,1,"10,8","10,10",stand,10.0,lose,False,False,random-dfs,fixed,-1.354,-3.0,-0.01,188,3.615
149,1,"10,8,5","10,10",hit,10.0,lose,False,True,random-dfs,fixed,-1.354,-2.0,-0.006,188,3.615
149,1,"10,8,5","10,10","double,stand",20.0,lose,False,True,random-dfs,fixed,-1.354,-2.0,-0.006,188,3.615
150,1,"5,J","J,2,8",stand,10.0,lose,False,False,random-dfs,fixed,-2.213,0.0,0.0,184,3.538
150,1,"5,J,8","J,2,J",hit,10.0,lose,False,True,random-dfs,fixed,-2.213,-1.0,-0.003,184,3.538
150,1,"5,J,8","J,2,J","double,stand",20.0,lose,False,True,random-dfs,fixed,-2.213,-1.0,-0.003,184,3.538
151,1,"8,J,7","5,J,8",hit,10.0,lose,False,True,random-dfs,fixed,-2.261,-1.0,-0.003,180,3.462
151,1,"8,J","5,J,7",stand,10.0,win,False,False,random-dfs,fixed,-2.261,-1.0,-0.003,180,3.462
151,1,"8,J,7","5,J,8","double,stand",20.0,lose,False,True,random-dfs,fixed,-2.261,-1.0,-0.003,180,3.462
152,1,"7,8,A","J,5,2","double,stand",20.0,lose,False,False,random-dfs,fixed,-2.6,0.0,0.0,176,3.385
152,1,"7,8","J,5,A,2",stand,10.0,lose,False,False,random-dfs,fixed,-2.6,0.0,0.0,176,3.385
152,1,"7,8,A,2,Q","J,5,6","hit,hit,hit",10.0,lose,False,True,random-dfs,fixed,-2.6,0.0,0.0,176,3.385
152,1,"7,8,A,2","J,5,Q","hit,hit,stand",10.0,win,False,False,random-dfs,fixed,-2.6,-1.0,-0.003,176,3.385
152,1,"7,8,A","J,5,2","hit,stand",10.0,lose,False,False,random-dfs,fixed,-2.6,0.0,0.0,176,3.385
153,1,"A,2,2","Q,6,K","double,stand",20.0,win,False,False,random-dfs,fixed,-2.659,0.0,0.0,172,3.308
153,1,"A,2","Q,6,2",stand,10.0,lose,False,False,random-dfs,fixed,-2.659,1.0,0.003,172,3.308
153,1,"A,2,2","Q,6,K","hit,stand",10.0,win,False,False,random-dfs,fixed,-2.659,0.0,0.0,172,3.308
153,1,"A,2,2,K","Q,6,J","hit,hit,stand",10.0,win,False,False,random-dfs,fixed,-2.659,-1.0,-0.003,172,3.308
153,1,"A,2,2,K,J","Q,6,7","hit,hit,hit",10.0,lose,False,True,random-dfs,fixed,-2.659,-1.0,-0.003,172,3.308
154,1,"2,K,2,8","J,7","hit,hit",10.0,lose,False,True,random-dfs,fixed,-2.721,0.0,0.0,168,3.231
154,1,"2,K,2","J,7","hit,stand",10.0,lose,False,False,random-dfs,fixed,-2.721,0.0,0.0,168,3.231
154,1,"2,K","J,7",stand,10.0,lose,False,False,random-dfs,fixed,-2.721,-1.0,-0.003,168,3.231
154,1,"2,K,2","J,7","double,stand",20.0,lose,False,False,random-dfs,fixed,-2.721,0.0,0.0,168,3.231
155,1,"2,8","J,9",stand,10.0,lose,False,False,random-dfs,fixed,-3.095,0.0,0.0,164,3.154
155,1,"2,8,Q","J,9","double,stand",20.0,win,False,False,random-dfs,fixed,-3.095,-1.0,-0.003,164,3.154
155,1,"2,8,Q","J,9","hit,stand",10.0,win,False,False,random-dfs,fixed,-3.095,-1.0,-0.003,164,3.154
155,1,"2,8,Q,4","J,9","hit,hit",10.0,lose,False,True,random-dfs,fixed,-3.095,0.0,0.0,164,3.154
156,1,"Q,4","5,4,7,7",stand,10.0,win,False,False,random-dfs,fixed,-3.171,2.0,0.006,160,3.077
156,1,"Q,4,7","5,4,7,K","hit,stand",10.0,win,False,False,random-dfs,fixed,-3.171,1.0,0.003,160,3.077
156,1,"Q,4,7","5,4,7,K","double,stand",20.0,win,False,False,random-dfs,fixed,-3.171,1.0,0.003,160,3.077
157,1,"7,7","K,7",stand,10.0,lose,False,False,random-dfs,fixed,-2.6,-1.0,-0.003,156,3.0
157,1,"7,7,A,7","K,7","hit,hit",10.0,lose,False,True,random-dfs,fixed,-2.6,-2.0,-0.006,156,3.0
157,1,"7,7,A","K,7","hit,stand",10.0,lose,False,False,random-dfs,fixed,-2.6,-2.0,-0.006,156,3.0
157,1,"7,7,A","K,7","double,stand",20.0,lose,False,False,random-dfs,fixed,-2.6,-2.0,-0.006,156,3.0
158,1,"A,7","K,6,9",stand,10.0,win,False,False,random-dfs,fixed,-3.0,-1.0,-0.003,152,2.923
158,1,"A,7,9","K,6,A","double,stand",20.0,push,False,False,random-dfs,fixed,-3.0,-2.0,-0.006,152,2.923
158,1,"A,7,9","K,6,A","hit,stand",10.0,push,False,False,random-dfs,fixed,-3.0,-2.0,-0.006,152,2.923
158,1,"A,7,9,A","K,6,2","hit,hit,stand",10.0,push,False,False,random-dfs,fixed,-3.0,-1.0,-0.003,152,2.923
158,1,"A,7,9,A,2,3","K,6,Q","hit,hit,hit,hit",10.0,lose,False,True,random-dfs,fixed,-3.0,-1.0,-0.003,152,2.923
158,1,"A,7,9,A,2","K,6,3","hit,hit,hit,stand",10.0,win,False,False,random-dfs,fixed,-3.0,0.0,0.0,152,2.923
159,1,"9,A","2,3,Q,3",stand,10.0,win,False,False,random-dfs,fixed,-3.421,1.0,0.003,148,2.846
159,1,"9,A,Q","2,3,3,6,6","double,stand",20.0,push,False,False,random-dfs,fixed,-3.421,3.0,0.01,148,2.846
159,1,"9,A,Q,3","2,3,6,6","hit,hit",10.0,lose,False,True,random-dfs,fixed,-3.421,3.0,0.01,148,2.846
159,1,"9,A,Q","2,3,3,6,6","hit,stand",10.0,push,False,False,random-dfs,fixed,-3.421,3.0,0.01,148,2.846
160,1,"Q,3,4","6,6,3,7","double,stand",20.0,win,False,False,random-dfs,fixed,-3.162,4.0,0.013,144,2.769
160,1,"Q,3","6,6,4,3",stand,10.0,lose,False,False,random-dfs,fixed,-3.162,4.0,0.013,144,2.769
160,1,"Q,3,4","6,6,3,7","hit,stand",10.0,win,False,False,random-dfs,fixed,-3.162,4.0,0.013,144,2.769
160,1,"Q,3,4,3,7","6,6,10","hit,hit,hit",10.0,lose,False,True,random-dfs,fixed,-3.162,3.0,0.01,144,2.769
160,1,"Q,3,4,3","6,6,7","hit,hit,stand",10.0,win,False,False,random-dfs,fixed,-3.162,4.0,0.013,144,2.769
161,1,"4,3,K","7,10","hit,stand",10.0,push,False,False,random-dfs,fixed,-2.528,0.0,0.0,140,2.692
161,1,"4,3,K,J","7,10","hit,hit",10.0,lose,False,True,random-dfs,fixed,-2.528,-1.0,-0.003,140,2.692
161,1,"4,3,K","7,10","double,stand",20.0,push,False,False,random-dfs,fixed,-2.528,0.0,0.0,140,2.692
161,1,"4,3","7,10",stand,10.0,lose,False,False,random-dfs,fixed,-2.528,1.0,0.003,140,2.692
162,1,"K,J,7","6,5,4,7","double,stand",20.0,lose,False,True,random-dfs,fixed,-2.229,1.0,0.003,136,2.615
162,1,"K,J,7","6,5,4,7",hit,10.0,lose,False,True,random-dfs,fixed,-2.229,1.0,0.003,136,2.615
162,1,"K,J","6,5,7",stand,10.0,win,False,False,random-dfs,fixed,-2.229,0.0,0.0,136,2.615
163,1,"7,4,5","7,7,9","hit,stand",10.0,win,False,False,random-dfs,fixed,-2.294,2.0,0.006,132,2.538
163,1,"7,4,5,9","7,7,2,8","hit,hit",10.0,lose,False,True,random-dfs,fixed,-2.294,3.0,0.01,132,2.538
163,1,"7,4,5","7,7,9","double,stand",20.0,win,False,False,random-dfs,fixed,-2.294,2.0,0.006,132,2.538
163,1,"7,4","7,7,5",stand,10.0,lose,False,False,random-dfs,fixed,-2.294,2.0,0.006,132,2.538
164,1,"5,9,2","2,8,J","hit,stand",10.0,lose,False,False,random-dfs,fixed,-1.97,2.0,0.006,128,2.462
164,1,"5,9,2,J","2,8,8","hit,hit",10.0,lose,False,True,random-dfs,fixed,-1.97,2.0,0.006,128,2.462
164,1,"5,9","2,8,2,J",stand,10.0,win,False,False,random-dfs,fixed,-1.97,2.0,0.006,128,2.462
164,1,"5,9,2","2,8,J","double,stand",20.0,lose,False,False,random-dfs,fixed,-1.97,2.0,0.006,128,2.462
165,1,"2,J,5","8,J","double,stand",20.0,lose,False,False,random-dfs,fixed,-1.219,0.0,0.0,124,2.385
165,1,"2,J,5","8,J","hit,stand",10.0,lose,False,False,random-dfs,fixed,-1.219,0.0,0.0,124,2.385
165,1,"2,J,5,5","8,J","hit,hit",10.0,lose,False,True,random-dfs,fixed,-1.219,1.0,0.003,124,2.385
165,1,"2,J","8,J",stand,10.0,lose,False,False,random-dfs,fixed,-1.219,-1.0,-0.003,124,2.385
166,1,"5,5,2","Q,Q","hit,stand",10.0,lose,False,False,random-dfs,fixed,-1.677,1.0,0.003,120,2.308
166,1,"5,5,2,10","Q,Q","hit,hit",10.0,lose,False,True,random-dfs,fixed,-1.677,0.0,0.0,120,2.308
166,1,"5,5","Q,Q",stand,10.0,lose,False,False,random-dfs,fixed,-1.677,0.0,0.0,120,2.308
166,1,"5,5,2","Q,Q","double,stand",20.0,lose,False,False,random-dfs,fixed,-1.677,1.0,0.003,120,2.308
167,1,"2,10,10","5,5,9","double,stand",20.0,lose,False,True,random-dfs,fixed,-1.733,1.0,0.003,116,2.231
167,1,"2,10","5,5,10",stand,10.0,lose,False,False,random-dfs,fixed,-1.733,1.0,0.003,116,2.231
167,1,"2,10,10","5,5,9",hit,10.0,lose,False,True,random-dfs,fixed,-1.733,1.0,0.003,116,2.231
168,1,"10,9","3,K,5",stand,10.0,win,False,False,random-dfs,fixed,-0.897,0.0,0.0,112,2.154
168,1,"10,9,5","3,K,J","double,stand",20.0,lose,False,True,random-dfs,fixed,-0.897,-1.0,-0.003,112,2.154
168,1,"10,9,5","3,K,J",hit,10.0,lose,False,True,random-dfs,fixed,-0.897,-1.0,-0.003,112,2.154
169,1,"5,J,7","Q,5,10","double,stand",20.0,lose,False,True,random-dfs,fixed,-1.393,-1.0,-0.003,108,2.077
169,1,"5,J","Q,5,7",stand,10.0,win,False,False,random-dfs,fixed,-1.393,0.0,0.0,108,2.077
169,1,"5,J,7","Q,5,10",hit,10.0,lose,False,True,random-dfs,fixed,-1.393,-1.0,-0.003,108,2.077
170,1,"7,10,6","7,4,9",hit,10.0,lose,False,True,random-dfs,fixed,-1.444,1.0,0.003,104,2.0
170,1,"7,10","7,4,6",stand,10.0,push,False,False,random-dfs,fixed,-1.444,1.0,0.003,104,2.0
170,1,"7,10,6","7,4,9","double,stand",20.0,lose,False,True,random-dfs,fixed,-1.444,1.0,0.003,104,2.0
171,1,"6,9","3,9,A,10",stand,10.0,win,False,False,random-dfs,fixed,-1.5,0.0,0.0,100,1.923
171,1,"6,9,A","3,9,10","double,stand",20.0,win,False,False,random-dfs,fixed,-1.5,0.0,0.0,100,1.923
171,1,"6,9,A,10","3,9,A,Q","hit,hit",10.0,lose,False,True,random-dfs,fixed,-1.5,-2.0,-0.006,100,1.923
171,1,"6,9,A","3,9,10","hit,stand",10.0,win,False,False,random-dfs,fixed,-1.5,0.0,0.0,100,1.923
172,1,"A,10","A,Q",stand,10.0,push,True,False,random-dfs,fixed,-0.52,-4.0,-0.013,96,1.846
173,1,"3,10,8","K,6,2","hit,stand",10.0,win,False,False,random-dfs,fixed,-2.708,1.0,0.003,92,1.769
173,1,"3,10","K,6,8",stand,10.0,win,False,False,random-dfs,fixed,-2.708,0.0,0.0,92,1.769
173,1,"3,10,8","K,6,2","double,stand",20.0,win,False,False,random-dfs,fixed,-2.708,1.0,0.003,92,1.769
174,1,"8,2","7,9,3",stand,10.0,lose,False,False,random-dfs,fixed,-2.826,2.0,0.006,88,1.692
174,1,"8,2,3","7,9,8","hit,stand",10.0,win,False,False,random-dfs,fixed,-2.826,2.0,0.006,88,1.692
174,1,"8,2,3,8","7,9,J","hit,hit,stand",10.0,win,False,False,random-dfs,fixed,-2.826,1.0,0.003,88,1.692
174,1,"8,2,3","7,9,8","double,stand",20.0,win,False,False,random-dfs,fixed,-2.826,2.0,0.006,88,1.692
175,1,"3,8,K","J,3,4","hit,stand",10.0,win,False,False,random-dfs,fixed,-2.364,1.0,0.003,84,1.615
175,1,"3,8,K","J,3,4","double,stand",20.0,win,False,False,random-dfs,fixed,-2.364,1.0,0.003,84,1.615
175,1,"3,8","J,3,K",stand,10.0,win,False,False,random-dfs,fixed,-2.364,0.0,0.0,84,1.615
176,1,"K,4,J","2,9,Q","double,stand",20.0,lose,False,True,random-dfs,fixed,-1.857,-1.0,-0.003,80,1.538
176,1,"K,4","2,9,J",stand,10.0,lose,False,False,random-dfs,fixed,-1.857,0.0,0.0,80,1.538
176,1,"K,4,J","2,9,Q",hit,10.0,lose,False,True,random-dfs,fixed,-1.857,-1.0,-0.003,80,1.538
177,1,"J,Q,J","A,3,5","double,stand",20.0,lose,False,True,random-dfs,fixed,-1.3,-2.0,-0.006,76,1.462
177,1,"J,Q,J","A,3,5",hit,10.0,lose,False,True,random-dfs,fixed,-1.3,-2.0,-0.006,76,1.462
177,1,"J,Q","A,3,J,5",stand,10.0,win,False,False,random-dfs,fixed,-1.3,-2.0,-0.006,76,1.462
178,1,"5,8,10","5,7,6",hit,10.0,lose,False,True,random-dfs,fixed,0.0,2.0,0.006,308,5.923
178,1,"5,8","5,7,10",stand,10.0,win,False,False,random-dfs,fixed,0.0,1.0,0.003,308,5.923
178,1,"5,8,10","5,7,6","double,stand",20.0,lose,False,True,random-dfs,fixed,0.0,2.0,0.006,308,5.923
179,1,"10,6,9","6,A",hit,10.0,lose,False,True,random-dfs,fixed,0.338,0.0,0.0,304,5.846
179,1,"10,6","6,A",stand,10.0,lose,False,False,random-dfs,fixed,0.338,0.0,0.0,304,5.846
179,1,"10,6,9","6,A","double,stand",20.0,lose,False,True,random-dfs,fixed,0.338,0.0,0.0,304,5.846
180,1,"9,J","7,6,2,6",stand,10.0,lose,False,False,random-dfs,fixed,0.342,2.0,0.006,300,5.769
180,1,"9,J,2","7,6,6","double,stand",20.0,win,False,False,random-dfs,fixed,0.342,2.0,0.006,300,5.769
180,1,"9,J,2","7,6,6","hit,stand",10.0,win,False,False,random-dfs,fixed,0.342,2.0,0.006,300,5.769
181,1,"2,6","5,4,3,10",stand,10.0,win,False,False,random-dfs,fixed,0.347,4.0,0.013,296,5.692
181,1,"2,6,3","5,4,10","hit,stand",10.0,lose,False,False,random-dfs,fixed,0.347,4.0,0.013,296,5.692
181,1,"2,6,3,10","5,4,7,5","hit,hit,stand",10.0,push,False,False,random-dfs,fixed,0.347,5.0,0.016,296,5.692
181,1,"2,6,3","5,4,10","double,stand",20.0,lose,False,False,random-dfs,fixed,0.347,4.0,0.013,296,5.692
182,1,"3,10,8","7,5,9","double,stand",20.0,push,False,False,random-dfs,fixed,1.054,1.0,0.003,292,5.615
182,1,"3,10","7,5,8",stand,10.0,lose,False,False,random-dfs,fixed,1.054,1.0,0.003,292,5.615
182,1,"3,10,8","7,5,9","hit,stand",10.0,push,False,False,random-dfs,fixed,1.054,1.0,0.003,292,5.615
183,1,"8,9,K","10,Q",hit,10.0,lose,False,True,random-dfs,fixed,1.247,-3.0,-0.01,288,5.538
183,1,"8,9,K","10,Q","double,stand",20.0,lose,False,True,random-dfs,fixed,1.247,-3.0,-0.01,288,5.538
183,1,"8,9","10,Q",stand,10.0,lose,False,False,random-dfs,fixed,1.247,-2.0,-0.006,288,5.538
184,1,"K,J","A,9",stand,10.0,push,False,False,random-dfs,fixed,0.903,-3.0,-0.01,284,5.462
184,1,"K,J,3","A,9",hit,10.0,lose,False,True,random-dfs,fixed,0.903,-2.0,-0.006,284,5.462
184,1,"K,J,3","A,9","double,stand",20.0,lose,False,True,random-dfs,fixed,0.903,-2.0,-0.006,284,5.462
185,1,"3,3,K","7,8,J","hit,stand",10.0,win,False,False,random-dfs,fixed,0.366,0.0,0.0,280,5.385
185,1,"3,3,K,J","7,8,Q","hit,hit",10.0,lose,False,True,random-dfs,fixed,0.366,-1.0,-0.003,280,5.385
185,1,"3,3","7,8,K",stand,10.0,win,False,False,random-dfs,fixed,0.366,1.0,0.003,280,5.385
185,1,"3,3,K","7,8,J","double,stand",20.0,win,False,False,random-dfs,fixed,0.366,0.0,0.0,280,5.385
186,1,"K,J,J","Q,9",hit,10.0,lose,False,True,random-dfs,fixed,0.743,-4.0,-0.013,276,5.308
186,1,"K,J,J","Q,9","double,stand",20.0,lose,False,True,random-dfs,fixed,0.743,-4.0,-0.013,276,5.308
186,1,"K,J","Q,9",stand,10.0,win,False,False,random-dfs,fixed,0.743,-3.0,-0.01,276,5.308
187,1,"J,8,6","J,7",hit,10.0,lose,False,True,random-dfs,fixed,0.188,-1.0,-0.003,272,5.231
187,1,"J,8,6","J,7","double,stand",20.0,lose,False,True,random-dfs,fixed,0.188,-1.0,-0.003,272,5.231
187,1,"J,8","J,7",stand,10.0,win,False,False,random-dfs,fixed,0.188,-2.0,-0.006,272,5.231
188,1,"6,A","10,6,4",stand,10.0,lose,False,False,random-dfs,fixed,-0.191,1.0,0.003,268,5.154
188,1,"6,A,4","10,6,Q","double,stand",20.0,win,False,False,random-dfs,fixed,-0.191,0.0,0.0,268,5.154
188,1,"6,A,4","10,6,Q","hit,stand",10.0,win,False,False,random-dfs,fixed,-0.191,0.0,0.0,268,5.154
189,1,"4,Q,8","2,7,10",hit,10.0,lose,False,True,random-dfs,fixed,-0.194,0.0,0.0,264,5.077
189,1,"4,Q,8","2,7,10","double,stand",20.0,lose,False,True,random-dfs,fixed,-0.194,0.0,0.0,264,5.077
189,1,"4,Q","2,7,8",stand,10.0,lose,False,False,random-dfs,fixed,-0.194,1.0,0.003,264,5.077
190,1,"8,10,10","4,J,J",hit,10.0,lose,False,True,random-dfs,fixed,0.0,-3.0,-0.01,260,5.0
190,1,"8,10","4,J,10",stand,10.0,win,False,False,random-dfs,fixed,0.0,-2.0,-0.006,260,5.0
190,1,"8,10,10","4,J,J","double,stand",20.0,lose,False,True,random-dfs,fixed,0.0,-3.0,-0.01,260,5.0
191,1,"10,J,3","2,Q,8",hit,10.0,lose,False,True,random-dfs,fixed,-0.2,-1.0,-0.003,256,4.923
191,1,"10,J","2,Q,3,8",stand,10.0,win,False,False,random-dfs,fixed,-0.2,-1.0,-0.003,256,4.923
191,1,"10,J,3","2,Q,8","double,stand",20.0,lose,False,True,random-dfs,fixed,-0.2,-1.0,-0.003,256,4.923
192,1,"3,8,7","K,9","double,stand",20.0,lose,False,False,random-dfs,fixed,-0.609,0.0,0.0,252,4.846
192,1,"3,8,7","K,9","hit,stand",10.0,lose,False,False,random-dfs,fixed,-0.609,0.0,0.0,252,4.846
192,1,"3,8,7,4","K,9","hit,hit",10.0,lose,False,True,random-dfs,fixed,-0.609,1.0,0.003,252,4.846
192,1,"3,8","K,9",stand,10.0,lose,False,False,random-dfs,fixed,-0.609,0.0,0.0,252,4.846
193,1,"7,4","9,6,J",stand,10.0,win,False,False,random-dfs,fixed,-0.619,1.0,0.003,248,4.769
193,1,"7,4,J","9,6,4","double,stand",20.0,win,False,False,random-dfs,fixed,-0.619,2.0,0.006,248,4.769
193,1,"7,4,J","9,6,4","hit,stand",10.0,win,False,False,random-dfs,fixed,-0.619,2.0,0.006,248,4.769
194,1,"J,4","2,10,8",stand,10.0,lose,False,False,random-dfs,fixed,-0.21,0.0,0.0,244,4.692
194,1,"J,4,8","2,10,9",hit,10.0,lose,False,True,random-dfs,fixed,-0.21,0.0,0.0,244,4.692
194,1,"J,4,8","2,10,9","double,stand",20.0,lose,False,True,random-dfs,fixed,-0.21,0.0,0.0,244,4.692
195,1,"8,9,9","K,4,10",hit,10.0,lose,False,True,random-dfs,fixed,-0.213,-1.0,-0.003,240,4.615
195,1,"8,9","K,4,9",stand,10.0,win,False,False,random-dfs,fixed,-0.213,0.0,0.0,240,4.615
195,1,"8,9,9","K,4,10","double,stand",20.0,lose,False,True,random-dfs,fixed,-0.213,-1.0,-0.003,240,4.615
196,1,"9,10","10,10",stand,10.0,lose,False,False,random-dfs,fixed,-0.217,-3.0,-0.01,236,4.538
196,1,"9,10,9","10,10","double,stand",20.0,lose,False,True,random-dfs,fixed,-0.217,-3.0,-0.01,236,4.538
196,1,"9,10,9","10,10",hit,10.0,lose,False,True,random-dfs,fixed,-0.217,-3.0,-0.01,236,4.538
197,1,"9,J,Q","A,K","double,stand",20.0,lose,False,True,random-dfs,fixed,-0.881,-4.0,-0.013,232,4.462
197,1,"9,J,Q","A,K",hit,10.0,lose,False,True,random-dfs,fixed,-0.881,-4.0,-0.013,232,4.462
197,1,"9,J","A,K",stand,10.0,lose,False,False,random-dfs,fixed,-0.881,-3.0,-0.01,232,4.462
198,1,"Q,9,8","4,10,K","double,stand",20.0,lose,False,True,random-dfs,fixed,-1.569,-2.0,-0.006,228,4.385
198,1,"Q,9,8","4,10,K",hit,10.0,lose,False,True,random-dfs,fixed,-1.569,-2.0,-0.006,228,4.385
198,1,"Q,9","4,10,8",stand,10.0,win,False,False,random-dfs,fixed,-1.569,-1.0,-0.003,228,4.385
199,1,"8,K","J,A",stand,10.0,lose,False,False,random-dfs,fixed,-1.825,-3.0,-0.01,224,4.308
199,1,"8,K,5","J,A",hit,10.0,lose,False,True,random-dfs,fixed,-1.825,-2.0,-0.006,224,4.308
199,1,"8,K,5","J,A","double,stand",20.0,lose,False,True,random-dfs,fixed,-1.825,-2.0,-0.006,224,4.308
200,1,"5,7,3","9,3,Q","hit,stand",10.0,win,False,False,random-dfs,fixed,-2.554,2.0,0.006,220,4.231
200,1,"5,7,3,Q","9,3,4,9","hit,hit",10.0,lose,False,True,random-dfs,fixed,-2.554,3.0,0.01,220,4.231
200,1,"5,7,3","9,3,Q","double,stand",20.0,win,False,False,random-dfs,fixed,-2.554,2.0,0.006,220,4.231
200,1,"5,7","9,3,3,Q",stand,10.0,win,False,False,random-dfs,fixed,-2.554,2.0,0.006,220,4.231
201,1,"3,Q,A","4,9,4","double,stand",20.0,lose,False,False,random-dfs,fixed,-2.127,1.0,0.003,216,4.154
201,1,"3,Q,A,4,Q","4,9,2,4","hit,hit,hit",10.0,lose,False,True,random-dfs,fixed,-2.127,2.0,0.006,216,4.154
201,1,"3,Q,A,4","4,9,Q","hit,hit,stand",10.0,win,False,False,random-dfs,fixed,-2.127,0.0,0.0,216,4.154
201,1,"3,Q,A","4,9,4","hit,stand",10.0,lose,False,False,random-dfs,fixed,-2.127,1.0,0.003,216,4.154
201,1,"3,Q","4,9,A,4",stand,10.0,lose,False,False,random-dfs,fixed,-2.127,1.0,0.003,216,4.154
202,1,"A,4","Q,2,4,10",stand,10.0,win,False,False,random-dfs,fixed,-1.926,0.0,0.0,212,4.077
202,1,"A,4,4","Q,2,10","double,stand",20.0,win,False,False,random-dfs,fixed,-1.926,0.0,0.0,212,4.077
202,1,"A,4,4,10,2","Q,2,A,10","hit,hit,hit,stand",10.0,win,False,False,random-dfs,fixed,-1.926,-1.0,-0.003,212,4.077
202,1,"A,4,4,10","Q,2,2,A,10","hit,hit,stand",10.0,win,False,False,random-dfs,fixed,-1.926,-1.0,-0.003,212,4.077
202,1,"A,4,4","Q,2,10","hit,stand",10.0,win,False,False,random-dfs,fixed,-1.926,0.0,0.0,212,4.077
203,1,"4,10,10","2,A,J,2,J","double,stand",20.0,lose,False,True,random-dfs,fixed,-1.962,-2.0,-0.006,208,4.0
203,1,"4,10","2,A,10,J",stand,10.0,win,False,False,random-dfs,fixed,-1.962,-2.0,-0.006,208,4.0
203,1,"4,10,10","2,A,J,2,J",hit,10.0,lose,False,True,random-dfs,fixed,-1.962,-2.0,-0.006,208,4.0
204,1,"10,J,5","2,J,K","double,stand",20.0,lose,False,True,random-dfs,fixed,-2.0,-2.0,-0.006,204,3.923
204,1,"10,J","2,J,5",stand,10.0,win,False,False,random-dfs,fixed,-2.0,-1.0,-0.003,204,3.923
204,1,"10,J,5","2,J,K",hit,10.0,lose,False,True,random-dfs,fixed,-2.0,-2.0,-0.006,204,3.923
205,1,"5,K,K","4,4,Q","double,stand",20.0,lose,False,True,random-dfs,fixed,-2.549,0.0,0.0,200,3.846
205,1,"5,K","4,4,K",stand,10.0,lose,False,False,random-dfs,fixed,-2.549,1.0,0.003,200,3.846
205,1,"5,K,K","4,4,Q",hit,10.0,lose,False,True,random-dfs,fixed,-2.549,0.0,0.0,200,3.846
206,1,"K,Q","2,K,8",stand,10.0,push,False,False,random-dfs,fixed,-2.08,-2.0,-0.006,196,3.769
206,1,"K,Q,8","2,K,7","double,stand",20.0,lose,False,True,random-dfs,fixed,-2.08,-2.0,-0.006,196,3.769
206,1,"K,Q,8","2,K,7",hit,10.0,lose,False,True,random-dfs,fixed,-2.08,-2.0,-0.006,196,3.769
207,1,"8,7,J","Q,10","double,stand",20.0,lose,False,True,random-dfs,fixed,-2.653,-3.0,-0.01,192,3.692
207,1,"8,7","Q,10",stand,10.0,lose,False,False,random-dfs,fixed,-2.653,-2.0,-0.006,192,3.692
207,1,"8,7,J","Q,10",hit,10.0,lose,False,True,random-dfs,fixed,-2.653,-3.0,-0.01,192,3.692
208,1,"J,3","4,4,K",stand,10.0,lose,False,False,random-dfs,fixed,-3.25,1.0,0.003,188,3.615
208,1,"J,3,K","4,4,7,Q",hit,10.0,lose,False,True,random-dfs,fixed,-3.25,0.0,0.0,188,3.615
208,1,"J,3,K","4,4,7,Q","double,stand",20.0,lose,False,True,random-dfs,fixed,-3.25,0.0,0.0,188,3.615
209,1,"K,7,9","Q,A","double,stand",20.0,lose,False,True,random-dfs,fixed,-2.766,-3.0,-0.01,184,3.538
209,1,"K,7","Q,A",stand,10.0,lose,False,False,random-dfs,fixed,-2.766,-3.0,-0.01,184,3.538
209,1,"K,7,9","Q,A",hit,10.0,lose,False,True,random-dfs,fixed,-2.766,-3.0,-0.01,184,3.538
210,1,"9,2,A,5","K,6,10","hit,hit,stand",10.0,win,False,False,random-dfs,fixed,-3.674,0.0,0.0,180,3.462
210,1,"9,2,A,5,10","K,6,J","hit,hit,hit",10.0,lose,False,True,random-dfs,fixed,-3.674,-1.0,-0.003,180,3.462
210,1,"9,2,A","K,6,5","hit,stand",10.0,lose,False,False,random-dfs,fixed,-3.674,1.0,0.003,180,3.462
210,1,"9,2","K,6,A",stand,10.0,lose,False,False,random-dfs,fixed,-3.674,0.0,0.0,180,3.462
210,1,"9,2,A","K,6,5","double,stand",20.0,lose,False,False,random-dfs,fixed,-3.674,1.0,0.003,180,3.462
211,1,"A,5,4","10,J","double,stand",20.0,push,False,False,random-dfs,fixed,-3.467,-1.0,-0.003,176,3.385
211,1,"A,5,4","10,J","hit,stand",10.0,push,False,False,random-dfs,fixed,-3.467,-1.0,-0.003,176,3.385
211,1,"A,5,4,5","10,J","hit,hit,stand",10.0,lose,False,False,random-dfs,fixed,-3.467,0.0,0.0,176,3.385
211,1,"A,5,4,5,8","10,J","hit,hit,hit",10.0,lose,False,True,random-dfs,fixed,-3.467,0.0,0.0,176,3.385
211,1,"A,5","10,J",stand,10.0,lose,False,False,random-dfs,fixed,-3.467,-2.0,-0.006,176,3.385
212,1,"4,5,J","8,A","double,stand",20.0,push,False,False,random-dfs,fixed,-4.136,0.0,0.0,172,3.308
212,1,"4,5,J","8,A","hit,stand",10.0,push,False,False,random-dfs,fixed,-4.136,0.0,0.0,172,3.308
212,1,"4,5,J,Q","8,A","hit,hit",10.0,lose,False,True,random-dfs,fixed,-4.136,-1.0,-0.003,172,3.308
212,1,"4,5","8,A",stand,10.0,lose,False,False,random-dfs,fixed,-4.136,1.0,0.003,172,3.308
213,1,"J,Q,5","9,K",hit,10.0,lose,False,True,random-dfs,fixed,-3.93,-2.0,-0.006,168,3.231
213,1,"J,Q","9,K",stand,10.0,win,False,False,random-dfs,fixed,-3.93,-3.0,-0.01,168,3.231
213,1,"J,Q,5","9,K","double,stand",20.0,lose,False,True,random-dfs,fixed,-3.93,-2.0,-0.006,168,3.231
214,1,"5,A,6","5,7,8","double,stand",20.0,lose,False,False,random-dfs,fixed,-4.952,2.0,0.006,164,3.154
214,1,"5,A","5,7,6",stand,10.0,lose,False,False,random-dfs,fixed,-4.952,2.0,0.006,164,3.154
214,1,"5,A,6,8","5,7,4,7","hit,hit,stand",10.0,win,False,False,random-dfs,fixed,-4.952,3.0,0.01,164,3.154
214,1,"5,A,6,8,4","5,7,7","hit,hit,hit",10.0,lose,False,True,random-dfs,fixed,-4.952,3.0,0.01,164,3.154
214,1,"5,A,6","5,7,8","hit,stand",10.0,lose,False,False,random-dfs,fixed,-4.952,2.0,0.006,164,3.154
215,1,"6,8,Q","4,7,A,2,J",hit,10.0,lose,False,True,random-dfs,fixed,-4.756,0.0,0.0,160,3.077
215,1,"6,8","4,7,Q",stand,10.0,lose,False,False,random-dfs,fixed,-4.756,1.0,0.003,160,3.077
215,1,"6,8,Q","4,7,A,2,J","double,stand",20.0,lose,False,True,random-dfs,fixed,-4.756,0.0,0.0,160,3.077
216,1,"Q,A","2,J,Q",stand,10.0,win,True,False,random-dfs,fixed,-4.225,-3.0,-0.01,156,3.0
217,1,"Q,K,8","7,6,Q","double,stand",20.0,lose,False,True,random-dfs,fixed,-5.0,-2.0,-0.006,152,2.923
217,1,"Q,K,8","7,6,Q",hit,10.0,lose,False,True,random-dfs,fixed,-5.0,-2.0,-0.006,152,2.923
217,1,"Q,K","7,6,8",stand,10.0,lose,False,False,random-dfs,fixed,-5.0,-1.0,-0.003,152,2.923
218,1,"8,Q,3","A,4,Q,3","hit,stand",10.0,win,False,False,random-dfs,fixed,-5.474,0.0,0.0,148,2.846
218,1,"8,Q,3","A,4,Q,3","double,stand",20.0,win,False,False,random-dfs,fixed,-5.474,0.0,0.0,148,2.846
218,1,"8,Q","A,4,3",stand,10.0,push,False,False,random-dfs,fixed,-5.474,0.0,0.0,148,2.846
219,1,"3,Q","3,8,9",stand,10.0,lose,False,False,random-dfs,fixed,-5.973,1.0,0.003,144,2.769
219,1,"3,Q,9","3,8,4,4",hit,10.0,lose,False,True,random-dfs,fixed,-5.973,3.0,0.01,144,2.769
219,1,"3,Q,9","3,8,4,4","double,stand",20.0,lose,False,True,random-dfs,fixed,-5.973,3.0,0.01,144,2.769
220,1,"9,4,10","4,7,6",hit,10.0,lose,False,True,random-dfs,fixed,-5.778,2.0,0.006,140,2.692
220,1,"9,4,10","4,7,6","double,stand",20.0,lose,False,True,random-dfs,fixed,-5.778,2.0,0.006,140,2.692
220,1,"9,4","4,7,10",stand,10.0,lose,False,False,random-dfs,fixed,-5.778,1.0,0.003,140,2.692
221,1,"10,6,9","3,4,5,8",hit,10.0,lose,False,True,random-dfs,fixed,-5.2,3.0,0.01,136,2.615
221,1,"10,6,9","3,4,5,8","double,stand",20.0,lose,False,True,random-dfs,fixed,-5.2,3.0,0.01,136,2.615
221,1,"10,6","3,4,9,5",stand,10.0,lose,False,False,random-dfs,fixed,-5.2,3.0,0.01,136,2.615
222,1,"9,5","8,6,9",stand,10.0,win,False,False,random-dfs,fixed,-4.588,2.0,0.006,132,2.538
222,1,"9,5,9","8,6,10","double,stand",20.0,lose,False,True,random-dfs,fixed,-4.588,1.0,0.003,132,2.538
222,1,"9,5,9","8,6,10",hit,10.0,lose,False,True,random-dfs,fixed,-4.588,1.0,0.003,132,2.538
223,1,"9,10,6","A,6",hit,10.0,lose,False,True,random-dfs,fixed,-3.939,0.0,0.0,128,2.462
223,1,"9,10","A,6",stand,10.0,win,False,False,random-dfs,fixed,-3.939,-1.0,-0.003,128,2.462
223,1,"9,10,6","A,6","double,stand",20.0,lose,False,True,random-dfs,fixed,-3.939,0.0,0.0,128,2.462
224,1,"6,2,9","4,3,J","double,stand",20.0,push,False,False,random-dfs,fixed,-4.469,3.0,0.01,124,2.385
224,1,"6,2,9,J","4,3,7,A,3","hit,hit",10.0,lose,False,True,random-dfs,fixed,-4.469,3.0,0.01,124,2.385
224,1,"6,2,9","4,3,J","hit,stand",10.0,push,False,False,random-dfs,fixed,-4.469,3.0,0.01,124,2.385
224,1,"6,2","4,3,9,J",stand,10.0,win,False,False,random-dfs,fixed,-4.469,3.0,0.01,124,2.385
225,1,"9,J,3","7,A",hit,10.0,lose,False,True,random-dfs,fixed,-2.935,-1.0,-0.003,120,2.308
225,1,"9,J,3","7,A","double,stand",20.0,lose,False,True,random-dfs,fixed,-2.935,-1.0,-0.003,120,2.308
225,1,"9,J","7,A",stand,10.0,win,False,False,random-dfs,fixed,-2.935,-2.0,-0.006,120,2.308
226,1,"3,10,9","10,2,2,10",hit,10.0,lose,False,True,random-dfs,fixed,-3.9,0.0,0.0,116,2.231
226,1,"3,10","10,2,9",stand,10.0,lose,False,False,random-dfs,fixed,-3.9,0.0,0.0,116,2.231
226,1,"3,10,9","10,2,2,10","double,stand",20.0,lose,False,True,random-dfs,fixed,-3.9,0.0,0.0,116,2.231
227,1,"9,2,9","10,K","double,stand",20.0,push,False,False,random-dfs,fixed,-4.034,-1.0,-0.003,112,2.154
227,1,"9,2,9,Q","10,K","hit,hit",10.0,lose,False,True,random-dfs,fixed,-4.034,-2.0,-0.006,112,2.154
227,1,"9,2,9","10,K","hit,stand",10.0,push,False,False,random-dfs,fixed,-4.034,-1.0,-0.003,112,2.154
227,1,"9,2","10,K",stand,10.0,lose,False,False,random-dfs,fixed,-4.034,-1.0,-0.003,112,2.154
228,1,"9,Q,K","5,7,3,8",hit,10.0,lose,False,True,random-dfs,fixed,-4.643,0.0,0.0,108,2.077
228,1,"9,Q,K","5,7,3,8","double,stand",20.0,lose,False,True,random-dfs,fixed,-4.643,0.0,0.0,108,2.077
228,1,"9,Q","5,7,K",stand,10.0,win,False,False,random-dfs,fixed,-4.643,-1.0,-0.003,108,2.077
229,1,"K,3,K","8,5,5","double,stand",20.0,lose,False,True,random-dfs,fixed,-4.815,1.0,0.003,104,2.0
229,1,"K,3,K","8,5,5",hit,10.0,lose,False,True,random-dfs,fixed,-4.815,1.0,0.003,104,2.0
229,1,"K,3","8,5,K",stand,10.0,win,False,False,random-dfs,fixed,-4.815,0.0,0.0,104,2.0
230,1,"K,5,6","5,9,Q","double,stand",20.0,win,False,False,random-dfs,fixed,-4.5,1.0,0.003,100,1.923
230,1,"K,5,6","5,9,Q","hit,stand",10.0,win,False,False,random-dfs,fixed,-4.5,1.0,0.003,100,1.923
230,1,"K,5","5,9,6",stand,10.0,lose,False,False,random-dfs,fixed,-4.5,2.0,0.006,100,1.923
231,1,"6,Q,Q","A,A,4,10,9","double,stand",20.0,lose,False,True,random-dfs,fixed,-4.16,-3.0,-0.01,96,1.846
231,1,"6,Q,Q","A,A,4,10,9",hit,10.0,lose,False,True,random-dfs,fixed,-4.16,-3.0,-0.01,96,1.846
231,1,"6,Q","A,A,Q,4,10",stand,10.0,win,False,False,random-dfs,fixed,-4.16,-3.0,-0.01,96,1.846
232,1,"Q,4","10,9",stand,10.0,lose,False,False,random-dfs,fixed,-5.417,-1.0,-0.003,92,1.769
232,1,"Q,4,2,8","10,9","hit,hit",10.0,lose,False,True,random-dfs,fixed,-5.417,0.0,0.0,92,1.769
232,1,"Q,4,2","10,9","hit,stand",10.0,lose,False,False,random-dfs,fixed,-5.417,0.0,0.0,92,1.769
232,1,"Q,4,2","10,9","double,stand",20.0,lose,False,False,random-dfs,fixed,-5.417,0.0,0.0,92,1.769
233,1,"2,8,A","K,K","hit,stand",10.0,win,False,False,random-dfs,fixed,-6.217,-2.0,-0.006,88,1.692
233,1,"2,8,A","K,K","double,stand",20.0,win,False,False,random-dfs,fixed,-6.217,-2.0,-0.006,88,1.692
233,1,"2,8","K,K",stand,10.0,lose,False,False,random-dfs,fixed,-6.217,-1.0,-0.003,88,1.692
234,1,"A,6,2","3,K,Q","double,stand",20.0,win,False,False,random-dfs,fixed,-7.091,0.0,0.0,84,1.615
234,1,"A,6,2","3,K,Q","hit,stand",10.0,win,False,False,random-dfs,fixed,-7.091,0.0,0.0,84,1.615
234,1,"A,6,2,Q,3","3,K,2,6","hit,hit,hit",10.0,lose,False,True,random-dfs,fixed,-7.091,3.0,0.01,84,1.615
234,1,"A,6,2,Q","3,K,3,2","hit,hit,stand",10.0,win,False,False,random-dfs,fixed,-7.091,2.0,0.006,84,1.615
234,1,"A,6","3,K,2,Q",stand,10.0,win,False,False,random-dfs,fixed,-7.091,0.0,0.0,84,1.615
235,1,"2,Q,6","3,2,7,5","double,stand",20.0,win,False,False,random-dfs,fixed,-7.429,4.0,0.013,80,1.538
235,1,"2,Q,6,7","3,2,5,A","hit,hit",10.0,lose,False,True,random-dfs,fixed,-7.429,3.0,0.01,80,1.538
235,1,"2,Q,6","3,2,7,5","hit,stand",10.0,win,False,False,random-dfs,fixed,-7.429,4.0,0.013,80,1.538
235,1,"2,Q","3,2,6,7",stand,10.0,lose,False,False,random-dfs,fixed,-7.429,3.0,0.01,80,1.538
236,1,"6,7","5,A,A",stand,10.0,lose,False,False,random-dfs,fixed,-6.5,0.0,0.0,76,1.462
236,1,"6,7,A","5,A,3","double,stand",20.0,lose,False,False,random-dfs,fixed,-6.5,1.0,0.003,76,1.462
236,1,"6,7,A,3,8","5,A,8,8","hit,hit,hit",10.0,lose,False,True,random-dfs,fixed,-6.5,1.0,0.003,76,1.462
236,1,"6,7,A,3","5,A,8,8","hit,hit,stand",10.0,win,False,False,random-dfs,fixed,-6.5,1.0,0.003,76,1.462
236,1,"6,7,A","5,A,3","hit,stand",10.0,lose,False,False,random-dfs,fixed,-6.5,1.0,0.003,76,1.462
237,1,"9,5","A,7",stand,10.0,lose,False,False,random-dfs,fixed,0.0,0.0,0.0,308,5.923
237,1,"9,5,4","A,7","double,stand",20.0,push,False,False,random-dfs,fixed,0.0,1.0,0.003,308,5.923
237,1,"9,5,4","A,7","hit,stand",10.0,push,False,False,random-dfs,fixed,0.0,1.0,0.003,308,5.923
237,1,"9,5,4,5","A,7","hit,hit",10.0,lose,False,True,random-dfs,fixed,0.0,2.0,0.006,308,5.923
238,1,"4,5,K,A","4,7,5,8","hit,hit,stand",10.0,win,False,False,random-dfs,fixed,0.0,2.0,0.006,304,5.846
238,1,"4,5,K,A,5","4,7,8","hit,hit,hit",10.0,lose,False,True,random-dfs,fixed,0.0,2.0,0.006,304,5.846
238,1,"4,5,K","4,7,A,5","hit,stand",10.0,win,False,False,random-dfs,fixed,0.0,2.0,0.006,304,5.846
238,1,"4,5,K","4,7,A,5","double,stand",20.0,win,False,False,random-dfs,fixed,0.0,2.0,0.006,304,5.846
238,1,"4,5","4,7,K",stand,10.0,lose,False,False,random-dfs,fixed,0.0,2.0,0.006,304,5.846
239,1,"K,A","5,8,6",stand,10.0,win,True,False,random-dfs,fixed,0.513,0.0,0.0,300,5.769
240,1,"6,9","8,9",stand,10.0,lose,False,False,random-dfs,fixed,0.347,1.0,0.003,296,5.692
240,1,"6,9,7","8,9","double,stand",20.0,lose,False,True,random-dfs,fixed,0.347,1.0,0.003,296,5.692
240,1,"6,9,7","8,9",hit,10.0,lose,False,True,random-dfs,fixed,0.347,1.0,0.003,296,5.692
241,1,"7,4,Q","J,Q","double,stand",20.0,win,False,False,random-dfs,fixed,0.527,-2.0,-0.006,292,5.615
241,1,"7,4,Q","J,Q","hit,stand",10.0,win,False,False,random-dfs,fixed,0.527,-2.0,-0.006,292,5.615
241,1,"7,4","J,Q",stand,10.0,lose,False,False,random-dfs,fixed,0.527,-1.0,-0.003,292,5.615
242,1,"Q,9,3","2,6,7,7",hit,10.0,lose,False,True,random-dfs,fixed,0.356,2.0,0.006,288,5.538
242,1,"Q,9,3","2,6,7,7","double,stand",20.0,lose,False,True,random-dfs,fixed,0.356,2.0,0.006,288,5.538
242,1,"Q,9","2,6,3,7",stand,10.0,win,False,False,random-dfs,fixed,0.356,2.0,0.006,288,5.538
243,1,"3,7,2","7,Q","double,stand",20.0,lose,False,False,random-dfs,fixed,0.542,1.0,0.003,284,5.462
243,1,"3,7,2","7,Q","hit,stand",10.0,lose,False,False,random-dfs,fixed,0.542,1.0,0.003,284,5.462
243,1,"3,7,2,9","7,Q","hit,hit,stand",10.0,win,False,False,random-dfs,fixed,0.542,1.0,0.003,284,5.462
243,1,"3,7","7,Q",stand,10.0,lose,False,False,random-dfs,fixed,0.542,0.0,0.0,284,5.462
244,1,"2,9","6,6,7",stand,10.0,lose,False,False,random-dfs,fixed,0.549,3.0,0.01,280,5.385
244,1,"2,9,7","6,6,A,2,9","double,stand",20.0,win,False,False,random-dfs,fixed,0.549,3.0,0.01,280,5.385
244,1,"2,9,7,A","6,6,2,9","hit,hit,stand",10.0,win,False,False,random-dfs,fixed,0.549,3.0,0.01,280,5.385
244,1,"2,9,7,A,2","6,6,9","hit,hit,hit,stand",10.0,push,False,False,random-dfs,fixed,0.549,3.0,0.01,280,5.385
244,1,"2,9,7","6,6,A,2,9","hit,stand",10.0,win,False,False,random-dfs,fixed,0.549,3.0,0.01,280,5.385
245,1,"7,A,4,7","2,9,3,K","hit,hit,stand",10.0,win,False,False,random-dfs,fixed,1.114,1.0,0.003,276,5.308
245,1,"7,A,4,7,3","2,9,K","hit,hit,hit",10.0,lose,False,True,random-dfs,fixed,1.114,1.0,0.003,276,5.308
245,1,"7,A,4","2,9,7","hit,stand",10.0,lose,False,False,random-dfs,fixed,1.114,1.0,0.003,276,5.308
245,1,"7,A","2,9,4,7",stand,10.0,win,False,False,random-dfs,fixed,1.114,1.0,0.003,276,5.308
245,1,"7,A,4","2,9,7","double,stand",20.0,lose,False,False,random-dfs,fixed,1.114,1.0,0.003,276,5.308
246,1,"4,7,10","3,K,8","hit,stand",10.0,push,False,False,random-dfs,fixed,1.13,0.0,0.0,272,5.231
246,1,"4,7,10","3,K,8","double,stand",20.0,push,False,False,random-dfs,fixed,1.13,0.0,0.0,272,5.231
246,1,"4,7","3,K,10",stand,10.0,win,False,False,random-dfs,fixed,1.13,0.0,0.0,272,5.231
247,1,"10,8","J,K",stand,10.0,lose,False,False,random-dfs,fixed,1.338,-3.0,-0.01,268,5.154
247,1,"10,8,J","J,K","double,stand",20.0,lose,False,True,random-dfs,fixed,1.338,-4.0,-0.013,268,5.154
247,1,"10,8,J","J,K",hit,10.0,lose,False,True,random-dfs,fixed,1.338,-4.0,-0.013,268,5.154
248,1,"J,9","8,A",stand,10.0,push,False,False,random-dfs,fixed,0.776,-2.0,-0.006,264,5.077
248,1,"J,9,4","8,A","double,stand",20.0,lose,False,True,random-dfs,fixed,0.776,-1.0,-0.003,264,5.077
248,1,"J,9,4","8,A",hit,10.0,lose,False,True,random-dfs,fixed,0.776,-1.0,-0.003,264,5.077
249,1,"4,J","9,A",stand,10.0,lose,False,False,random-dfs,fixed,0.394,-1.0,-0.003,260,5.0
249,1,"4,J,A","9,A","double,stand",20.0,lose,False,False,random-dfs,fixed,0.394,-2.0,-0.006,260,5.0
249,1,"4,J,A","9,A","hit,stand",10.0,lose,False,False,random-dfs,fixed,0.394,-2.0,-0.006,260,5.0
249,1,"4,J,A,K","9,A","hit,hit",10.0,lose,False,True,random-dfs,fixed,0.394,-3.0,-0.01,260,5.0
250,1,"A,K","10,10",stand,10.0,win,True,False,random-dfs,fixed,0.2,-4.0,-0.013,256,4.923
251,1,"A,5,8","6,10,A","double,stand",20.0,lose,False,False,random-dfs,fixed,-0.609,-1.0,-0.003,252,4.846
251,1,"A,5,8,A,A","6,10,3","hit,hit,hit,stand",10.0,lose,False,False,random-dfs,fixed,-0.609,-1.0,-0.003,252,4.846
251,1,"A,5,8,A,A,3","6,10,9","hit,hit,hit,hit,stand",10.0,win,False,False,random-dfs,fixed,-0.609,-1.0,-0.003,252,4.846
251,1,"A,5,8,A,A,3,9","6,10,K","hit,hit,hit,hit,hit",10.0,lose,False,True,random-dfs,fixed,-0.609,-2.0,-0.006,252,4.846
251,1,"A,5,8,A","6,10,A","hit,hit,stand",10.0,lose,False,False,random-dfs,fixed,-0.609,-2.0,-0.006,252,4.846
251,1,"A,5,8","6,10,A","hit,stand",10.0,lose,False,False,random-dfs,fixed,-0.609,-1.0,-0.003,252,4.846
251,1,"A,5","6,10,8",stand,10.0,win,False,False,random-dfs,fixed,-0.609,0.0,0.0,252,4.846
252,1,"8,A,9","A,3,K,K","double,stand",20.0,win,False,False,random-dfs,fixed,-0.619,-3.0,-0.01,248,4.769
252,1,"8,A,9,K","A,3,K,J","hit,hit",10.0,lose,False,True,random-dfs,fixed,-0.619,-4.0,-0.013,248,4.769
252,1,"8,A,9","A,3,K,K","hit,stand",10.0,win,False,False,random-dfs,fixed,-0.619,-3.0,-0.01,248,4.769
252,1,"8,A","A,3,9,K",stand,10.0,win,False,False,random-dfs,fixed,-0.619,-2.0,-0.006,248,4.769
253,1,"9,K","K,J",stand,10.0,lose,False,False,random-dfs,fixed,-0.839,-3.0,-0.01,244,4.692
253,1,"9,K,3","K,J",hit,10.0,lose,False,True,random-dfs,fixed,-0.839,-2.0,-0.006,244,4.692
253,1,"9,K,3","K,J","double,stand",20.0,lose,False,True,random-dfs,fixed,-0.839,-2.0,-0.006,244,4.692
254,1,"3,Q","6,8,5",stand,10.0,lose,False,False,random-dfs,fixed,-1.492,2.0,0.006,240,4.615
254,1,"3,Q,5","6,8,3","double,stand",20.0,win,False,False,random-dfs,fixed,-1.492,3.0,0.01,240,4.615
254,1,"3,Q,5,3","6,8,3","hit,hit,stand",10.0,win,False,False,random-dfs,fixed,-1.492,4.0,0.013,240,4.615
254,1,"3,Q,5","6,8,3","hit,stand",10.0,win,False,False,random-dfs,fixed,-1.492,3.0,0.01,240,4.615
255,1,"5,3,5","3,4,2,Q","double,stand",20.0,lose,False,False,random-dfs,fixed,-1.3,5.0,0.016,236,4.538
255,1,"5,3","3,4,5,2,Q",stand,10.0,win,False,False,random-dfs,fixed,-1.3,5.0,0.016,236,4.538
255,1,"5,3,5","3,4,2,Q","hit,stand",10.0,lose,False,False,random-dfs,fixed,-1.3,5.0,0.016,236,4.538
255,1,"5,3,5,2","3,4,Q","hit,hit,stand",10.0,lose,False,False,random-dfs,fixed,-1.3,5.0,0.016,236,4.538
255,1,"5,3,5,2,Q","3,4,2,4,A,A,K","hit,hit,hit",10.0,lose,False,True,random-dfs,fixed,-1.3,4.0,0.013,236,4.538
256,1,"5,2,4","Q,2,A,A,K","double,stand",20.0,win,False,False,random-dfs,fixed,-0.441,0.0,0.0,232,4.462
256,1,"5,2","Q,2,4,A",stand,10.0,lose,False,False,random-dfs,fixed,-0.441,2.0,0.006,232,4.462
256,1,"5,2,4,A,A,K","Q,2,8","hit,hit,hit,hit",10.0,lose,False,True,random-dfs,fixed,-0.441,0.0,0.0,232,4.462
256,1,"5,2,4,A,A","Q,2,K","hit,hit,hit,stand",10.0,win,False,False,random-dfs,fixed,-0.441,0.0,0.0,232,4.462
256,1,"5,2,4,A","Q,2,A,K","hit,hit,stand",10.0,win,False,False,random-dfs,fixed,-0.441,0.0,0.0,232,4.462
256,1,"5,2,4","Q,2,A,A,K","hit,stand",10.0,win,False,False,random-dfs,fixed,-0.441,0.0,0.0,232,4.462
257,1,"4,A,8","A,K","double,stand",20.0,lose,False,False,random-dfs,fixed,0.0,-2.0,-0.006,228,4.385
257,1,"4,A","A,K",stand,10.0,lose,False,False,random-dfs,fixed,0.0,-2.0,-0.006,228,4.385
257,1,"4,A,8,3,3","A,K","hit,hit,hit,stand",10.0,lose,False,False,random-dfs,fixed,0.0,0.0,0.0,228,4.385
257,1,"4,A,8,3,3,3","A,K","hit,hit,hit,hit",10.0,lose,False,True,random-dfs,fixed,0.0,1.0,0.003,228,4.385
257,1,"4,A,8,3","A,K","hit,hit,stand",10.0,lose,False,False,random-dfs,fixed,0.0,-1.0,-0.003,228,4.385
257,1,"4,A,8","A,K","hit,stand",10.0,lose,False,False,random-dfs,fixed,0.0,-2.0,-0.006,228,4.385
258,1,"8,3","3,3,6,4,7",stand,10.0,win,False,False,random-dfs,fixed,-0.456,5.0,0.016,224,4.308
258,1,"8,3,6","3,3,4,7","double,stand",20.0,push,False,False,random-dfs,fixed,-0.456,5.0,0.016,224,4.308
258,1,"8,3,6","3,3,4,7","hit,stand",10.0,push,False,False,random-dfs,fixed,-0.456,5.0,0.016,224,4.308
258,1,"8,3,6,4","3,3,7,4","hit,hit,stand",10.0,win,False,False,random-dfs,fixed,-0.456,6.0,0.019,224,4.308
259,1,"6,4","7,4,5,2",stand,10.0,lose,False,False,random-dfs,fixed,0.232,5.0,0.016,220,4.231
259,1,"6,4,5,2,7","7,4,5,10","hit,hit,hit",10.0,lose,False,True,random-dfs,fixed,0.232,5.0,0.016,220,4.231
259,1,"6,4,5,2","7,4,7","hit,hit,stand",10.0,lose,False,False,random-dfs,fixed,0.232,5.0,0.016,220,4.231
259,1,"6,4,5","7,4,2,7","hit,stand",10.0,lose,False,False,random-dfs,fixed,0.232,5.0,0.016,220,4.231
259,1,"6,4,5","7,4,2,7","double,stand",20.0,lose,False,False,random-dfs,fixed,0.232,5.0,0.016,220,4.231
260,1,"5,2,10","7,5,10","hit,stand",10.0,win,False,False,random-dfs,fixed,0.945,1.0,0.003,216,4.154
260,1,"5,2,10,10","7,5,4,3","hit,hit",10.0,lose,False,True,random-dfs,fixed,0.945,3.0,0.01,216,4.154
260,1,"5,2","7,5,10",stand,10.0,win,False,False,random-dfs,fixed,0.945,2.0,0.006,216,4.154
260,1,"5,2,10","7,5,10","double,stand",20.0,win,False,False,random-dfs,fixed,0.945,1.0,0.003,216,4.154
261,1,"10,10,4","4,3,Q",hit,10.0,lose,False,True,random-dfs,fixed,1.685,0.0,0.0,212,4.077
261,1,"10,10","4,3,4,Q",stand,10.0,lose,False,False,random-dfs,fixed,1.685,0.0,0.0,212,4.077
261,1,"10,10,4","4,3,Q","double,stand",20.0,lose,False,True,random-dfs,fixed,1.685,0.0,0.0,212,4.077
262,1,"4,Q,9","2,8,K","double,stand",20.0,lose,False,True,random-dfs,fixed,1.717,0.0,0.0,208,4.0
262,1,"4,Q","2,8,9",stand,10.0,lose,False,False,random-dfs,fixed,1.717,1.0,0.003,208,4.0
262,1,"4,Q,9","2,8,K",hit,10.0,lose,False,True,random-dfs,fixed,1.717,0.0,0.0,208,4.0
263,1,"9,K,10","9,K",hit,10.0,lose,False,True,random-dfs,fixed,2.0,-3.0,-0.01,204,3.923
263,1,"9,K,10","9,K","double,stand",20.0,lose,False,True,random-dfs,fixed,2.0,-3.0,-0.01,204,3.923
263,1,"9,K","9,K",stand,10.0,push,False,False,random-dfs,fixed,2.0,-2.0,-0.006,204,3.923
264,1,"10,J","3,5,9",stand,10.0,win,False,False,random-dfs,fixed,1.529,0.0,0.0,200,3.846
264,1,"10,J,9","3,5,9",hit,10.0,lose,False,True,random-dfs,fixed,1.529,0.0,0.0,200,3.846
264,1,"10,J,9","3,5,9","double,stand",20.0,lose,False,True,random-dfs,fixed,1.529,0.0,0.0,200,3.846
265,1,"9,9,Q","6,7,10",hit,10.0,lose,False,True,random-dfs,fixed,1.56,-1.0,-0.003,196,3.769
265,1,"9,9","6,7,Q",stand,10.0,win,False,False,random-dfs,fixed,1.56,0.0,0.0,196,3.769
265,1,"9,9,Q","6,7,10","double,stand",20.0,lose,False,True,random-dfs,fixed,1.56,-1.0,-0.003,196,3.769
266,1,"Q,10","4,3,A",stand,10.0,win,False,False,random-dfs,fixed,1.857,-1.0,-0.003,192,3.692
266,1,"Q,10,A","4,3,10","hit,stand",10.0,win,False,False,random-dfs,fixed,1.857,-2.0,-0.006,192,3.692
266,1,"Q,10,A","4,3,10","double,stand",20.0,win,False,False,random-dfs,fixed,1.857,-2.0,-0.006,192,3.692
267,1,"A,10","7,Q",stand,10.0,win,True,False,random-dfs,fixed,1.896,-3.0,-0.01,188,3.615
268,1,"J,8,5","6,10,J",hit,10.0,lose,False,True,random-dfs,fixed,1.106,-1.0,-0.003,184,3.538
268,1,"J,8,5","6,10,J","double,stand",20.0,lose,False,True,random-dfs,fixed,1.106,-1.0,-0.003,184,3.538
268,1,"J,8","6,10,5",stand,10.0,lose,False,False,random-dfs,fixed,1.106,0.0,0.0,184,3.538
269,1,"5,J","8,7,8",stand,10.0,win,False,False,random-dfs,fixed,0.848,0.0,0.0,180,3.462
269,1,"5,J,8","8,7,4","double,stand",20.0,lose,False,True,random-dfs,fixed,0.848,1.0,0.003,180,3.462
269,1,"5,J,8","8,7,4",hit,10.0,lose,False,True,random-dfs,fixed,0.848,1.0,0.003,180,3.462
270,1,"8,4,2","K,J","hit,stand",10.0,lose,False,False,random-dfs,fixed,0.867,0.0,0.0,176,3.385
270,1,"8,4,2,8","K,J","hit,hit",10.0,lose,False,True,random-dfs,fixed,0.867,0.0,0.0,176,3.385
270,1,"8,4","K,J",stand,10.0,lose,False,False,random-dfs,fixed,0.867,-1.0,-0.003,176,3.385
270,1,"8,4,2","K,J","double,stand",20.0,lose,False,False,random-dfs,fixed,0.867,0.0,0.0,176,3.385
271,1,"2,8,K","Q,10","double,stand",20.0,push,False,False,random-dfs,fixed,0.591,-2.0,-0.006,172,3.308
271,1,"2,8,K","Q,10","hit,stand",10.0,push,False,False,random-dfs,fixed,0.591,-2.0,-0.006,172,3.308
271,1,"2,8,K,Q","Q,10","hit,hit",10.0,lose,False,True,random-dfs,fixed,0.591,-3.0,-0.01,172,3.308
271,1,"2,8","Q,10",stand,10.0,lose,False,False,random-dfs,fixed,0.591,-1.0,-0.003,172,3.308
272,1,"K,Q","2,2,K,J",stand,10.0,win,False,False,random-dfs,fixed,0.302,-2.0,-0.006,168,3.231
272,1,"K,Q,K","2,2,J,3",hit,10.0,lose,False,True,random-dfs,fixed,0.302,-1.0,-0.003,168,3.231
272,1,"K,Q,K","2,2,J,3","double,stand",20.0,lose,False,True,random-dfs,fixed,0.302,-1.0,-0.003,168,3.231
273,1,"K,J,5","3,8,8",hit,10.0,lose,False,True,random-dfs,fixed,0.31,0.0,0.0,164,3.154
273,1,"K,J","3,8,5,8",stand,10.0,win,False,False,random-dfs,fixed,0.31,0.0,0.0,164,3.154
273,1,"K,J,5","3,8,8","double,stand",20.0,lose,False,True,random-dfs,fixed,0.31,0.0,0.0,164,3.154
274,1,"5,8","3,2,J,7",stand,10.0,win,False,False,random-dfs,fixed,0.0,2.0,0.006,160,3.077
274,1,"5,8,J","3,2,7,3,A,2","double,stand",20.0,lose,False,True,random-dfs,fixed,0.0,3.0,0.01,160,3.077
274,1,"5,8,J","3,2,7,3,A,2",hit,10.0,lose,False,True,random-dfs,fixed,0.0,3.0,0.01,160,3.077
275,1,"J,7,2,Q","3,A,9,J","hit,hit",10.0,lose,False,True,random-dfs,fixed,0.975,-2.0,-0.006,156,3.0
275,1,"J,7,2","3,A,Q,9","hit,stand",10.0,win,False,False,random-dfs,fixed,0.975,-1.0,-0.003,156,3.0
275,1,"J,7","3,A,2,Q,9",stand,10.0,win,False,False,random-dfs,fixed,0.975,-1.0,-0.003,156,3.0
275,1,"J,7,2","3,A,Q,9","double,stand",20.0,win,False,False,random-dfs,fixed,0.975,-1.0,-0.003,156,3.0
276,1,"2,Q,Q","9,J",hit,10.0,lose,False,True,random-dfs,fixed,0.667,-2.0,-0.006,152,2.923
276,1,"2,Q","9,J",stand,10.0,lose,False,False,random-dfs,fixed,0.667,-1.0,-0.003,152,2.923
276,1,"2,Q,Q","9,J","double,stand",20.0,lose,False,True,random-dfs,fixed,0.667,-2.0,-0.006,152,2.923
277,1,"Q,8,J","8,10",hit,10.0,lose,False,True,random-dfs,fixed,0.342,-3.0,-0.01,148,2.846
277,1,"Q,8,J","8,10","double,stand",20.0,lose,False,True,random-dfs,fixed,0.342,-3.0,-0.01,148,2.846
277,1,"Q,8","8,10",stand,10.0,push,False,False,random-dfs,fixed,0.342,-2.0,-0.006,148,2.846
278,1,"J,5","K,J",stand,10.0,lose,False,False,random-dfs,fixed,-0.351,-2.0,-0.006,144,2.769
278,1,"J,5,A","K,J","hit,stand",10.0,lose,False,False,random-dfs,fixed,-0.351,-3.0,-0.01,144,2.769
278,1,"J,5,A,J","K,J","hit,hit",10.0,lose,False,True,random-dfs,fixed,-0.351,-4.0,-0.013,144,2.769
278,1,"J,5,A","K,J","double,stand",20.0,lose,False,False,random-dfs,fixed,-0.351,-3.0,-0.01,144,2.769
279,1,"A,J","K,7",stand,10.0,win,True,False,random-dfs,fixed,-1.083,-3.0,-0.01,140,2.692
280,1,"2,J,A","5,5,9","hit,stand",10.0,lose,False,False,random-dfs,fixed,-2.229,1.0,0.003,136,2.615
280,1,"2,J,A,9","5,5,5,2","hit,hit",10.0,lose,False,True,random-dfs,fixed,-2.229,3.0,0.01,136,2.615
280,1,"2,J,A","5,5,9","double,stand",20.0,lose,False,False,random-dfs,fixed,-2.229,1.0,0.003,136,2.615
280,1,"2,J","5,5,A",stand,10.0,lose,False,False,random-dfs,fixed,-2.229,1.0,0.003,136,2.615
281,1,"A,9","5,2,4,4,J",stand,10.0,win,False,False,random-dfs,fixed,-1.529,2.0,0.006,132,2.538
281,1,"A,9,4","5,2,4,J","double,stand",20.0,lose,False,False,random-dfs,fixed,-1.529,2.0,0.006,132,2.538
281,1,"A,9,4,4,J","5,2,10","hit,hit,hit",10.0,lose,False,True,random-dfs,fixed,-1.529,1.0,0.003,132,2.538
281,1,"A,9,4,4","5,2,J","hit,hit,stand",10.0,win,False,False,random-dfs,fixed,-1.529,2.0,0.006,132,2.538
281,1,"A,9,4","5,2,4,J","hit,stand",10.0,lose,False,False,random-dfs,fixed,-1.529,2.0,0.006,132,2.538
282,1,"4,4","J,10",stand,10.0,lose,False,False,random-dfs,fixed,-1.182,0.0,0.0,128,2.462
282,1,"4,4,3","J,10","hit,stand",10.0,lose,False,False,random-dfs,fixed,-1.182,1.0,0.003,128,2.462
282,1,"4,4,3,10","J,10","hit,hit,stand",10.0,win,False,False,random-dfs,fixed,-1.182,0.0,0.0,128,2.462
282,1,"4,4,3","J,10","double,stand",20.0,lose,False,False,random-dfs,fixed,-1.182,1.0,0.003,128,2.462
283,1,"3,10,5","A,J","hit,stand",10.0,lose,False,False,random-dfs,fixed,-1.219,-1.0,-0.003,124,2.385
283,1,"3,10,5,5","A,J","hit,hit",10.0,lose,False,True,random-dfs,fixed,-1.219,0.0,0.0,124,2.385
283,1,"3,10","A,J",stand,10.0,lose,False,False,random-dfs,fixed,-1.219,-2.0,-0.006,124,2.385
283,1,"3,10,5","A,J","double,stand",20.0,lose,False,False,random-dfs,fixed,-1.219,-1.0,-0.003,124,2.385
284,1,"5,5,Q,Q","A,4,10,Q","hit,hit",10.0,lose,False,True,random-dfs,fixed,-2.097,-2.0,-0.006,120,2.308
284,1,"5,5,Q","A,4,Q,10","hit,stand",10.0,win,False,False,random-dfs,fixed,-2.097,-1.0,-0.003,120,2.308
284,1,"5,5,Q","A,4,Q,10","double,stand",20.0,win,False,False,random-dfs,fixed,-2.097,-1.0,-0.003,120,2.308
284,1,"5,5","A,4,Q,Q",stand,10.0,win,False,False,random-dfs,fixed,-2.097,0.0,0.0,120,2.308
285,1,"Q,Q,2","10,Q","double,stand",20.0,lose,False,True,random-dfs,fixed,-1.3,-3.0,-0.01,116,2.231
285,1,"Q,Q,2","10,Q",hit,10.0,lose,False,True,random-dfs,fixed,-1.3,-3.0,-0.01,116,2.231
285,1,"Q,Q","10,Q",stand,10.0,push,False,False,random-dfs,fixed,-1.3,-4.0,-0.013,116,2.231
286,1,"2,5,3,2","2,J,6","hit,hit,stand",10.0,lose,False,False,random-dfs,fixed,-3.138,5.0,0.016,112,2.154
286,1,"2,5,3,2,6,6","2,J,10","hit,hit,hit,hit",10.0,lose,False,True,random-dfs,fixed,-3.138,5.0,0.016,112,2.154
286,1,"2,5,3,2,6","2,J,6","hit,hit,hit,stand",10.0,push,False,False,random-dfs,fixed,-3.138,6.0,0.019,112,2.154
286,1,"2,5,3","2,J,2,6","hit,stand",10.0,lose,False,False,random-dfs,fixed,-3.138,5.0,0.016,112,2.154
286,1,"2,5","2,J,3,2",stand,10.0,lose,False,False,random-dfs,fixed,-3.138,4.0,0.013,112,2.154
286,1,"2,5,3","2,J,2,6","double,stand",20.0,lose,False,False,random-dfs,fixed,-3.138,5.0,0.016,112,2.154
287,1,"3,2,10","6,6,Q","double,stand",20.0,win,False,False,random-dfs,fixed,-2.321,2.0,0.006,108,2.077
287,1,"3,2","6,6,10",stand,10.0,win,False,False,random-dfs,fixed,-2.321,3.0,0.01,108,2.077
287,1,"3,2,10,Q","6,6,9","hit,hit",10.0,lose,False,True,random-dfs,fixed,-2.321,2.0,0.006,108,2.077
287,1,"3,2,10","6,6,Q","hit,stand",10.0,win,False,False,random-dfs,fixed,-2.321,2.0,0.006,108,2.077
288,1,"10,Q,2","9,5,4",hit,10.0,lose,False,True,random-dfs,fixed,-0.481,1.0,0.003,104,2.0
288,1,"10,Q,2","9,5,4","double,stand",20.0,lose,False,True,random-dfs,fixed,-0.481,1.0,0.003,104,2.0
288,1,"10,Q","9,5,2,4",stand,10.0,push,False,False,random-dfs,fixed,-0.481,1.0,0.003,104,2.0
289,1,"2,4,K","6,3,Q","hit,stand",10.0,lose,False,False,random-dfs,fixed,-1.0,2.0,0.006,100,1.923
289,1,"2,4,K,Q","6,3,3,6","hit,hit",10.0,lose,False,True,random-dfs,fixed,-1.0,4.0,0.013,100,1.923
289,1,"2,4,K","6,3,Q","double,stand",20.0,lose,False,False,random-dfs,fixed,-1.0,2.0,0.006,100,1.923
289,1,"2,4","6,3,K",stand,10.0,lose,False,False,random-dfs,fixed,-1.0,3.0,0.01,100,1.923
290,1,"K,Q","3,6,Q",stand,10.0,win,False,False,random-dfs,fixed,1.04,-1.0,-0.003,96,1.846
290,1,"K,Q,Q","3,6,J",hit,10.0,lose,False,True,random-dfs,fixed,1.04,-2.0,-0.006,96,1.846
290,1,"K,Q,Q","3,6,J","double,stand",20.0,lose,False,True,random-dfs,fixed,1.04,-2.0,-0.006,96,1.846
291,1,"Q,J,J","A,4,10,J",hit,10.0,lose,False,True,random-dfs,fixed,1.083,-5.0,-0.016,92,1.769
291,1,"Q,J","A,4,J,10",stand,10.0,win,False,False,random-dfs,fixed,1.083,-4.0,-0.013,92,1.769
291,1,"Q,J,J","A,4,10,J","double,stand",20.0,lose,False,True,random-dfs,fixed,1.083,-5.0,-0.016,92,1.769
292,1,"J,10","J,3,A,7",stand,10.0,lose,False,False,random-dfs,fixed,0.0,-3.0,-0.01,88,1.692
292,1,"J,10,A","J,3,7","double,stand",20.0,win,False,False,random-dfs,fixed,0.0,-3.0,-0.01,88,1.692
292,1,"J,10,A","J,3,7","hit,stand",10.0,win,False,False,random-dfs,fixed,0.0,-3.0,-0.01,88,1.692
293,1,"A,7,4","2,7,8","hit,stand",10.0,lose,False,False,random-dfs,fixed,-1.182,1.0,0.003,84,1.615
293,1,"A,7,4,8,6","2,7,10","hit,hit,hit",10.0,lose,False,True,random-dfs,fixed,-1.182,1.0,0.003,84,1.615
293,1,"A,7,4,8","2,7,6,10","hit,hit,stand",10.0,win,False,False,random-dfs,fixed,-1.182,1.0,0.003,84,1.615
293,1,"A,7,4","2,7,8","double,stand",20.0,lose,False,False,random-dfs,fixed,-1.182,1.0,0.003,84,1.615
293,1,"A,7","2,7,4,8",stand,10.0,lose,False,False,random-dfs,fixed,-1.182,1.0,0.003,84,1.615
294,1,"4,8,7","6,10,3","double,stand",20.0,push,False,False,random-dfs,fixed,-1.238,2.0,0.006,80,1.538
294,1,"4,8,7,3","6,10,K","hit,hit",10.0,lose,False,True,random-dfs,fixed,-1.238,1.0,0.003,80,1.538
294,1,"4,8,7","6,10,3","hit,stand",10.0,push,False,False,random-dfs,fixed,-1.238,2.0,0.006,80,1.538
294,1,"4,8","6,10,7",stand,10.0,win,False,False,random-dfs,fixed,-1.238,1.0,0.003,80,1.538
295,1,"7,3","K,6,K",stand,10.0,win,False,False,random-dfs,fixed,-0.65,0.0,0.0,76,1.462
295,1,"7,3,K","K,6,9","double,stand",20.0,win,False,False,random-dfs,fixed,-0.65,0.0,0.0,76,1.462
295,1,"7,3,K,9","K,6,2","hit,hit",10.0,lose,False,True,random-dfs,fixed,-0.65,1.0,0.003,76,1.462
295,1,"7,3,K","K,6,9","hit,stand",10.0,win,False,False,random-dfs,fixed,-0.65,0.0,0.0,76,1.462
296,1,"4,10","7,K",stand,10.0,lose,False,False,random-dfs,fixed,0.0,-1.0,-0.003,308,5.923
296,1,"4,10,5,A,5","7,K","hit,hit,hit",10.0,lose,False,True,random-dfs,fixed,0.0,0.0,0.0,308,5.923
296,1,"4,10,5,A","7,K","hit,hit,stand",10.0,win,False,False,random-dfs,fixed,0.0,-1.0,-0.003,308,5.923
296,1,"4,10,5","7,K","hit,stand",10.0,win,False,False,random-dfs,fixed,0.0,0.0,0.0,308,5.923
296,1,"4,10,5","7,K","double,stand",20.0,win,False,False,random-dfs,fixed,0.0,0.0,0.0,308,5.923
297,1,"5,A,9,3,4","5,3,8,7","hit,hit,hit",10.0,lose,False,True,random-dfs,fixed,-0.169,4.0,0.013,304,5.846
297,1,"5,A,9,3","5,3,4,8","hit,hit,stand",10.0,lose,False,False,random-dfs,fixed,-0.169,4.0,0.013,304,5.846
297,1,"5,A,9","5,3,3,4,8","hit,stand",10.0,win,False,False,random-dfs,fixed,-0.169,4.0,0.013,304,5.846
297,1,"5,A,9","5,3,3,4,8","double,stand",20.0,win,False,False,random-dfs,fixed,-0.169,4.0,0.013,304,5.846
297,1,"5,A","5,3,9",stand,10.0,lose,False,False,random-dfs,fixed,-0.169,2.0,0.006,304,5.846
298,1,"9,3,7","4,8,8","double,stand",20.0,lose,False,False,random-dfs,fixed,0.171,2.0,0.006,300,5.769
298,1,"9,3,7,8","4,8,10","hit,hit",10.0,lose,False,True,random-dfs,fixed,0.171,1.0,0.003,300,5.769
298,1,"9,3,7","4,8,8","hit,stand",10.0,lose,False,False,random-dfs,fixed,0.171,2.0,0.006,300,5.769
298,1,"9,3","4,8,7",stand,10.0,lose,False,False,random-dfs,fixed,0.171,2.0,0.006,300,5.769
299,1,"7,8","10,Q",stand,10.0,lose,False,False,random-dfs,fixed,0.52,-2.0,-0.006,296,5.692
299,1,"7,8,3","10,Q","double,stand",20.0,lose,False,False,random-dfs,fixed,0.52,-1.0,-0.003,296,5.692
299,1,"7,8,3","10,Q","hit,stand",10.0,lose,False,False,random-dfs,fixed,0.52,-1.0,-0.003,296,5.692
299,1,"7,8,3,10","10,Q","hit,hit",10.0,lose,False,True,random-dfs,fixed,0.52,-2.0,-0.006,296,5.692
300,1,"3,10,6","Q,8","hit,stand",10.0,win,False,False,random-dfs,fixed,0.176,0.0,0.0,292,5.615
300,1,"3,10,6,K","Q,8","hit,hit",10.0,lose,False,True,random-dfs,fixed,0.176,-1.0,-0.003,292,5.615
300,1,"3,10,6","Q,8","double,stand",20.0,win,False,False,random-dfs,fixed,0.176,0.0,0.0,292,5.615
300,1,"3,10","Q,8",stand,10.0,lose,False,False,random-dfs,fixed,0.176,-1.0,-0.003,292,5.615
301,1,"6,K","2,9,A,9",stand,10.0,lose,False,False,random-dfs,fixed,0.0,0.0,0.0,288,5.538
301,1,"6,K,A","2,9,9","hit,stand",10.0,lose,False,False,random-dfs,fixed,0.0,0.0,0.0,288,5.538
301,1,"6,K,A,9","2,9,K","hit,hit",10.0,lose,False,True,random-dfs,fixed,0.0,-1.0,-0.003,288,5.538
301,1,"6,K,A","2,9,9","double,stand",20.0,lose,False,False,random-dfs,fixed,0.0,0.0,0.0,288,5.538
302,1,"A,9,6","K,J","hit,stand",10.0,lose,False,False,random-dfs,fixed,0.181,-2.0,-0.006,284,5.462
302,1,"A,9,6,A","K,J","hit,hit,stand",10.0,lose,False,False,random-dfs,fixed,0.181,-3.0,-0.01,284,5.462
302,1,"A,9,6,A,A","K,J","hit,hit,hit,stand",10.0,lose,False,False,random-dfs,fixed,0.181,-4.0,-0.013,284,5.462
302,1,"A,9,6,A,A,8","K,J","hit,hit,hit,hit",10.0,lose,False,True,random-dfs,fixed,0.181,-4.0,-0.013,284,5.462
302,1,"A,9","K,J",stand,10.0,push,False,False,random-dfs,fixed,0.181,-3.0,-0.01,284,5.462
302,1,"A,9,6","K,J","double,stand",20.0,lose,False,False,random-dfs,fixed,0.181,-2.0,-0.006,284,5.462
303,1,"6,A,10,Q","A,8","hit,hit",10.0,lose,False,True,random-dfs,fixed,-0.366,-3.0,-0.01,280,5.385
303,1,"6,A,10","A,8","hit,stand",10.0,lose,False,False,random-dfs,fixed,-0.366,-2.0,-0.006,280,5.385
303,1,"6,A","A,8",stand,10.0,lose,False,False,random-dfs,fixed,-0.366,-1.0,-0.003,280,5.385
303,1,"6,A,10","A,8","double,stand",20.0,lose,False,False,random-dfs,fixed,-0.366,-2.0,-0.006,280,5.385
304,1,"10,Q,9","A,7","double,stand",20.0,lose,False,True,random-dfs,fixed,-0.557,-3.0,-0.01,276,5.308
304,1,"10,Q,9","A,7",hit,10.0,lose,False,True,random-dfs,fixed,-0.557,-3.0,-0.01,276,5.308
304,1,"10,Q","A,7",stand,10.0,win,False,False,random-dfs,fixed,-0.557,-3.0,-0.01,276,5.308
305,1,"9,10","4,6,K",stand,10.0,lose,False,False,random-dfs,fixed,-1.13,0.0,0.0,272,5.231
305,1,"9,10,K","4,6,10","double,stand",20.0,lose,False,True,random-dfs,fixed,-1.13,-1.0,-0.003,272,5.231
305,1,"9,10,K","4,6,10",hit,10.0,lose,False,True,random-dfs,fixed,-1.13,-1.0,-0.003,272,5.231
306,1,"K,10,7","4,K,8","double,stand",20.0,lose,False,True,random-dfs,fixed,-0.956,-2.0,-0.006,268,5.154
306,1,"K,10","4,K,7",stand,10.0,lose,False,False,random-dfs,fixed,-0.956,-2.0,-0.006,268,5.154
306,1,"K,10,7","4,K,8",hit,10.0,lose,False,True,random-dfs,fixed,-0.956,-2.0,-0.006,268,5.154
307,1,"7,8,4","Q,A","double,stand",20.0,lose,False,False,random-dfs,fixed,-1.358,-1.0,-0.003,264,5.077
307,1,"7,8,4,Q","Q,A","hit,hit",10.0,lose,False,True,random-dfs,fixed,-1.358,-2.0,-0.006,264,5.077
307,1,"7,8,4","Q,A","hit,stand",10.0,lose,False,False,random-dfs,fixed,-1.358,-1.0,-0.003,264,5.077
307,1,"7,8","Q,A",stand,10.0,lose,False,False,random-dfs,fixed,-1.358,-2.0,-0.006,264,5.077
308,1,"4,Q,5","A,3,9,9","double,stand",20.0,win,False,False,random-dfs,fixed,-1.773,1.0,0.003,260,5.0
308,1,"4,Q,5","A,3,9,9","hit,stand",10.0,win,False,False,random-dfs,fixed,-1.773,1.0,0.003,260,5.0
308,1,"4,Q,5,9","A,3,9,7","hit,hit",10.0,lose,False,True,random-dfs,fixed,-1.773,1.0,0.003,260,5.0
308,1,"4,Q","A,3,5",stand,10.0,lose,False,False,random-dfs,fixed,-1.773,1.0,0.003,260,5.0
309,1,"5,9,3","9,7,2","double,stand",20.0,lose,False,False,random-dfs,fixed,-1.8,3.0,0.01,256,4.923
309,1,"5,9","9,7,3",stand,10.0,lose,False,False,random-dfs,fixed,-1.8,2.0,0.006,256,4.923
309,1,"5,9,3","9,7,2","hit,stand",10.0,lose,False,False,random-dfs,fixed,-1.8,3.0,0.01,256,4.923
309,1,"5,9,3,2","9,7,6","hit,hit,stand",10.0,win,False,False,random-dfs,fixed,-1.8,4.0,0.013,256,4.923
309,1,"5,9,3,2,6","9,7,3","hit,hit,hit",10.0,lose,False,True,random-dfs,fixed,-1.8,5.0,0.016,256,4.923
310,1,"3,2","6,3,J",stand,10.0,lose,False,False,random-dfs,fixed,-1.625,3.0,0.01,252,4.846
310,1,"3,2,J","6,3,2,8","hit,stand",10.0,lose,False,False,random-dfs,fixed,-1.625,4.0,0.013,252,4.846
310,1,"3,2,J,2","6,3,8","hit,hit,stand",10.0,push,False,False,random-dfs,fixed,-1.625,4.0,0.013,252,4.846
310,1,"3,2,J,2,8","6,3,8","hit,hit,hit",10.0,lose,False,True,random-dfs,fixed,-1.625,4.0,0.013,252,4.846
310,1,"3,2,J","6,3,2,8","double,stand",20.0,lose,False,False,random-dfs,fixed,-1.625,4.0,0.013,252,4.846
311,1,"J,2","8,8,A",stand,10.0,lose,False,False,random-dfs,fixed,-0.825,-1.0,-0.003,248,4.769
311,1,"J,2,A","8,8,5","hit,stand",10.0,lose,False,False,random-dfs,fixed,-0.825,0.0,0.0,248,4.769
311,1,"J,2,A,5","8,8,2","hit,hit,stand",10.0,push,False,False,random-dfs,fixed,-0.825,1.0,0.003,248,4.769
311,1,"J,2,A,5,2","8,8,Q","hit,hit,hit,stand",10.0,win,False,False,random-dfs,fixed,-0.825,0.0,0.0,248,4.769
311,1,"J,2,A,5,2,Q","8,8,4","hit,hit,hit,hit",10.0,lose,False,True,random-dfs,fixed,-0.825,1.0,0.003,248,4.769
311,1,"J,2,A","8,8,5","double,stand",20.0,lose,False,False,random-dfs,fixed,-0.825,0.0,0.0,248,4.769
312,1,"A,5,4","2,Q,4,A","hit,stand",10.0,win,False,False,random-dfs,fixed,-0.839,1.0,0.003,244,4.692
312,1,"A,5,4,4","2,Q,A,3,10","hit,hit,stand",10.0,win,False,False,random-dfs,fixed,-0.839,1.0,0.003,244,4.692
312,1,"A,5,4,4,A","2,Q,3,10","hit,hit,hit,stand",10.0,win,False,False,random-dfs,fixed,-0.839,1.0,0.003,244,4.692
312,1,"A,5,4,4,A,3,10","2,Q,Q","hit,hit,hit,hit,hit",10.0,lose,False,True,random-dfs,fixed,-0.839,0.0,0.0,244,4.692
312,1,"A,5,4,4,A,3","2,Q,10","hit,hit,hit,hit,stand",10.0,win,False,False,random-dfs,fixed,-0.839,1.0,0.003,244,4.692
312,1,"A,5,4","2,Q,4,A","double,stand",20.0,win,False,False,random-dfs,fixed,-0.839,1.0,0.003,244,4.692
312,1,"A,5","2,Q,4,4",stand,10.0,lose,False,False,random-dfs,fixed,-0.839,2.0,0.006,244,4.692
313,1,"4,4","A,3,10,Q",stand,10.0,win,False,False,random-dfs,fixed,-0.852,0.0,0.0,240,4.615
313,1,"4,4,10","A,3,Q,5","hit,stand",10.0,lose,False,False,random-dfs,fixed,-0.852,1.0,0.003,240,4.615
313,1,"4,4,10,Q","A,3,5","hit,hit",10.0,lose,False,True,random-dfs,fixed,-0.852,1.0,0.003,240,4.615
313,1,"4,4,10","A,3,Q,5","double,stand",20.0,lose,False,False,random-dfs,fixed,-0.852,1.0,0.003,240,4.615
314,1,"10,Q,7","5,J,5","double,stand",20.0,lose,False,True,random-dfs,fixed,-0.433,-1.0,-0.003,236,4.538
314,1,"10,Q","5,J,7",stand,10.0,win,False,False,random-dfs,fixed,-0.433,-2.0,-0.006,236,4.538
314,1,"10,Q,7","5,J,5",hit,10.0,lose,False,True,random-dfs,fixed,-0.433,-1.0,-0.003,236,4.538
315,1,"7,5,7,5","7,9,3","hit,hit",10.0,lose,False,True,random-dfs,fixed,-0.881,3.0,0.01,232,4.462
315,1,"7,5,7","7,9,5","hit,stand",10.0,lose,False,False,random-dfs,fixed,-0.881,2.0,0.006,232,4.462
315,1,"7,5","7,9,7",stand,10.0,win,False,False,random-dfs,fixed,-0.881,1.0,0.003,232,4.462
315,1,"7,5,7","7,9,5","double,stand",20.0,lose,False,False,random-dfs,fixed,-0.881,2.0,0.006,232,4.462
316,1,"7,5","3,Q,8",stand,10.0,lose,False,False,random-dfs,fixed,-0.672,1.0,0.003,228,4.385
316,1,"7,5,8","3,Q,3,3","hit,stand",10.0,win,False,False,random-dfs,fixed,-0.672,3.0,0.01,228,4.385
316,1,"7,5,8,3","3,Q,3,Q","hit,hit",10.0,lose,False,True,random-dfs,fixed,-0.672,2.0,0.006,228,4.385
316,1,"7,5,8","3,Q,3,3","double,stand",20.0,win,False,False,random-dfs,fixed,-0.672,3.0,0.01,228,4.385
317,1,"8,3,J","3,Q,10","hit,stand",10.0,win,False,False,random-dfs,fixed,-0.456,-1.0,-0.003,224,4.308
317,1,"8,3","3,Q,J",stand,10.0,win,False,False,random-dfs,fixed,-0.456,0.0,0.0,224,4.308
317,1,"8,3,J","3,Q,10","double,stand",20.0,win,False,False,random-dfs,fixed,-0.456,-1.0,-0.003,224,4.308
318,1,"J,10,10","9,3,2,6","double,stand",20.0,lose,False,True,random-dfs,fixed,-0.232,0.0,0.0,220,4.231
318,1,"J,10,10","9,3,2,6",hit,10.0,lose,False,True,random-dfs,fixed,-0.232,0.0,0.0,220,4.231
318,1,"J,10","9,3,10",stand,10.0,win,False,False,random-dfs,fixed,-0.232,-2.0,-0.006,220,4.231
319,1,"10,2","6,9,5",stand,10.0,lose,False,False,random-dfs,fixed,-0.473,2.0,0.006,216,4.154
319,1,"10,2,5","6,9,2","hit,stand",10.0,push,False,False,random-dfs,fixed,-0.473,3.0,0.01,216,4.154
319,1,"10,2,5,2,2","6,9,2","hit,hit,hit,stand",10.0,win,False,False,random-dfs,fixed,-0.473,5.0,0.016,216,4.154
319,1,"10,2,5,2","6,9,2","hit,hit,stand",10.0,win,False,False,random-dfs,fixed,-0.473,4.0,0.013,216,4.154
319,1,"10,2,5","6,9,2","double,stand",20.0,push,False,False,random-dfs,fixed,-0.473,3.0,0.01,216,4.154
320,1,"5,2,3","2,2,A,9,K","double,stand",20.0,win,False,False,random-dfs,fixed,-0.241,3.0,0.01,212,4.077
320,1,"5,2,3,A","2,2,9,K","hit,hit,stand",10.0,win,False,False,random-dfs,fixed,-0.241,3.0,0.01,212,4.077
320,1,"5,2,3","2,2,A,9,K","hit,stand",10.0,win,False,False,random-dfs,fixed,-0.241,3.0,0.01,212,4.077
320,1,"5,2","2,2,3,A",stand,10.0,lose,False,False,random-dfs,fixed,-0.241,4.0,0.013,212,4.077
321,1,"3,A","9,K",stand,10.0,lose,False,False,random-dfs,fixed,0.736,-1.0,-0.003,208,4.0
321,1,"3,A,K,2","9,K","hit,hit,stand",10.0,lose,False,False,random-dfs,fixed,0.736,-1.0,-0.003,208,4.0
321,1,"3,A,K,2,K","9,K","hit,hit,hit",10.0,lose,False,True,random-dfs,fixed,0.736,-2.0,-0.006,208,4.0
321,1,"3,A,K","9,K","hit,stand",10.0,lose,False,False,random-dfs,fixed,0.736,-2.0,-0.006,208,4.0
321,1,"3,A,K","9,K","double,stand",20.0,lose,False,False,random-dfs,fixed,0.736,-2.0,-0.006,208,4.0
322,1,"K,2","K,7",stand,10.0,lose,False,False,random-dfs,fixed,0.5,-1.0,-0.003,204,3.923
322,1,"K,2,9","K,7","double,stand",20.0,win,False,False,random-dfs,fixed,0.5,-1.0,-0.003,204,3.923
322,1,"K,2,9","K,7","hit,stand",10.0,win,False,False,random-dfs,fixed,0.5,-1.0,-0.003,204,3.923
323,1,"9,8,A","10,Q","hit,stand",10.0,lose,False,False,random-dfs,fixed,0.255,-3.0,-0.01,200,3.846
323,1,"9,8,A,J","10,Q","hit,hit",10.0,lose,False,True,random-dfs,fixed,0.255,-4.0,-0.013,200,3.846
323,1,"9,8","10,Q",stand,10.0,lose,False,False,random-dfs,fixed,0.255,-2.0,-0.006,200,3.846
323,1,"9,8,A","10,Q","double,stand",20.0,lose,False,False,random-dfs,fixed,0.255,-3.0,-0.01,200,3.846
324,1,"A,J","4,9,2,A,7",stand,10.0,win,True,False,random-dfs,fixed,-0.26,-1.0,-0.003,196,3.769
325,1,"2,A","7,6,J",stand,10.0,win,False,False,random-dfs,fixed,-0.531,0.0,0.0,192,3.692
325,1,"2,A,J,K","7,6,4","hit,hit",10.0,lose,False,True,random-dfs,fixed,-0.531,0.0,0.0,192,3.692
325,1,"2,A,J","7,6,K","hit,stand",10.0,win,False,False,random-dfs,fixed,-0.531,-1.0,-0.003,192,3.692
325,1,"2,A,J","7,6,K","double,stand",20.0,win,False,False,random-dfs,fixed,-0.531,-1.0,-0.003,192,3.692
326,1,"J,K","4,2,5,8",stand,10.0,win,False,False,random-dfs,fixed,-0.271,1.0,0.003,188,3.615
326,1,"J,K,5","4,2,8,10","double,stand",20.0,lose,False,True,random-dfs,fixed,-0.271,0.0,0.0,188,3.615
326,1,"J,K,5","4,2,8,10",hit,10.0,lose,False,True,random-dfs,fixed,-0.271,0.0,0.0,188,3.615
327,1,"5,8,3","10,6,K","double,stand",20.0,win,False,False,random-dfs,fixed,-0.277,1.0,0.003,184,3.538
327,1,"5,8,3","10,6,K","hit,stand",10.0,win,False,False,random-dfs,fixed,-0.277,1.0,0.003,184,3.538
327,1,"5,8,3,K","10,6,Q","hit,hit",10.0,lose,False,True,random-dfs,fixed,-0.277,0.0,0.0,184,3.538
327,1,"5,8","10,6,3",stand,10.0,lose,False,False,random-dfs,fixed,-0.277,2.0,0.006,184,3.538
328,1,"3,K","Q,Q",stand,10.0,lose,False,False,random-dfs,fixed,0.0,-2.0,-0.006,180,3.462
328,1,"3,K,2","Q,Q","double,stand",20.0,lose,False,False,random-dfs,fixed,0.0,-1.0,-0.003,180,3.462
328,1,"3,K,2,Q","Q,Q","hit,hit",10.0,lose,False,True,random-dfs,fixed,0.0,-2.0,-0.006,180,3.462
328,1,"3,K,2","Q,Q","hit,stand",10.0,lose,False,False,random-dfs,fixed,0.0,-1.0,-0.003,180,3.462
329,1,"2,Q","K,6,10",stand,10.0,win,False,False,random-dfs,fixed,-0.578,-1.0,-0.003,176,3.385
329,1,"2,Q,10","K,6,J","double,stand",20.0,lose,False,True,random-dfs,fixed,-0.578,-2.0,-0.006,176,3.385
329,1,"2,Q,10","K,6,J",hit,10.0,lose,False,True,random-dfs,fixed,-0.578,-2.0,-0.006,176,3.385
330,1,"10,J","7,6,7",stand,10.0,push,False,False,random-dfs,fixed,-0.591,-1.0,-0.003,172,3.308
330,1,"10,J,7","7,6,2,K",hit,10.0,lose,False,True,random-dfs,fixed,-0.591,-1.0,-0.003,172,3.308
330,1,"10,J,7","7,6,2,K","double,stand",20.0,lose,False,True,random-dfs,fixed,-0.591,-1.0,-0.003,172,3.308
331,1,"7,2","K,4,J",stand,10.0,win,False,False,random-dfs,fixed,-0.907,0.0,0.0,168,3.231
331,1,"7,2,J","K,4,4","double,stand",20.0,win,False,False,random-dfs,fixed,-0.907,1.0,0.003,168,3.231
331,1,"7,2,J","K,4,4","hit,stand",10.0,win,False,False,random-dfs,fixed,-0.907,1.0,0.003,168,3.231
331,1,"7,2,J,4","K,4,A,J","hit,hit",10.0,lose,False,True,random-dfs,fixed,-0.907,-1.0,-0.003,168,3.231
332,1,"J,4","A,J",stand,10.0,lose,False,False,random-dfs,fixed,-0.619,-2.0,-0.006,164,3.154
332,1,"J,4,5","A,J","double,stand",20.0,lose,False,False,random-dfs,fixed,-0.619,-1.0,-0.003,164,3.154
332,1,"J,4,5,Q","A,J","hit,hit",10.0,lose,False,True,random-dfs,fixed,-0.619,-2.0,-0.006,164,3.154
332,1,"J,4,5","A,J","hit,stand",10.0,lose,False,False,random-dfs,fixed,-0.619,-1.0,-0.003,164,3.154
333,1,"5,Q,10","J,8","double,stand",20.0,lose,False,True,random-dfs,fixed,-1.268,-2.0,-0.006,160,3.077
333,1,"5,Q","J,8",stand,10.0,lose,False,False,random-dfs,fixed,-1.268,-1.0,-0.003,160,3.077
333,1,"5,Q,10","J,8",hit,10.0,lose,False,True,random-dfs,fixed,-1.268,-2.0,-0.006,160,3.077
334,1,"10,K,9","8,4,Q",hit,10.0,lose,False,True,random-dfs,fixed,-1.625,-2.0,-0.006,156,3.0
334,1,"10,K,9","8,4,Q","double,stand",20.0,lose,False,True,random-dfs,fixed,-1.625,-2.0,-0.006,156,3.0
334,1,"10,K","8,4,9",stand,10.0,lose,False,False,random-dfs,fixed,-1.625,-1.0,-0.003,156,3.0
335,1,"9,Q","6,7,4",stand,10.0,win,False,False,random-dfs,fixed,-2.0,1.0,0.003,152,2.923
335,1,"9,Q,4","6,7,4","double,stand",20.0,lose,False,True,random-dfs,fixed,-2.0,2.0,0.006,152,2.923
335,1,"9,Q,4","6,7,4",hit,10.0,lose,False,True,random-dfs,fixed,-2.0,2.0,0.006,152,2.923
336,1,"4,4,6","9,8","double,stand",20.0,lose,False,False,random-dfs,fixed,-2.053,3.0,0.01,148,2.846
336,1,"4,4","9,8",stand,10.0,lose,False,False,random-dfs,fixed,-2.053,2.0,0.006,148,2.846
336,1,"4,4,6,2","9,8","hit,hit,stand",10.0,lose,False,False,random-dfs,fixed,-2.053,4.0,0.013,148,2.846
336,1,"4,4,6,2,2,A,Q","9,8","hit,hit,hit,hit,hit",10.0,lose,False,True,random-dfs,fixed,-2.053,3.0,0.01,148,2.846
336,1,"4,4,6,2,2,A","9,8","hit,hit,hit,hit,stand",10.0,win,False,False,random-dfs,fixed,-2.053,4.0,0.013,148,2.846
336,1,"4,4,6,2,2","9,8","hit,hit,hit,stand",10.0,win,False,False,random-dfs,fixed,-2.053,5.0,0.016,148,2.846
336,1,"4,4,6","9,8","hit,stand",10.0,lose,False,False,random-dfs,fixed,-2.053,3.0,0.01,148,2.846
337,1,"6,2,Q","2,A,J,9","double,stand",20.0,win,False,False,random-dfs,fixed,-1.405,0.0,0.0,144,2.769
337,1,"6,2,Q,J","2,A,9,A,7","hit,hit",10.0,lose,False,True,random-dfs,fixed,-1.405,-1.0,-0.003,144,2.769
337,1,"6,2,Q","2,A,J,9","hit,stand",10.0,win,False,False,random-dfs,fixed,-1.405,0.0,0.0,144,2.769
337,1,"6,2","2,A,Q,J",stand,10.0,win,False,False,random-dfs,fixed,-1.405,0.0,0.0,144,2.769
338,1,"Q,J","9,A",stand,10.0,push,False,False,random-dfs,fixed,-0.722,-3.0,-0.01,140,2.692
338,1,"Q,J,7","9,A","double,stand",20.0,lose,False,True,random-dfs,fixed,-0.722,-3.0,-0.01,140,2.692
338,1,"Q,J,7","9,A",hit,10.0,lose,False,True,random-dfs,fixed,-0.722,-3.0,-0.01,140,2.692
339,1,"7,2","8,3,K",stand,10.0,lose,False,False,random-dfs,fixed,-1.857,1.0,0.003,136,2.615
339,1,"7,2,K","8,3,9","double,stand",20.0,lose,False,False,random-dfs,fixed,-1.857,1.0,0.003,136,2.615
339,1,"7,2,K","8,3,9","hit,stand",10.0,lose,False,False,random-dfs,fixed,-1.857,1.0,0.003,136,2.615
339,1,"7,2,K,9","8,3,Q","hit,hit",10.0,lose,False,True,random-dfs,fixed,-1.857,0.0,0.0,136,2.615
340,1,"K,9,K","Q,A","double,stand",20.0,lose,False,True,random-dfs,fixed,-1.147,-4.0,-0.013,132,2.538
340,1,"K,9,K","Q,A",hit,10.0,lose,False,True,random-dfs,fixed,-1.147,-4.0,-0.013,132,2.538
340,1,"K,9","Q,A",stand,10.0,lose,False,False,random-dfs,fixed,-1.147,-3.0,-0.01,132,2.538
341,1,"K,10,3","J,5,2","double,stand",20.0,lose,False,True,random-dfs,fixed,-2.364,0.0,0.0,128,2.462
341,1,"K,10","J,5,3",stand,10.0,win,False,False,random-dfs,fixed,-2.364,-1.0,-0.003,128,2.462
341,1,"K,10,3","J,5,2",hit,10.0,lose,False,True,random-dfs,fixed,-2.364,0.0,0.0,128,2.462
342,1,"3,2","K,J",stand,10.0,lose,False,False,random-dfs,fixed,-3.25,0.0,0.0,124,2.385
342,1,"3,2,J,6","K,J","hit,hit,stand",10.0,win,False,False,random-dfs,fixed,-3.25,0.0,0.0,124,2.385
342,1,"3,2,J","K,J","hit,stand",10.0,lose,False,False,random-dfs,fixed,-3.25,-1.0,-0.003,124,2.385
342,1,"3,2,J","K,J","double,stand",20.0,lose,False,False,random-dfs,fixed,-3.25,-1.0,-0.003,124,2.385
343,1,"J,6","10,7",stand,10.0,lose,False,False,random-dfs,fixed,-3.355,-1.0,-0.003,120,2.308
343,1,"J,6,6","10,7",hit,10.0,lose,False,True,random-dfs,fixed,-3.355,0.0,0.0,120,2.308
343,1,"J,6,6","10,7","double,stand",20.0,lose,False,True,random-dfs,fixed,-3.355,0.0,0.0,120,2.308
344,1,"6,J,6","10,8",hit,10.0,lose,False,True,random-dfs,fixed,-3.9,0.0,0.0,116,2.231
344,1,"6,J","10,8",stand,10.0,lose,False,False,random-dfs,fixed,-3.9,-1.0,-0.003,116,2.231
344,1,"6,J,6","10,8","double,stand",20.0,lose,False,True,random-dfs,fixed,-3.9,0.0,0.0,116,2.231
345,1,"6,10,Q","4,10,4","double,stand",20.0,lose,False,True,random-dfs,fixed,-4.483,0.0,0.0,112,2.154
345,1,"6,10","4,10,Q",stand,10.0,win,False,False,random-dfs,fixed,-4.483,-1.0,-0.003,112,2.154
345,1,"6,10,Q","4,10,4",hit,10.0,lose,False,True,random-dfs,fixed,-4.483,0.0,0.0,112,2.154
346,1,"Q,4","6,6,7",stand,10.0,lose,False,False,random-dfs,fixed,-4.643,2.0,0.006,108,2.077
346,1,"Q,4,7","6,6,2,6","hit,stand",10.0,win,False,False,random-dfs,fixed,-4.643,4.0,0.013,108,2.077
346,1,"Q,4,7","6,6,2,6","double,stand",20.0,win,False,False,random-dfs,fixed,-4.643,4.0,0.013,108,2.077
347,1,"7,2","6,5,J",stand,10.0,lose,False,False,random-dfs,fixed,-3.852,2.0,0.006,104,2.0
347,1,"7,2,J","6,5,7","double,stand",20.0,win,False,False,random-dfs,fixed,-3.852,2.0,0.006,104,2.0
347,1,"7,2,J,7","6,5,8","hit,hit",10.0,lose,False,True,random-dfs,fixed,-3.852,2.0,0.006,104,2.0
347,1,"7,2,J","6,5,7","hit,stand",10.0,win,False,False,random-dfs,fixed,-3.852,2.0,0.006,104,2.0
348,1,"J,7","8,K",stand,10.0,lose,False,False,random-dfs,fixed,-2.5,-2.0,-0.006,100,1.923
348,1,"J,7,5","8,K","double,stand",20.0,lose,False,True,random-dfs,fixed,-2.5,-1.0,-0.003,100,1.923
348,1,"J,7,5","8,K",hit,10.0,lose,False,True,random-dfs,fixed,-2.5,-1.0,-0.003,100,1.923
349,1,"5,3,9","2,K,J","hit,stand",10.0,win,False,False,random-dfs,fixed,-3.64,1.0,0.003,96,1.846
349,1,"5,3,9,J","2,K,5","hit,hit",10.0,lose,False,True,random-dfs,fixed,-3.64,2.0,0.006,96,1.846
349,1,"5,3,9","2,K,J","double,stand",20.0,win,False,False,random-dfs,fixed,-3.64,1.0,0.003,96,1.846
349,1,"5,3","2,K,9",stand,10.0,lose,False,False,random-dfs,fixed,-3.64,2.0,0.006,96,1.846
350,1,"9,J","5,Q,7",stand,10.0,win,False,False,random-dfs,fixed,-2.708,-1.0,-0.003,92,1.769
350,1,"9,J,7","5,Q,Q","double,stand",20.0,lose,False,True,random-dfs,fixed,-2.708,-2.0,-0.006,92,1.769
350,1,"9,J,7","5,Q,Q",hit,10.0,lose,False,True,random-dfs,fixed,-2.708,-2.0,-0.006,92,1.769
351,1,"7,Q,J","A,3,6","double,stand",20.0,lose,False,True,random-dfs,fixed,-3.391,-1.0,-0.003,88,1.692
351,1,"7,Q,J","A,3,6",hit,10.0,lose,False,True,random-dfs,fixed,-3.391,-1.0,-0.003,88,1.692
351,1,"7,Q","A,3,J,6",stand,10.0,lose,False,False,random-dfs,fixed,-3.391,-1.0,-0.003,88,1.692
352,1,"J,6,A","6,8,8","double,stand",20.0,win,False,False,random-dfs,fixed,-4.136,0.0,0.0,84,1.615
352,1,"J,6,A,8","6,8,2,10","hit,hit",10.0,lose,False,True,random-dfs,fixed,-4.136,0.0,0.0,84,1.615
352,1,"J,6,A","6,8,8","hit,stand",10.0,win,False,False,random-dfs,fixed,-4.136,0.0,0.0,84,1.615
352,1,"J,6","6,8,A,8",stand,10.0,win,False,False,random-dfs,fixed,-4.136,0.0,0.0,84,1.615
353,1,"A,8,6","2,10,J","double,stand",20.0,win,False,False,random-dfs,fixed,-3.714,-1.0,-0.003,80,1.538
353,1,"A,8","2,10,6",stand,10.0,win,False,False,random-dfs,fixed,-3.714,0.0,0.0,80,1.538
353,1,"A,8,6,J","2,10,5","hit,hit",10.0,lose,False,True,random-dfs,fixed,-3.714,0.0,0.0,80,1.538
353,1,"A,8,6","2,10,J","hit,stand",10.0,win,False,False,random-dfs,fixed,-3.714,-1.0,-0.003,80,1.538
354,1,"6,J","5,9,10",stand,10.0,win,False,False,random-dfs,fixed,-4.55,0.0,0.0,76,1.462
354,1,"6,J,10","5,9,7","double,stand",20.0,lose,False,True,random-dfs,fixed,-4.55,0.0,0.0,76,1.462
354,1,"6,J,10","5,9,7",hit,10.0,lose,False,True,random-dfs,fixed,-4.55,0.0,0.0,76,1.462
355,1,"8,Q,9","7,3,7","double,stand",20.0,lose,False,True,random-dfs,fixed,0.0,0.0,0.0,308,5.923
355,1,"8,Q","7,3,9",stand,10.0,lose,False,False,random-dfs,fixed,0.0,0.0,0.0,308,5.923
355,1,"8,Q,9","7,3,7",hit,10.0,lose,False,True,random-dfs,fixed,0.0,0.0,0.0,308,5.923
356,1,"9,7,K","6,10,9",hit,10.0,lose,False,True,random-dfs,fixed,0.0,-1.0,-0.003,304,5.846
356,1,"9,7","6,10,K",stand,10.0,win,False,False,random-dfs,fixed,0.0,-1.0,-0.003,304,5.846
356,1,"9,7,K","6,10,9","double,stand",20.0,lose,False,True,random-dfs,fixed,0.0,-1.0,-0.003,304,5.846
357,1,"K,9","J,6,Q",stand,10.0,win,False,False,random-dfs,fixed,0.0,-2.0,-0.006,300,5.769
357,1,"K,9,Q","J,6,5","double,stand",20.0,lose,False,True,random-dfs,fixed,0.0,-1.0,-0.003,300,5.769
357,1,"K,9,Q","J,6,5",hit,10.0,lose,False,True,random-dfs,fixed,0.0,-1.0,-0.003,300,5.769
358,1,"Q,5,J","K,2,3,6",hit,10.0,lose,False,True,random-dfs,fixed,-0.173,1.0,0.003,296,5.692
358,1,"Q,5","K,2,J",stand,10.0,win,False,False,random-dfs,fixed,-0.173,-1.0,-0.003,296,5.692
358,1,"Q,5,J","K,2,3,6","double,stand",20.0,lose,False,True,random-dfs,fixed,-0.173,1.0,0.003,296,5.692
359,1,"J,3,4,10","6,9,9","hit,hit",10.0,lose,False,True,random-dfs,fixed,-0.176,1.0,0.003,292,5.615
359,1,"J,3,4","6,9,10","hit,stand",10.0,win,False,False,random-dfs,fixed,-0.176,1.0,0.003,292,5.615
359,1,"J,3,4","6,9,10","double,stand",20.0,win,False,False,random-dfs,fixed,-0.176,1.0,0.003,292,5.615
359,1,"J,3","6,9,4",stand,10.0,lose,False,False,random-dfs,fixed,-0.176,2.0,0.006,292,5.615
360,1,"4,10,4","9,A","double,stand",20.0,lose,False,False,random-dfs,fixed,0.0,0.0,0.0,288,5.538
360,1,"4,10","9,A",stand,10.0,lose,False,False,random-dfs,fixed,0.0,-1.0,-0.003,288,5.538
360,1,"4,10,4","9,A","hit,stand",10.0,lose,False,False,random-dfs,fixed,0.0,0.0,0.0,288,5.538
360,1,"4,10,4,Q","9,A","hit,hit",10.0,lose,False,True,random-dfs,fixed,0.0,-1.0,-0.003,288,5.538
361,1,"4,Q,6","10,J","double,stand",20.0,push,False,False,random-dfs,fixed,-0.181,-1.0,-0.003,284,5.462
361,1,"4,Q,6","10,J","hit,stand",10.0,push,False,False,random-dfs,fixed,-0.181,-1.0,-0.003,284,5.462
361,1,"4,Q,6,K","10,J","hit,hit",10.0,lose,False,True,random-dfs,fixed,-0.181,-2.0,-0.006,284,5.462
361,1,"4,Q","10,J",stand,10.0,lose,False,False,random-dfs,fixed,-0.181,-2.0,-0.006,284,5.462
362,1,"6,K,9","2,A,J,4","double,stand",20.0,lose,False,True,random-dfs,fixed,-0.549,0.0,0.0,280,5.385
362,1,"6,K,9","2,A,J,4",hit,10.0,lose,False,True,random-dfs,fixed,-0.549,0.0,0.0,280,5.385
362,1,"6,K","2,A,9,J",stand,10.0,win,False,False,random-dfs,fixed,-0.549,-1.0,-0.003,280,5.385
363,1,"9,J,5","4,2,A",hit,10.0,lose,False,True,random-dfs,fixed,-0.557,1.0,0.003,276,5.308
363,1,"9,J,5","4,2,A","double,stand",20.0,lose,False,True,random-dfs,fixed,-0.557,1.0,0.003,276,5.308
363,1,"9,J","4,2,5,A,3,4",stand,10.0,push,False,False,random-dfs,fixed,-0.557,3.0,0.01,276,5.308
364,1,"5,A,7","3,4,4,8","double,stand",20.0,lose,False,False,random-dfs,fixed,-0.377,3.0,0.01,272,5.231
364,1,"5,A","3,4,7,4",stand,10.0,lose,False,False,random-dfs,fixed,-0.377,3.0,0.01,272,5.231
364,1,"5,A,7","3,4,4,8","hit,stand",10.0,lose,False,False,random-dfs,fixed,-0.377,3.0,0.01,272,5.231
364,1,"5,A,7,4,8","3,4,10","hit,hit,hit",10.0,lose,False,True,random-dfs,fixed,-0.377,2.0,0.006,272,5.231
364,1,"5,A,7,4","3,4,8,10","hit,hit,stand",10.0,win,False,False,random-dfs,fixed,-0.377,2.0,0.006,272,5.231
365,1,"7,4,2","8,10","hit,stand",10.0,lose,False,False,random-dfs,fixed,0.0,1.0,0.003,268,5.154
365,1,"7,4,2,6","8,10","hit,hit,stand",10.0,win,False,False,random-dfs,fixed,0.0,2.0,0.006,268,5.154
365,1,"7,4,2,6,K","8,10","hit,hit,hit",10.0,lose,False,True,random-dfs,fixed,0.0,1.0,0.003,268,5.154
365,1,"7,4","8,10",stand,10.0,lose,False,False,random-dfs,fixed,0.0,0.0,0.0,268,5.154
365,1,"7,4,2","8,10","double,stand",20.0,lose,False,False,random-dfs,fixed,0.0,1.0,0.003,268,5.154
366,1,"2,6","K,2,3,A,A",stand,10.0,lose,False,False,random-dfs,fixed,0.0,1.0,0.003,264,5.077
366,1,"2,6,3","K,2,A,A,8","double,stand",20.0,win,False,False,random-dfs,fixed,0.0,1.0,0.003,264,5.077
366,1,"2,6,3","K,2,A,A,8","hit,stand",10.0,win,False,False,random-dfs,fixed,0.0,1.0,0.003,264,5.077
366,1,"2,6,3,A","K,2,A,8","hit,hit,stand",10.0,lose,False,False,random-dfs,fixed,0.0,1.0,0.003,264,5.077
366,1,"2,6,3,A,A","K,2,8","hit,hit,hit,stand",10.0,lose,False,False,random-dfs,fixed,0.0,1.0,0.003,264,5.077
366,1,"2,6,3,A,A,8","K,2,10","hit,hit,hit,hit,stand",10.0,win,False,False,random-dfs,fixed,0.0,0.0,0.0,264,5.077
367,1,"3,A,10","A,8","hit,stand",10.0,lose,False,False,random-dfs,fixed,0.394,-2.0,-0.006,260,5.0
367,1,"3,A,10,4,2,6","A,8","hit,hit,hit,hit",10.0,lose,False,True,random-dfs,fixed,0.394,1.0,0.003,260,5.0
367,1,"3,A,10,4,2","A,8","hit,hit,hit,stand",10.0,win,False,False,random-dfs,fixed,0.394,0.0,0.0,260,5.0
367,1,"3,A,10,4","A,8","hit,hit,stand",10.0,lose,False,False,random-dfs,fixed,0.394,-1.0,-0.003,260,5.0
367,1,"3,A","A,8",stand,10.0,lose,False,False,random-dfs,fixed,0.394,-1.0,-0.003,260,5.0
367,1,"3,A,10","A,8","double,stand",20.0,lose,False,False,random-dfs,fixed,0.394,-2.0,-0.006,260,5.0
368,1,"10,4","2,6,4,6",stand,10.0,lose,False,False,random-dfs,fixed,0.2,4.0,0.013,256,4.923
368,1,"10,4,4,6","2,6,7,J","hit,hit",10.0,lose,False,True,random-dfs,fixed,0.2,3.0,0.01,256,4.923
368,1,"10,4,4","2,6,6,7","hit,stand",10.0,lose,False,False,random-dfs,fixed,0.2,4.0,0.013,256,4.923
368,1,"10,4,4","2,6,6,7","double,stand",20.0,lose,False,False,random-dfs,fixed,0.2,4.0,0.013,256,4.923
369,1,"4,6","7,J",stand,10.0,lose,False,False,random-dfs,fixed,0.609,1.0,0.003,252,4.846
369,1,"4,6,3,4","7,J","hit,hit,stand",10.0,push,False,False,random-dfs,fixed,0.609,3.0,0.01,252,4.846
369,1,"4,6,3,4,8","7,J","hit,hit,hit",10.0,lose,False,True,random-dfs,fixed,0.609,3.0,0.01,252,4.846
369,1,"4,6,3","7,J","hit,stand",10.0,lose,False,False,random-dfs,fixed,0.609,2.0,0.006,252,4.846
369,1,"4,6,3","7,J","double,stand",20.0,lose,False,False,random-dfs,fixed,0.609,2.0,0.006,252,4.846
370,1,"3,4,6","8,J","double,stand",20.0,lose,False,False,random-dfs,fixed,0.825,2.0,0.006,248,4.769
370,1,"3,4,6","8,J","hit,stand",10.0,lose,False,False,random-dfs,fixed,0.825,2.0,0.006,248,4.769
370,1,"3,4,6,2,A,6","8,J","hit,hit,hit,hit",10.0,lose,False,True,random-dfs,fixed,0.825,3.0,0.01,248,4.769
370,1,"3,4,6,2,A","8,J","hit,hit,hit,stand",10.0,lose,False,False,random-dfs,fixed,0.825,2.0,0.006,248,4.769
370,1,"3,4,6,2","8,J","hit,hit,stand",10.0,lose,False,False,random-dfs,fixed,0.825,3.0,0.01,248,4.769
370,1,"3,4","8,J",stand,10.0,lose,False,False,random-dfs,fixed,0.825,1.0,0.003,248,4.769
371,1,"6,2,5","A,6","double,stand",20.0,lose,False,False,random-dfs,fixed,1.048,3.0,0.01,244,4.692
371,1,"6,2","A,6",stand,10.0,lose,False,False,random-dfs,fixed,1.048,2.0,0.006,244,4.692
371,1,"6,2,5,7,K","A,6","hit,hit,hit",10.0,lose,False,True,random-dfs,fixed,1.048,2.0,0.006,244,4.692
371,1,"6,2,5,7","A,6","hit,hit,stand",10.0,win,False,False,random-dfs,fixed,1.048,3.0,0.01,244,4.692
371,1,"6,2,5","A,6","hit,stand",10.0,lose,False,False,random-dfs,fixed,1.048,3.0,0.01,244,4.692
372,1,"5,7","K,9",stand,10.0,lose,False,False,random-dfs,fixed,1.492,0.0,0.0,240,4.615
372,1,"5,7,10","K,9","double,stand",20.0,lose,False,True,random-dfs,fixed,1.492,-1.0,-0.003,240,4.615
372,1,"5,7,10","K,9",hit,10.0,lose,False,True,random-dfs,fixed,1.492,-1.0,-0.003,240,4.615
373,1,"10,10,10","3,5,A","double,stand",20.0,lose,False,True,random-dfs,fixed,1.517,-2.0,-0.006,236,4.538
373,1,"10,10","3,5,10",stand,10.0,win,False,False,random-dfs,fixed,1.517,-1.0,-0.003,236,4.538
373,1,"10,10,10","3,5,A",hit,10.0,lose,False,True,random-dfs,fixed,1.517,-2.0,-0.006,236,4.538
374,1,"10,A","4,5,9",stand,10.0,win,True,False,random-dfs,fixed,1.542,0.0,0.0,232,4.462
375,1,"9,7,J","J,3,2,6",hit,10.0,lose,False,True,random-dfs,fixed,1.569,1.0,0.003,228,4.385
375,1,"9,7,J","J,3,2,6","double,stand",20.0,lose,False,True,random-dfs,fixed,1.569,1.0,0.003,228,4.385
375,1,"9,7","J,3,J",stand,10.0,win,False,False,random-dfs,fixed,1.569,-1.0,-0.003,228,4.385
376,1,"J,2,7,10","6,4,K","hit,hit",10.0,lose,False,True,random-dfs,fixed,1.596,0.0,0.0,224,4.308
376,1,"J,2,7","6,4,10","hit,stand",10.0,lose,False,False,random-dfs,fixed,1.596,1.0,0.003,224,4.308
376,1,"J,2,7","6,4,10","double,stand",20.0,lose,False,False,random-dfs,fixed,1.596,1.0,0.003,224,4.308
376,1,"J,2","6,4,7",stand,10.0,lose,False,False,random-dfs,fixed,1.596,2.0,0.006,224,4.308
377,1,"7,10","K,8",stand,10.0,lose,False,False,random-dfs,fixed,2.089,-2.0,-0.006,220,4.231
377,1,"7,10,A","K,8","double,stand",20.0,push,False,False,random-dfs,fixed,2.089,-3.0,-0.01,220,4.231
377,1,"7,10,A,Q","K,8","hit,hit",10.0,lose,False,True,random-dfs,fixed,2.089,-4.0,-0.013,220,4.231
377,1,"7,10,A","K,8","hit,stand",10.0,push,False,False,random-dfs,fixed,2.089,-3.0,-0.01,220,4.231
378,1,"A,Q","6,6,J",stand,10.0,win,True,False,random-dfs,fixed,1.655,-1.0,-0.003,216,4.154
379,1,"J,2,7","8,8,9","double,stand",20.0,win,False,False,random-dfs,fixed,1.685,0.0,0.0,212,4.077
379,1,"J,2","8,8,7",stand,10.0,win,False,False,random-dfs,fixed,1.685,0.0,0.0,212,4.077
379,1,"J,2,7","8,8,9","hit,stand",10.0,win,False,False,random-dfs,fixed,1.685,0.0,0.0,212,4.077
379,1,"J,2,7,9","8,8,Q","hit,hit",10.0,lose,False,True,random-dfs,fixed,1.685,-1.0,-0.003,212,4.077
380,1,"7,9,K","Q,Q","double,stand",20.0,lose,False,True,random-dfs,fixed,1.717,-3.0,-0.01,208,4.0
380,1,"7,9,K","Q,Q",hit,10.0,lose,False,True,random-dfs,fixed,1.717,-3.0,-0.01,208,4.0
380,1,"7,9","Q,Q",stand,10.0,lose,False,False,random-dfs,fixed,1.717,-2.0,-0.006,208,4.0
381,1,"K,6,8","8,2,8","double,stand",20.0,lose,False,True,random-dfs,fixed,1.25,1.0,0.003,204,3.923
381,1,"K,6","8,2,8",stand,10.0,lose,False,False,random-dfs,fixed,1.25,1.0,0.003,204,3.923
381,1,"K,6,8","8,2,8",hit,10.0,lose,False,True,random-dfs,fixed,1.25,1.0,0.003,204,3.923
382,1,"8,8,4","9,7,7","double,stand",20.0,win,False,False,random-dfs,fixed,1.529,1.0,0.003,200,3.846
382,1,"8,8,4","9,7,7","hit,stand",10.0,win,False,False,random-dfs,fixed,1.529,1.0,0.003,200,3.846
382,1,"8,8,4,7","9,7,Q","hit,hit",10.0,lose,False,True,random-dfs,fixed,1.529,0.0,0.0,200,3.846
382,1,"8,8","9,7,4",stand,10.0,lose,False,False,random-dfs,fixed,1.529,1.0,0.003,200,3.846
383,1,"4,7,3,7","Q,K","hit,hit,stand",10.0,win,False,False,random-dfs,fixed,1.56,0.0,0.0,196,3.769
383,1,"4,7,3","Q,K","hit,stand",10.0,lose,False,False,random-dfs,fixed,1.56,0.0,0.0,196,3.769
383,1,"4,7","Q,K",stand,10.0,lose,False,False,random-dfs,fixed,1.56,-1.0,-0.003,196,3.769
383,1,"4,7,3","Q,K","double,stand",20.0,lose,False,False,random-dfs,fixed,1.56,0.0,0.0,196,3.769
384,1,"3,7,7","2,5,3,K","double,stand",20.0,lose,False,False,random-dfs,fixed,1.327,3.0,0.01,192,3.692
384,1,"3,7,7,3","2,5,K","hit,hit,stand",10.0,win,False,False,random-dfs,fixed,1.327,3.0,0.01,192,3.692
384,1,"3,7,7,3,K","2,5,A","hit,hit,hit",10.0,lose,False,True,random-dfs,fixed,1.327,2.0,0.006,192,3.692
384,1,"3,7,7","2,5,3,K","hit,stand",10.0,lose,False,False,random-dfs,fixed,1.327,3.0,0.01,192,3.692
384,1,"3,7","2,5,7,3",stand,10.0,lose,False,False,random-dfs,fixed,1.327,4.0,0.013,192,3.692
385,1,"7,3,8","K,A","hit,stand",10.0,lose,False,False,random-dfs,fixed,2.167,-1.0,-0.003,188,3.615
385,1,"7,3,8,7","K,A","hit,hit",10.0,lose,False,True,random-dfs,fixed,2.167,-1.0,-0.003,188,3.615
385,1,"7,3,8","K,A","double,stand",20.0,lose,False,False,random-dfs,fixed,2.167,-1.0,-0.003,188,3.615
385,1,"7,3","K,A",stand,10.0,lose,False,False,random-dfs,fixed,2.167,-1.0,-0.003,188,3.615
386,1,"8,7","Q,3,2,K",stand,10.0,win,False,False,random-dfs,fixed,1.936,0.0,0.0,184,3.538
386,1,"8,7,2","Q,3,K","double,stand",20.0,win,False,False,random-dfs,fixed,1.936,0.0,0.0,184,3.538
386,1,"8,7,2","Q,3,K","hit,stand",10.0,win,False,False,random-dfs,fixed,1.936,0.0,0.0,184,3.538
386,1,"8,7,2,K","Q,3,3,A","hit,hit",10.0,lose,False,True,random-dfs,fixed,1.936,0.0,0.0,184,3.538
387,1,"2,K","3,A,9,6",stand,10.0,lose,False,False,random-dfs,fixed,1.978,1.0,0.003,180,3.462
387,1,"2,K,9","3,A,6","hit,stand",10.0,win,False,False,random-dfs,fixed,1.978,1.0,0.003,180,3.462
387,1,"2,K,9","3,A,6","double,stand",20.0,win,False,False,random-dfs,fixed,1.978,1.0,0.003,180,3.462
388,1,"9,6","9,4,7",stand,10.0,lose,False,False,random-dfs,fixed,2.022,2.0,0.006,176,3.385
388,1,"9,6,7","9,4,J",hit,10.0,lose,False,True,random-dfs,fixed,2.022,1.0,0.003,176,3.385
388,1,"9,6,7","9,4,J","double,stand",20.0,lose,False,True,random-dfs,fixed,2.022,1.0,0.003,176,3.385
389,1,"7,J,6","5,Q,J","double,stand",20.0,lose,False,True,random-dfs,fixed,2.659,-1.0,-0.003,172,3.308
389,1,"7,J","5,Q,6",stand,10.0,lose,False,False,random-dfs,fixed,2.659,0.0,0.0,172,3.308
389,1,"7,J,6","5,Q,J",hit,10.0,lose,False,True,random-dfs,fixed,2.659,-1.0,-0.003,172,3.308
390,1,"6,J,5","6,8,8","hit,stand",10.0,win,False,False,random-dfs,fixed,2.419,2.0,0.006,168,3.231
390,1,"6,J","6,8,5",stand,10.0,lose,False,False,random-dfs,fixed,2.419,2.0,0.006,168,3.231
390,1,"6,J,5","6,8,8","double,stand",20.0,win,False,False,random-dfs,fixed,2.419,2.0,0.006,168,3.231
391,1,"5,8,9","9,5,10","double,stand",20.0,lose,False,True,random-dfs,fixed,2.786,1.0,0.003,164,3.154
391,1,"5,8,9","9,5,10",hit,10.0,lose,False,True,random-dfs,fixed,2.786,1.0,0.003,164,3.154
391,1,"5,8","9,5,9",stand,10.0,win,False,False,random-dfs,fixed,2.786,2.0,0.006,164,3.154
392,1,"9,10,J","A,5,8,2,9",hit,10.0,lose,False,True,random-dfs,fixed,3.488,-1.0,-0.003,160,3.077
392,1,"9,10","A,5,J,8",stand,10.0,win,False,False,random-dfs,fixed,3.488,-2.0,-0.006,160,3.077
392,1,"9,10,J","A,5,8,2,9","double,stand",20.0,lose,False,True,random-dfs,fixed,3.488,-1.0,-0.003,160,3.077
393,1,"J,8","2,9,K",stand,10.0,lose,False,False,random-dfs,fixed,3.25,-1.0,-0.003,156,3.0
393,1,"J,8,K","2,9,Q",hit,10.0,lose,False,True,random-dfs,fixed,3.25,-2.0,-0.006,156,3.0
393,1,"J,8,K","2,9,Q","double,stand",20.0,lose,False,True,random-dfs,fixed,3.25,-2.0,-0.006,156,3.0
394,1,"K,Q","10,2,K",stand,10.0,win,False,False,random-dfs,fixed,3.333,-3.0,-0.01,152,2.923
394,1,"K,Q,K","10,2,J",hit,10.0,lose,False,True,random-dfs,fixed,3.333,-4.0,-0.013,152,2.923
394,1,"K,Q,K","10,2,J","double,stand",20.0,lose,False,True,random-dfs,fixed,3.333,-4.0,-0.013,152,2.923
395,1,"K,J","3,A,8,4,8",stand,10.0,win,False,False,random-dfs,fixed,2.737,-1.0,-0.003,148,2.846
395,1,"K,J,8","3,A,4",hit,10.0,lose,False,True,random-dfs,fixed,2.737,-1.0,-0.003,148,2.846
395,1,"K,J,8","3,A,4","double,stand",20.0,lose,False,True,random-dfs,fixed,2.737,-1.0,-0.003,148,2.846
396,1,"8,4","8,4,Q",stand,10.0,win,False,False,random-dfs,fixed,2.108,1.0,0.003,144,2.769
396,1,"8,4,Q","8,4,9","double,stand",20.0,lose,False,True,random-dfs,fixed,2.108,1.0,0.003,144,2.769
396,1,"8,4,Q","8,4,9",hit,10.0,lose,False,True,random-dfs,fixed,2.108,1.0,0.003,144,2.769
397,1,"Q,9","8,6,7",stand,10.0,lose,False,False,random-dfs,fixed,2.889,0.0,0.0,140,2.692
397,1,"Q,9,7","8,6,K","double,stand",20.0,lose,False,True,random-dfs,fixed,2.889,-1.0,-0.003,140,2.692
397,1,"Q,9,7","8,6,K",hit,10.0,lose,False,True,random-dfs,fixed,2.889,-1.0,-0.003,140,2.692
398,1,"7,K,8","K,A",hit,10.0,lose,False,True,random-dfs,fixed,2.971,-3.0,-0.01,136,2.615
398,1,"7,K","K,A",stand,10.0,lose,False,False,random-dfs,fixed,2.971,-3.0,-0.01,136,2.615
398,1,"7,K,8","K,A","double,stand",20.0,lose,False,True,random-dfs,fixed,2.971,-3.0,-0.01,136,2.615
399,1,"8,A,9","9,J","double,stand",20.0,lose,False,False,random-dfs,fixed,1.912,-2.0,-0.006,132,2.538
399,1,"8,A","9,J",stand,10.0,push,False,False,random-dfs,fixed,1.912,-2.0,-0.006,132,2.538
399,1,"8,A,9,K","9,J","hit,hit",10.0,lose,False,True,random-dfs,fixed,1.912,-3.0,-0.01,132,2.538
399,1,"8,A,9","9,J","hit,stand",10.0,lose,False,False,random-dfs,fixed,1.912,-2.0,-0.006,132,2.538
400,1,"9,K,5","5,3,4,5","double,stand",20.0,lose,False,True,random-dfs,fixed,1.182,4.0,0.013,128,2.462
400,1,"9,K,5","5,3,4,5",hit,10.0,lose,False,True,random-dfs,fixed,1.182,4.0,0.013,128,2.462
400,1,"9,K","5,3,5,4",stand,10.0,win,False,False,random-dfs,fixed,1.182,3.0,0.01,128,2.462
401,1,"5,4,A","5,4,4,A,A,K","double,stand",20.0,win,False,False,random-dfs,fixed,1.625,1.0,0.003,124,2.385
401,1,"5,4","5,4,A",stand,10.0,lose,False,False,random-dfs,fixed,1.625,3.0,0.01,124,2.385
401,1,"5,4,A","5,4,4,A,A,K","hit,stand",10.0,win,False,False,random-dfs,fixed,1.625,1.0,0.003,124,2.385
401,1,"5,4,A,4","5,4,A","hit,hit,stand",10.0,lose,False,False,random-dfs,fixed,1.625,3.0,0.01,124,2.385
401,1,"5,4,A,4,A","5,4,A","hit,hit,hit,stand",10.0,lose,False,False,random-dfs,fixed,1.625,2.0,0.006,124,2.385
401,1,"5,4,A,4,A,A","5,4,K","hit,hit,hit,hit,stand",10.0,lose,False,False,random-dfs,fixed,1.625,1.0,0.003,124,2.385
401,1,"5,4,A,4,A,A,K","5,4,J","hit,hit,hit,hit,hit",10.0,lose,False,True,random-dfs,fixed,1.625,0.0,0.0,124,2.385
402,1,"A,4,K,J","A,A,5","hit,hit",10.0,lose,False,True,random-dfs,fixed,3.355,-3.0,-0.01,120,2.308
402,1,"A,4,K","A,A,J,5","hit,stand",10.0,lose,False,False,random-dfs,fixed,3.355,-3.0,-0.01,120,2.308
402,1,"A,4,K","A,A,J,5","double,stand",20.0,lose,False,False,random-dfs,fixed,3.355,-3.0,-0.01,120,2.308
402,1,"A,4","A,A,K,J",stand,10.0,win,False,False,random-dfs,fixed,3.355,-4.0,-0.013,120,2.308
403,1,"K,J","5,3,9",stand,10.0,win,False,False,random-dfs,fixed,2.6,0.0,0.0,116,2.231
403,1,"K,J,9","5,3,7,Q",hit,10.0,lose,False,True,random-dfs,fixed,2.6,-1.0,-0.003,116,2.231
403,1,"K,J,9","5,3,7,Q","double,stand",20.0,lose,False,True,random-dfs,fixed,2.6,-1.0,-0.003,116,2.231
404,1,"9,7","Q,K",stand,10.0,lose,False,False,random-dfs,fixed,2.69,-2.0,-0.006,112,2.154
404,1,"9,7,K","Q,K",hit,10.0,lose,False,True,random-dfs,fixed,2.69,-3.0,-0.01,112,2.154
404,1,"9,7,K","Q,K","double,stand",20.0,lose,False,True,random-dfs,fixed,2.69,-3.0,-0.01,112,2.154
405,1,"K,10,10","5,3,6,4",hit,10.0,lose,False,True,random-dfs,fixed,1.857,1.0,0.003,108,2.077
405,1,"K,10","5,3,10",stand,10.0,win,False,False,random-dfs,fixed,1.857,-1.0,-0.003,108,2.077
405,1,"K,10,10","5,3,6,4","double,stand",20.0,lose,False,True,random-dfs,fixed,1.857,1.0,0.003,108,2.077
406,1,"10,6,3,6","4,K,10","hit,hit",10.0,lose,False,True,random-dfs,fixed,1.926,1.0,0.003,104,2.0
406,1,"10,6,3","4,K,6","hit,stand",10.0,lose,False,False,random-dfs,fixed,1.926,2.0,0.006,104,2.0
406,1,"10,6,3","4,K,6","double,stand",20.0,lose,False,False,random-dfs,fixed,1.926,2.0,0.006,104,2.0
406,1,"10,6","4,K,3",stand,10.0,lose,False,False,random-dfs,fixed,1.926,1.0,0.003,104,2.0
407,1,"3,6,Q","10,J","hit,stand",10.0,lose,False,False,random-dfs,fixed,2.0,-1.0,-0.003,100,1.923
407,1,"3,6,Q,2","10,J","hit,hit,stand",10.0,win,False,False,random-dfs,fixed,2.0,0.0,0.0,100,1.923
407,1,"3,6","10,J",stand,10.0,lose,False,False,random-dfs,fixed,2.0,0.0,0.0,100,1.923
407,1,"3,6,Q","10,J","double,stand",20.0,lose,False,False,random-dfs,fixed,2.0,-1.0,-0.003,100,1.923
408,1,"Q,2,J","4,9,5","double,stand",20.0,lose,False,True,random-dfs,fixed,2.08,1.0,0.003,96,1.846
408,1,"Q,2,J","4,9,5",hit,10.0,lose,False,True,random-dfs,fixed,2.08,1.0,0.003,96,1.846
408,1,"Q,2","4,9,J",stand,10.0,win,False,False,random-dfs,fixed,2.08,0.0,0.0,96,1.846
409,1,"J,5,6","4,8,10","hit,stand",10.0,win,False,False,random-dfs,fixed,2.708,1.0,0.003,92,1.769
409,1,"J,5","4,8,6",stand,10.0,lose,False,False,random-dfs,fixed,2.708,2.0,0.006,92,1.769
409,1,"J,5,6","4,8,10","double,stand",20.0,win,False,False,random-dfs,fixed,2.708,1.0,0.003,92,1.769
410,1,"6,10,8","7,3,Q","double,stand",20.0,lose,False,True,random-dfs,fixed,3.391,0.0,0.0,88,1.692
410,1,"6,10","7,3,8",stand,10.0,lose,False,False,random-dfs,fixed,3.391,1.0,0.003,88,1.692
410,1,"6,10,8","7,3,Q",hit,10.0,lose,False,True,random-dfs,fixed,3.391,0.0,0.0,88,1.692
411,1,"8,Q,10","2,5,7,5","double,stand",20.0,lose,False,True,random-dfs,fixed,4.136,1.0,0.003,84,1.615
411,1,"8,Q","2,5,10",stand,10.0,win,False,False,random-dfs,fixed,4.136,0.0,0.0,84,1.615
411,1,"8,Q,10","2,5,7,5",hit,10.0,lose,False,True,random-dfs,fixed,4.136,1.0,0.003,84,1.615
412,1,"10,7","5,Q,3",stand,10.0,lose,False,False,random-dfs,fixed,4.952,0.0,0.0,80,1.538
412,1,"10,7,3","5,Q,7","double,stand",20.0,win,False,False,random-dfs,fixed,4.952,0.0,0.0,80,1.538
412,1,"10,7,3,7","5,Q,Q","hit,hit",10.0,lose,False,True,random-dfs,fixed,4.952,-1.0,-0.003,80,1.538
412,1,"10,7,3","5,Q,7","hit,stand",10.0,win,False,False,random-dfs,fixed,4.952,0.0,0.0,80,1.538
413,1,"3,7,4","Q,Q","double,stand",20.0,lose,False,False,random-dfs,fixed,4.55,0.0,0.0,76,1.462
413,1,"3,7","Q,Q",stand,10.0,lose,False,False,random-dfs,fixed,4.55,-1.0,-0.003,76,1.462
413,1,"3,7,4","Q,Q","hit,stand",10.0,lose,False,False,random-dfs,fixed,4.55,0.0,0.0,76,1.462
413,1,"3,7,4,6,2","Q,Q","hit,hit,hit",10.0,lose,False,True,random-dfs,fixed,4.55,2.0,0.006,76,1.462
413,1,"3,7,4,6","Q,Q","hit,hit,stand",10.0,push,False,False,random-dfs,fixed,4.55,1.0,0.003,76,1.462
414,1,"Q,6","8,8,A",stand,10.0,lose,False,False,random-dfs,fixed,0.0,-1.0,-0.003,308,5.923
414,1,"Q,6,A","8,8,3","double,stand",20.0,lose,False,False,random-dfs,fixed,0.0,0.0,0.0,308,5.923
414,1,"Q,6,A,3","8,8,8","hit,hit,stand",10.0,win,False,False,random-dfs,fixed,0.0,0.0,0.0,308,5.923
414,1,"Q,6,A,3,8","8,8,5","hit,hit,hit",10.0,lose,False,True,random-dfs,fixed,0.0,1.0,0.003,308,5.923
414,1,"Q,6,A","8,8,3","hit,stand",10.0,lose,False,False,random-dfs,fixed,0.0,0.0,0.0,308,5.923
415,1,"A,3,7","8,5,8","hit,stand",10.0,push,False,False,random-dfs,fixed,0.0,1.0,0.003,304,5.846
415,1,"A,3","8,5,7",stand,10.0,lose,False,False,random-dfs,fixed,0.0,1.0,0.003,304,5.846
415,1,"A,3,7","8,5,8","double,stand",20.0,push,False,False,random-dfs,fixed,0.0,1.0,0.003,304,5.846
416,1,"7,8","A,3,5",stand,10.0,lose,False,False,random-dfs,fixed,0.171,1.0,0.003,300,5.769
416,1,"7,8,5,J","A,3,2,10,6","hit,hit",10.0,lose,False,True,random-dfs,fixed,0.171,1.0,0.003,300,5.769
416,1,"7,8,5","A,3,J,2,10","hit,stand",10.0,win,False,False,random-dfs,fixed,0.171,0.0,0.0,300,5.769
416,1,"7,8,5","A,3,J,2,10","double,stand",20.0,win,False,False,random-dfs,fixed,0.171,0.0,0.0,300,5.769
417,1,"5,J,6","2,10,7","hit,stand",10.0,win,False,False,random-dfs,fixed,0.173,1.0,0.003,296,5.692
417,1,"5,J,6","2,10,7","double,stand",20.0,win,False,False,random-dfs,fixed,0.173,1.0,0.003,296,5.692
417,1,"5,J","2,10,6",stand,10.0,lose,False,False,random-dfs,fixed,0.173,1.0,0.003,296,5.692
418,1,"6,7,2","9,K","double,stand",20.0,lose,False,False,random-dfs,fixed,0.176,1.0,0.003,292,5.615
418,1,"6,7,2,6","9,K","hit,hit,stand",10.0,win,False,False,random-dfs,fixed,0.176,2.0,0.006,292,5.615
418,1,"6,7,2","9,K","hit,stand",10.0,lose,False,False,random-dfs,fixed,0.176,1.0,0.003,292,5.615
418,1,"6,7","9,K",stand,10.0,lose,False,False,random-dfs,fixed,0.176,0.0,0.0,292,5.615
419,1,"2,6,8","6,J,7","hit,stand",10.0,win,False,False,random-dfs,fixed,0.178,2.0,0.006,288,5.538
419,1,"2,6,8,7","6,J,10","hit,hit",10.0,lose,False,True,random-dfs,fixed,0.178,1.0,0.003,288,5.538
419,1,"2,6,8","6,J,7","double,stand",20.0,win,False,False,random-dfs,fixed,0.178,2.0,0.006,288,5.538
419,1,"2,6","6,J,8",stand,10.0,win,False,False,random-dfs,fixed,0.178,2.0,0.006,288,5.538
420,1,"8,7,5","10,4,A,10","double,stand",20.0,win,False,False,random-dfs,fixed,0.542,-1.0,-0.003,284,5.462
420,1,"8,7,5,A","10,4,10","hit,hit,stand",10.0,win,False,False,random-dfs,fixed,0.542,-1.0,-0.003,284,5.462
420,1,"8,7,5","10,4,A,10","hit,stand",10.0,win,False,False,random-dfs,fixed,0.542,-1.0,-0.003,284,5.462
420,1,"8,7","10,4,5",stand,10.0,lose,False,False,random-dfs,fixed,0.542,1.0,0.003,284,5.462
421,1,"5,A","10,6,K",stand,10.0,win,False,False,random-dfs,fixed,0.549,-1.0,-0.003,280,5.385
421,1,"5,A,K","10,6,5","hit,stand",10.0,lose,False,False,random-dfs,fixed,0.549,0.0,0.0,280,5.385
421,1,"5,A,K,5","10,6,K","hit,hit,stand",10.0,win,False,False,random-dfs,fixed,0.549,-1.0,-0.003,280,5.385
421,1,"5,A,K","10,6,5","double,stand",20.0,lose,False,False,random-dfs,fixed,0.549,0.0,0.0,280,5.385
422,1,"K,5,8","K,8",hit,10.0,lose,False,True,random-dfs,fixed,0.557,-1.0,-0.003,276,5.308
422,1,"K,5","K,8",stand,10.0,lose,False,False,random-dfs,fixed,0.557,-1.0,-0.003,276,5.308
422,1,"K,5,8","K,8","double,stand",20.0,lose,False,True,random-dfs,fixed,0.557,-1.0,-0.003,276,5.308
423,1,"8,J,Q","5,2,6,9","double,stand",20.0,lose,False,True,random-dfs,fixed,0.377,1.0,0.003,272,5.231
423,1,"8,J,Q","5,2,6,9",hit,10.0,lose,False,True,random-dfs,fixed,0.377,1.0,0.003,272,5.231
423,1,"8,J","5,2,Q",stand,10.0,win,False,False,random-dfs,fixed,0.377,0.0,0.0,272,5.231
424,1,"Q,6,A","9,A","double,stand",20.0,lose,False,False,random-dfs,fixed,0.574,-2.0,-0.006,268,5.154
424,1,"Q,6,A,9","9,A","hit,hit",10.0,lose,False,True,random-dfs,fixed,0.574,-2.0,-0.006,268,5.154
424,1,"Q,6,A","9,A","hit,stand",10.0,lose,False,False,random-dfs,fixed,0.574,-2.0,-0.006,268,5.154
424,1,"Q,6","9,A",stand,10.0,lose,False,False,random-dfs,fixed,0.574,-1.0,-0.003,268,5.154
425,1,"A,9,Q,A","5,6,10","hit,hit,stand",10.0,push,False,False,random-dfs,fixed,0.388,-2.0,-0.006,264,5.077
425,1,"A,9,Q","5,6,A,10","hit,stand",10.0,win,False,False,random-dfs,fixed,0.388,-2.0,-0.006,264,5.077
425,1,"A,9","5,6,Q",stand,10.0,lose,False,False,random-dfs,fixed,0.388,0.0,0.0,264,5.077
425,1,"A,9,Q","5,6,A,10","double,stand",20.0,win,False,False,random-dfs,fixed,0.388,-2.0,-0.006,264,5.077
426,1,"Q,A","10,6,9",stand,10.0,win,True,False,random-dfs,fixed,0.591,-2.0,-0.006,260,5.0
427,1,"9,6,8","3,K,Q",hit,10.0,lose,False,True,random-dfs,fixed,0.2,0.0,0.0,256,4.923
427,1,"9,6,8","3,K,Q","double,stand",20.0,lose,False,True,random-dfs,fixed,0.2,0.0,0.0,256,4.923
427,1,"9,6","3,K,8",stand,10.0,lose,False,False,random-dfs,fixed,0.2,1.0,0.003,256,4.923
428,1,"8,Q,Q","2,5,K","double,stand",20.0,lose,False,True,random-dfs,fixed,0.406,-1.0,-0.003,252,4.846
428,1,"8,Q","2,5,Q",stand,10.0,win,False,False,random-dfs,fixed,0.406,0.0,0.0,252,4.846
428,1,"8,Q,Q","2,5,K",hit,10.0,lose,False,True,random-dfs,fixed,0.406,-1.0,-0.003,252,4.846
429,1,"Q,K","A,5,2",stand,10.0,win,False,False,random-dfs,fixed,0.619,-1.0,-0.003,248,4.769
429,1,"Q,K,2","A,5,9,J","double,stand",20.0,lose,False,True,random-dfs,fixed,0.619,-2.0,-0.006,248,4.769
429,1,"Q,K,2","A,5,9,J",hit,10.0,lose,False,True,random-dfs,fixed,0.619,-2.0,-0.006,248,4.769
430,1,"2,9","J,7",stand,10.0,lose,False,False,random-dfs,fixed,0.21,0.0,0.0,244,4.692
430,1,"2,9,3,J","J,7","hit,hit",10.0,lose,False,True,random-dfs,fixed,0.21,0.0,0.0,244,4.692
430,1,"2,9,3","J,7","hit,stand",10.0,lose,False,False,random-dfs,fixed,0.21,1.0,0.003,244,4.692
430,1,"2,9,3","J,7","double,stand",20.0,lose,False,False,random-dfs,fixed,0.21,1.0,0.003,244,4.692
431,1,"3,J","8,A",stand,10.0,lose,False,False,random-dfs,fixed,0.213,-1.0,-0.003,240,4.615
431,1,"3,J,6,Q","8,A","hit,hit",10.0,lose,False,True,random-dfs,fixed,0.213,-1.0,-0.003,240,4.615
431,1,"3,J,6","8,A","hit,stand",10.0,push,False,False,random-dfs,fixed,0.213,0.0,0.0,240,4.615
431,1,"3,J,6","8,A","double,stand",20.0,push,False,False,random-dfs,fixed,0.213,0.0,0.0,240,4.615
432,1,"6,Q,6","Q,Q","double,stand",20.0,lose,False,True,random-dfs,fixed,0.0,-1.0,-0.003,236,4.538
432,1,"6,Q","Q,Q",stand,10.0,lose,False,False,random-dfs,fixed,0.0,-2.0,-0.006,236,4.538
432,1,"6,Q,6","Q,Q",hit,10.0,lose,False,True,random-dfs,fixed,0.0,-1.0,-0.003,236,4.538
433,1,"6,Q","A,A,8",stand,10.0,lose,False,False,random-dfs,fixed,-0.441,-2.0,-0.006,232,4.462
433,1,"6,Q,8","A,A,3,7,3,Q","double,stand",20.0,lose,False,True,random-dfs,fixed,-0.441,-1.0,-0.003,232,4.462
433,1,"6,Q,8","A,A,3,7,3,Q",hit,10.0,lose,False,True,random-dfs,fixed,-0.441,-1.0,-0.003,232,4.462
434,1,"8,3","7,3,Q",stand,10.0,lose,False,False,random-dfs,fixed,-0.897,1.0,0.003,228,4.385
434,1,"8,3,Q","7,3,4,A,3","hit,stand",10.0,win,False,False,random-dfs,fixed,-0.897,2.0,0.006,228,4.385
434,1,"8,3,Q","7,3,4,A,3","double,stand",20.0,win,False,False,random-dfs,fixed,-0.897,2.0,0.006,228,4.385
435,1,"Q,4,K","A,3,9,J",hit,10.0,lose,False,True,random-dfs,fixed,-0.456,-2.0,-0.006,224,4.308
435,1,"Q,4","A,3,K,9",stand,10.0,win,False,False,random-dfs,fixed,-0.456,-1.0,-0.003,224,4.308
435,1,"Q,4,K","A,3,9,J","double,stand",20.0,lose,False,True,random-dfs,fixed,-0.456,-2.0,-0.006,224,4.308
436,1,"K,9,10","J,3,4",hit,10.0,lose,False,True,random-dfs,fixed,-0.464,-1.0,-0.003,220,4.231
436,1,"K,9","J,3,10",stand,10.0,win,False,False,random-dfs,fixed,-0.464,-2.0,-0.006,220,4.231
436,1,"K,9,10","J,3,4","double,stand",20.0,lose,False,True,random-dfs,fixed,-0.464,-1.0,-0.003,220,4.231
437,1,"10,4,A","7,4,5,7","double,stand",20.0,win,False,False,random-dfs,fixed,-0.709,1.0,0.003,216,4.154
437,1,"10,4,A","7,4,5,7","hit,stand",10.0,win,False,False,random-dfs,fixed,-0.709,1.0,0.003,216,4.154
437,1,"10,4,A,5","7,4,7","hit,hit,stand",10.0,win,False,False,random-dfs,fixed,-0.709,1.0,0.003,216,4.154
437,1,"10,4,A,5,7","7,4,4,J","hit,hit,hit",10.0,lose,False,True,random-dfs,fixed,-0.709,1.0,0.003,216,4.154
437,1,"10,4","7,4,A,5",stand,10.0,lose,False,False,random-dfs,fixed,-0.709,1.0,0.003,216,4.154
438,1,"A,5,J","7,4,4,5","double,stand",20.0,lose,False,False,random-dfs,fixed,-0.481,2.0,0.006,212,4.077
438,1,"A,5","7,4,J",stand,10.0,lose,False,False,random-dfs,fixed,-0.481,0.0,0.0,212,4.077
438,1,"A,5,J,4,5","7,4,7","hit,hit,hit",10.0,lose,False,True,random-dfs,fixed,-0.481,2.0,0.006,212,4.077
438,1,"A,5,J,4","7,4,5,7","hit,hit,stand",10.0,win,False,False,random-dfs,fixed,-0.481,2.0,0.006,212,4.077
438,1,"A,5,J","7,4,4,5","hit,stand",10.0,lose,False,False,random-dfs,fixed,-0.481,2.0,0.006,212,4.077
439,1,"J,4,6","5,7,7","hit,stand",10.0,win,False,False,random-dfs,fixed,-0.245,2.0,0.006,208,4.0
439,1,"J,4,6,7","5,7,9","hit,hit",10.0,lose,False,True,random-dfs,fixed,-0.245,2.0,0.006,208,4.0
439,1,"J,4,6","5,7,7","double,stand",20.0,win,False,False,random-dfs,fixed,-0.245,2.0,0.006,208,4.0
439,1,"J,4","5,7,6",stand,10.0,lose,False,False,random-dfs,fixed,-0.245,2.0,0.006,208,4.0
440,1,"6,7,2,5,10","9,10","hit,hit,hit",10.0,lose,False,True,random-dfs,fixed,0.0,1.0,0.003,204,3.923
440,1,"6,7,2,5","9,10","hit,hit,stand",10.0,win,False,False,random-dfs,fixed,0.0,2.0,0.006,204,3.923
440,1,"6,7,2","9,10","hit,stand",10.0,lose,False,False,random-dfs,fixed,0.0,1.0,0.003,204,3.923
440,1,"6,7","9,10",stand,10.0,lose,False,False,random-dfs,fixed,0.0,0.0,0.0,204,3.923
440,1,"6,7,2","9,10","double,stand",20.0,lose,False,False,random-dfs,fixed,0.0,1.0,0.003,204,3.923
441,1,"2,5","10,4,7",stand,10.0,lose,False,False,random-dfs,fixed,0.0,2.0,0.006,200,3.846
441,1,"2,5,7,6,2","10,4,4","hit,hit,hit",10.0,lose,False,True,random-dfs,fixed,0.0,5.0,0.016,200,3.846
441,1,"2,5,7,6","10,4,2,4","hit,hit,stand",10.0,push,False,False,random-dfs,fixed,0.0,5.0,0.016,200,3.846
441,1,"2,5,7","10,4,6","hit,stand",10.0,lose,False,False,random-dfs,fixed,0.0,3.0,0.01,200,3.846
441,1,"2,5,7","10,4,6","double,stand",20.0,lose,False,False,random-dfs,fixed,0.0,3.0,0.01,200,3.846
442,1,"7,6","2,4,2,10",stand,10.0,lose,False,False,random-dfs,fixed,0.52,3.0,0.01,196,3.769
442,1,"7,6,2","2,4,10,2","hit,stand",10.0,lose,False,False,random-dfs,fixed,0.52,4.0,0.013,196,3.769
442,1,"7,6,2,10","2,4,2,Q","hit,hit",10.0,lose,False,True,random-dfs,fixed,0.52,3.0,0.01,196,3.769
442,1,"7,6,2","2,4,10,2","double,stand",20.0,lose,False,False,random-dfs,fixed,0.52,4.0,0.013,196,3.769
443,1,"2,10","2,Q,J",stand,10.0,win,False,False,random-dfs,fixed,1.327,-1.0,-0.003,192,3.692
443,1,"2,10,J","2,Q,6",hit,10.0,lose,False,True,random-dfs,fixed,1.327,0.0,0.0,192,3.692
443,1,"2,10,J","2,Q,6","double,stand",20.0,lose,False,True,random-dfs,fixed,1.327,0.0,0.0,192,3.692
444,1,"J,6,Q","4,4,A",hit,10.0,lose,False,True,random-dfs,fixed,1.354,0.0,0.0,188,3.615
444,1,"J,6","4,4,Q",stand,10.0,lose,False,False,random-dfs,fixed,1.354,1.0,0.003,188,3.615
444,1,"J,6,Q","4,4,A","double,stand",20.0,lose,False,True,random-dfs,fixed,1.354,0.0,0.0,188,3.615
445,1,"Q,A","4,2,5,9",stand,10.0,win,True,False,random-dfs,fixed,1.936,1.0,0.003,184,3.538
446,1,"5,9,4","8,8,3","double,stand",20.0,lose,False,False,random-dfs,fixed,1.978,3.0,0.01,180,3.462
446,1,"5,9","8,8,4",stand,10.0,lose,False,False,random-dfs,fixed,1.978,2.0,0.006,180,3.462
446,1,"5,9,4,3","8,8,7","hit,hit,stand",10.0,win,False,False,random-dfs,fixed,1.978,3.0,0.01,180,3.462
446,1,"5,9,4","8,8,3","hit,stand",10.0,lose,False,False,random-dfs,fixed,1.978,3.0,0.01,180,3.462
447,1,"4,3","7,3,10",stand,10.0,lose,False,False,random-dfs,fixed,2.311,2.0,0.006,176,3.385
447,1,"4,3,10","7,3,7","double,stand",20.0,push,False,False,random-dfs,fixed,2.311,2.0,0.006,176,3.385
447,1,"4,3,10,7","7,3,9","hit,hit",10.0,lose,False,True,random-dfs,fixed,2.311,2.0,0.006,176,3.385
447,1,"4,3,10","7,3,7","hit,stand",10.0,push,False,False,random-dfs,fixed,2.311,2.0,0.006,176,3.385
448,1,"10,7,9","9,7,4","double,stand",20.0,lose,False,True,random-dfs,fixed,3.25,0.0,0.0,172,3.308
448,1,"10,7","9,7,9",stand,10.0,win,False,False,random-dfs,fixed,3.25,-1.0,-0.003,172,3.308
448,1,"10,7,9","9,7,4",hit,10.0,lose,False,True,random-dfs,fixed,3.25,0.0,0.0,172,3.308
449,1,"9,4,4","Q,7","hit,stand",10.0,push,False,False,random-dfs,fixed,3.023,1.0,0.003,168,3.231
449,1,"9,4,4,5","Q,7","hit,hit",10.0,lose,False,True,random-dfs,fixed,3.023,2.0,0.006,168,3.231
449,1,"9,4,4","Q,7","double,stand",20.0,push,False,False,random-dfs,fixed,3.023,1.0,0.003,168,3.231
449,1,"9,4","Q,7",stand,10.0,lose,False,False,random-dfs,fixed,3.023,0.0,0.0,168,3.231
450,1,"4,5,6","3,A,8,9","hit,stand",10.0,lose,False,False,random-dfs,fixed,3.095,3.0,0.01,164,3.154
450,1,"4,5,6,8","3,A,9,8","hit,hit",10.0,lose,False,True,random-dfs,fixed,3.095,3.0,0.01,164,3.154
450,1,"4,5","3,A,6",stand,10.0,lose,False,False,random-dfs,fixed,3.095,3.0,0.01,164,3.154
450,1,"4,5,6","3,A,8,9","double,stand",20.0,lose,False,False,random-dfs,fixed,3.095,3.0,0.01,164,3.154
451,1,"6,8,10","9,8",hit,10.0,lose,False,True,random-dfs,fixed,3.805,0.0,0.0,160,3.077
451,1,"6,8,10","9,8","double,stand",20.0,lose,False,True,random-dfs,fixed,3.805,0.0,0.0,160,3.077
451,1,"6,8","9,8",stand,10.0,lose,False,False,random-dfs,fixed,3.805,1.0,0.003,160,3.077
452,1,"10,K,10","Q,8",hit,10.0,lose,False,True,random-dfs,fixed,4.225,-4.0,-0.013,156,3.0
452,1,"10,K,10","Q,8","double,stand",20.0,lose,False,True,random-dfs,fixed,4.225,-4.0,-0.013,156,3.0
452,1,"10,K","Q,8",stand,10.0,win,False,False,random-dfs,fixed,4.225,-3.0,-0.01,156,3.0
453,1,"10,3","5,A,5",stand,10.0,lose,False,False,random-dfs,fixed,3.333,1.0,0.003,152,2.923
453,1,"10,3,5","5,A,10,K","double,stand",20.0,win,False,False,random-dfs,fixed,3.333,-1.0,-0.003,152,2.923
453,1,"10,3,5,10","5,A,K,2","hit,hit",10.0,lose,False,True,random-dfs,fixed,3.333,0.0,0.0,152,2.923
453,1,"10,3,5","5,A,10,K","hit,stand",10.0,win,False,False,random-dfs,fixed,3.333,-1.0,-0.003,152,2.923
454,1,"5,10,6","K,2,6","double,stand",20.0,win,False,False,random-dfs,fixed,3.421,2.0,0.006,148,2.846
454,1,"5,10","K,2,6",stand,10.0,lose,False,False,random-dfs,fixed,3.421,1.0,0.003,148,2.846
454,1,"5,10,6","K,2,6","hit,stand",10.0,win,False,False,random-dfs,fixed,3.421,2.0,0.006,148,2.846
455,1,"6,6,9","J,8","hit,stand",10.0,win,False,False,random-dfs,fixed,3.514,1.0,0.003,144,2.769
455,1,"6,6,9","J,8","double,stand",20.0,win,False,False,random-dfs,fixed,3.514,1.0,0.003,144,2.769
455,1,"6,6","J,8",stand,10.0,lose,False,False,random-dfs,fixed,3.514,1.0,0.003,144,2.769
456,1,"9,5,K","3,3,4,K",hit,10.0,lose,False,True,random-dfs,fixed,3.972,2.0,0.006,140,2.692
456,1,"9,5","3,3,K,4",stand,10.0,lose,False,False,random-dfs,fixed,3.972,3.0,0.01,140,2.692
456,1,"9,5,K","3,3,4,K","double,stand",20.0,lose,False,True,random-dfs,fixed,3.972,2.0,0.006,140,2.692
457,1,"K,4","K,8",stand,10.0,lose,False,False,random-dfs,fixed,5.2,-1.0,-0.003,136,2.615
457,1,"K,4,Q","K,8","double,stand",20.0,lose,False,True,random-dfs,fixed,5.2,-2.0,-0.006,136,2.615
457,1,"K,4,Q","K,8",hit,10.0,lose,False,True,random-dfs,fixed,5.2,-2.0,-0.006,136,2.615
458,1,"Q,10","9,4,7",stand,10.0,push,False,False,random-dfs,fixed,4.971,-1.0,-0.003,132,2.538
458,1,"Q,10,7","9,4,9",hit,10.0,lose,False,True,random-dfs,fixed,4.971,-1.0,-0.003,132,2.538
458,1,"Q,10,7","9,4,9","double,stand",20.0,lose,False,True,random-dfs,fixed,4.971,-1.0,-0.003,132,2.538
459,1,"7,9","7,3,K",stand,10.0,lose,False,False,random-dfs,fixed,4.727,0.0,0.0,128,2.462
459,1,"7,9,K","7,3,6,10",hit,10.0,lose,False,True,random-dfs,fixed,4.727,0.0,0.0,128,2.462
459,1,"7,9,K","7,3,6,10","double,stand",20.0,lose,False,True,random-dfs,fixed,4.727,0.0,0.0,128,2.462
460,1,"K,6,K","10,6,Q","double,stand",20.0,lose,False,True,random-dfs,fixed,5.281,-2.0,-0.006,124,2.385
460,1,"K,6","10,6,K",stand,10.0,win,False,False,random-dfs,fixed,5.281,-1.0,-0.003,124,2.385
460,1,"K,6,K","10,6,Q",hit,10.0,lose,False,True,random-dfs,fixed,5.281,-2.0,-0.006,124,2.385
461,1,"K,Q,10","6,8,2,7","double,stand",20.0,lose,False,True,random-dfs,fixed,5.452,-1.0,-0.003,120,2.308
461,1,"K,Q,10","6,8,2,7",hit,10.0,lose,False,True,random-dfs,fixed,5.452,-1.0,-0.003,120,2.308
461,1,"K,Q","6,8,10",stand,10.0,win,False,False,random-dfs,fixed,5.452,-2.0,-0.006,120,2.308
462,1,"10,2,2","7,J","double,stand",20.0,lose,False,False,random-dfs,fixed,5.2,0.0,0.0,116,2.231
462,1,"10,2,2,Q","7,J","hit,hit",10.0,lose,False,True,random-dfs,fixed,5.2,-1.0,-0.003,116,2.231
462,1,"10,2,2","7,J","hit,stand",10.0,lose,False,False,random-dfs,fixed,5.2,0.0,0.0,116,2.231
462,1,"10,2","7,J",stand,10.0,lose,False,False,random-dfs,fixed,5.2,-1.0,-0.003,116,2.231
463,1,"2,Q,2","K,10","double,stand",20.0,lose,False,False,random-dfs,fixed,4.931,-1.0,-0.003,112,2.154
463,1,"2,Q,2","K,10","hit,stand",10.0,lose,False,False,random-dfs,fixed,4.931,-1.0,-0.003,112,2.154
463,1,"2,Q,2,A,J","K,10","hit,hit,hit",10.0,lose,False,True,random-dfs,fixed,4.931,-3.0,-0.01,112,2.154
463,1,"2,Q,2,A","K,10","hit,hit,stand",10.0,lose,False,False,random-dfs,fixed,4.931,-2.0,-0.006,112,2.154
463,1,"2,Q","K,10",stand,10.0,lose,False,False,random-dfs,fixed,4.931,-2.0,-0.006,112,2.154
464,1,"2,A","J,J",stand,10.0,lose,False,False,random-dfs,fixed,4.179,-2.0,-0.006,108,2.077
464,1,"2,A,K","J,J","hit,stand",10.0,lose,False,False,random-dfs,fixed,4.179,-3.0,-0.01,108,2.077
464,1,"2,A,K,10","J,J","hit,hit",10.0,lose,False,True,random-dfs,fixed,4.179,-4.0,-0.013,108,2.077
464,1,"2,A,K","J,J","double,stand",20.0,lose,False,False,random-dfs,fixed,4.179,-3.0,-0.01,108,2.077
465,1,"K,10","A,K",stand,10.0,lose,False,False,random-dfs,fixed,3.37,-4.0,-0.013,104,2.0
465,1,"K,10,2","A,K",hit,10.0,lose,False,True,random-dfs,fixed,3.37,-3.0,-0.01,104,2.0
465,1,"K,10,2","A,K","double,stand",20.0,lose,False,True,random-dfs,fixed,3.37,-3.0,-0.01,104,2.0
466,1,"2,K,A","A,6","double,stand",20.0,lose,False,False,random-dfs,fixed,1.5,-1.0,-0.003,100,1.923
466,1,"2,K","A,6",stand,10.0,lose,False,False,random-dfs,fixed,1.5,0.0,0.0,100,1.923
466,1,"2,K,A","A,6","hit,stand",10.0,lose,False,False,random-dfs,fixed,1.5,-1.0,-0.003,100,1.923
466,1,"2,K,A,2","A,6","hit,hit,stand",10.0,lose,False,False,random-dfs,fixed,1.5,0.0,0.0,100,1.923
466,1,"2,K,A,2,J","A,6","hit,hit,hit",10.0,lose,False,True,random-dfs,fixed,1.5,-1.0,-0.003,100,1.923
467,1,"A,2,J","J,10","hit,stand",10.0,lose,False,False,random-dfs,fixed,1.56,-3.0,-0.01,96,1.846
467,1,"A,2,J,3","J,10","hit,hit,stand",10.0,lose,False,False,random-dfs,fixed,1.56,-2.0,-0.006,96,1.846
467,1,"A,2,J,3,5","J,10","hit,hit,hit,stand",10.0,win,False,False,random-dfs,fixed,1.56,-1.0,-0.003,96,1.846
467,1,"A,2","J,10",stand,10.0,lose,False,False,random-dfs,fixed,1.56,-2.0,-0.006,96,1.846
467,1,"A,2,J","J,10","double,stand",20.0,lose,False,False,random-dfs,fixed,1.56,-3.0,-0.01,96,1.846
468,1,"J,3,3","5,9,J","double,stand",20.0,win,False,False,random-dfs,fixed,0.542,1.0,0.003,92,1.769
468,1,"J,3,3","5,9,J","hit,stand",10.0,win,False,False,random-dfs,fixed,0.542,1.0,0.003,92,1.769
468,1,"J,3,3,J","5,9,6","hit,hit",10.0,lose,False,True,random-dfs,fixed,0.542,2.0,0.006,92,1.769
468,1,"J,3","5,9,3",stand,10.0,lose,False,False,random-dfs,fixed,0.542,2.0,0.006,92,1.769
469,1,"3,J,8","6,Q,7","double,stand",20.0,win,False,False,random-dfs,fixed,1.13,0.0,0.0,88,1.692
469,1,"3,J","6,Q,8",stand,10.0,win,False,False,random-dfs,fixed,1.13,0.0,0.0,88,1.692
469,1,"3,J,8","6,Q,7","hit,stand",10.0,win,False,False,random-dfs,fixed,1.13,0.0,0.0,88,1.692
470,1,"8,7","8,2,K",stand,10.0,lose,False,False,random-dfs,fixed,1.182,0.0,0.0,84,1.615
470,1,"8,7,K","8,2,2,5","double,stand",20.0,lose,False,True,random-dfs,fixed,1.182,2.0,0.006,84,1.615
470,1,"8,7,K","8,2,2,5",hit,10.0,lose,False,True,random-dfs,fixed,1.182,2.0,0.006,84,1.615
471,1,"K,2,2","5,A,K,2","double,stand",20.0,lose,False,False,random-dfs,fixed,1.857,1.0,0.003,80,1.538
471,1,"K,2","5,A,2",stand,10.0,lose,False,False,random-dfs,fixed,1.857,1.0,0.003,80,1.538
471,1,"K,2,2,K","5,A,2","hit,hit",10.0,lose,False,True,random-dfs,fixed,1.857,1.0,0.003,80,1.538
471,1,"K,2,2","5,A,K,2","hit,stand",10.0,lose,False,False,random-dfs,fixed,1.857,1.0,0.003,80,1.538
472,1,"2,K,K","2,A,A,Q,J","double,stand",20.0,lose,False,True,random-dfs,fixed,1.95,-4.0,-0.013,76,1.462
472,1,"2,K","2,A,K,A,Q",stand,10.0,win,False,False,random-dfs,fixed,1.95,-3.0,-0.01,76,1.462
472,1,"2,K,K","2,A,A,Q,J",hit,10.0,lose,False,True,random-dfs,fixed,1.95,-4.0,-0.013,76,1.462
473,1,"10,5,Q","4,4,10","double,stand",20.0,lose,False,True,random-dfs,fixed,0.0,0.0,0.0,308,5.923
473,1,"10,5","4,4,Q",stand,10.0,lose,False,False,random-dfs,fixed,0.0,1.0,0.003,308,5.923
473,1,"10,5,Q","4,4,10",hit,10.0,lose,False,True,random-dfs,fixed,0.0,0.0,0.0,308,5.923
474,1,"Q,10,5","A,9",hit,10.0,lose,False,True,random-dfs,fixed,0.338,-2.0,-0.006,304,5.846
474,1,"Q,10","A,9",stand,10.0,push,False,False,random-dfs,fixed,0.338,-3.0,-0.01,304,5.846
474,1,"Q,10,5","A,9","double,stand",20.0,lose,False,True,random-dfs,fixed,0.338,-2.0,-0.006,304,5.846
475,1,"5,9,A,8","Q,10","hit,hit",10.0,lose,False,True,random-dfs,fixed,-0.171,-2.0,-0.006,300,5.769
475,1,"5,9,A","Q,10","hit,stand",10.0,lose,False,False,random-dfs,fixed,-0.171,-2.0,-0.006,300,5.769
475,1,"5,9","Q,10",stand,10.0,lose,False,False,random-dfs,fixed,-0.171,-1.0,-0.003,300,5.769
475,1,"5,9,A","Q,10","double,stand",20.0,lose,False,False,random-dfs,fixed,-0.171,-2.0,-0.006,300,5.769
476,1,"A,8,7","J,J","double,stand",20.0,lose,False,False,random-dfs,fixed,-0.347,-3.0,-0.01,296,5.692
476,1,"A,8,7,A,7","J,J","hit,hit,hit",10.0,lose,False,True,random-dfs,fixed,-0.347,-4.0,-0.013,296,5.692
476,1,"A,8,7,A","J,J","hit,hit,stand",10.0,lose,False,False,random-dfs,fixed,-0.347,-4.0,-0.013,296,5.692
476,1,"A,8,7","J,J","hit,stand",10.0,lose,False,False,random-dfs,fixed,-0.347,-3.0,-0.01,296,5.692
476,1,"A,8","J,J",stand,10.0,lose,False,False,random-dfs,fixed,-0.347,-3.0,-0.01,296,5.692
477,1,"7,A,3","7,8,8","double,stand",20.0,win,False,False,random-dfs,fixed,-0.878,0.0,0.0,292,5.615
477,1,"7,A,3","7,8,8","hit,stand",10.0,win,False,False,random-dfs,fixed,-0.878,0.0,0.0,292,5.615
477,1,"7,A","7,8,3",stand,10.0,push,False,False,random-dfs,fixed,-0.878,0.0,0.0,292,5.615
478,1,"3,8,8,8","K,10","hit,hit",10.0,lose,False,True,random-dfs,fixed,-1.068,-1.0,-0.003,288,5.538
478,1,"3,8,8","K,10","hit,stand",10.0,lose,False,False,random-dfs,fixed,-1.068,-1.0,-0.003,288,5.538
478,1,"3,8,8","K,10","double,stand",20.0,lose,False,False,random-dfs,fixed,-1.068,-1.0,-0.003,288,5.538
478,1,"3,8","K,10",stand,10.0,lose,False,False,random-dfs,fixed,-1.068,-1.0,-0.003,288,5.538
479,1,"8,8","7,J",stand,10.0,lose,False,False,random-dfs,fixed,-1.264,-1.0,-0.003,284,5.462
479,1,"8,8,4","7,J","double,stand",20.0,win,False,False,random-dfs,fixed,-1.264,0.0,0.0,284,5.462
479,1,"8,8,4","7,J","hit,stand",10.0,win,False,False,random-dfs,fixed,-1.264,0.0,0.0,284,5.462
479,1,"8,8,4,9","7,J","hit,hit",10.0,lose,False,True,random-dfs,fixed,-1.264,0.0,0.0,284,5.462
480,1,"4,9,5","7,5,8","double,stand",20.0,lose,False,False,random-dfs,fixed,-1.465,3.0,0.01,280,5.385
480,1,"4,9,5","7,5,8","hit,stand",10.0,lose,False,False,random-dfs,fixed,-1.465,3.0,0.01,280,5.385
480,1,"4,9,5,8","7,5,Q","hit,hit",10.0,lose,False,True,random-dfs,fixed,-1.465,2.0,0.006,280,5.385
480,1,"4,9","7,5,5",stand,10.0,lose,False,False,random-dfs,fixed,-1.465,3.0,0.01,280,5.385
481,1,"5,8,8","Q,9","double,stand",20.0,win,False,False,random-dfs,fixed,-1.114,0.0,0.0,276,5.308
481,1,"5,8,8","Q,9","hit,stand",10.0,win,False,False,random-dfs,fixed,-1.114,0.0,0.0,276,5.308
481,1,"5,8","Q,9",stand,10.0,lose,False,False,random-dfs,fixed,-1.114,0.0,0.0,276,5.308
482,1,"8,9","3,4,A",stand,10.0,lose,False,False,random-dfs,fixed,-1.13,1.0,0.003,272,5.231
482,1,"8,9,A","3,4,J","hit,stand",10.0,win,False,False,random-dfs,fixed,-1.13,0.0,0.0,272,5.231
482,1,"8,9,A,J","3,4,5,5","hit,hit",10.0,lose,False,True,random-dfs,fixed,-1.13,2.0,0.006,272,5.231
482,1,"8,9,A","3,4,J","double,stand",20.0,win,False,False,random-dfs,fixed,-1.13,0.0,0.0,272,5.231
483,1,"A,J","5,5,7",stand,10.0,win,True,False,random-dfs,fixed,-0.765,0.0,0.0,268,5.154
484,1,"7,9","9,Q",stand,10.0,lose,False,False,random-dfs,fixed,-0.776,-1.0,-0.003,264,5.077
484,1,"7,9,8","9,Q","double,stand",20.0,lose,False,True,random-dfs,fixed,-0.776,-1.0,-0.003,264,5.077
484,1,"7,9,8","9,Q",hit,10.0,lose,False,True,random-dfs,fixed,-0.776,-1.0,-0.003,264,5.077
485,1,"8,9","2,3,K,2",stand,10.0,push,False,False,random-dfs,fixed,-0.985,2.0,0.006,260,5.0
485,1,"8,9,K","2,3,2,10","double,stand",20.0,lose,False,True,random-dfs,fixed,-0.985,1.0,0.003,260,5.0
485,1,"8,9,K","2,3,2,10",hit,10.0,lose,False,True,random-dfs,fixed,-0.985,1.0,0.003,260,5.0
486,1,"K,2,6","10,2,K","hit,stand",10.0,win,False,False,random-dfs,fixed,-0.6,0.0,0.0,256,4.923
486,1,"K,2,6,K","10,2,6","hit,hit",10.0,lose,False,True,random-dfs,fixed,-0.6,1.0,0.003,256,4.923
486,1,"K,2","10,2,6",stand,10.0,lose,False,False,random-dfs,fixed,-0.6,1.0,0.003,256,4.923
486,1,"K,2,6","10,2,K","double,stand",20.0,win,False,False,random-dfs,fixed,-0.6,0.0,0.0,256,4.923
487,1,"6,K,A","6,K,2","double,stand",20.0,lose,False,False,random-dfs,fixed,-0.609,0.0,0.0,252,4.846
487,1,"6,K,A","6,K,2","hit,stand",10.0,lose,False,False,random-dfs,fixed,-0.609,0.0,0.0,252,4.846
487,1,"6,K,A,2,A,7","6,K,A","hit,hit,hit,hit",10.0,lose,False,True,random-dfs,fixed,-0.609,-2.0,-0.006,252,4.846
487,1,"6,K,A,2,A","6,K,7","hit,hit,hit,stand",10.0,win,False,False,random-dfs,fixed,-0.609,-1.0,-0.003,252,4.846
487,1,"6,K,A,2","6,K,A","hit,hit,stand",10.0,win,False,False,random-dfs,fixed,-0.609,-1.0,-0.003,252,4.846
487,1,"6,K","6,K,A",stand,10.0,lose,False,False,random-dfs,fixed,-0.609,-1.0,-0.003,252,4.846
488,1,"A,2,A","A,7","double,stand",20.0,lose,False,False,random-dfs,fixed,-0.619,-2.0,-0.006,248,4.769
488,1,"A,2","A,7",stand,10.0,lose,False,False,random-dfs,fixed,-0.619,-1.0,-0.003,248,4.769
488,1,"A,2,A,7","A,7","hit,hit,stand",10.0,win,False,False,random-dfs,fixed,-0.619,-2.0,-0.006,248,4.769
488,1,"A,2,A","A,7","hit,stand",10.0,lose,False,False,random-dfs,fixed,-0.619,-2.0,-0.006,248,4.769
489,1,"A,7","8,K",stand,10.0,push,False,False,random-dfs,fixed,-0.839,-2.0,-0.006,244,4.692
489,1,"A,7,9","8,K","double,stand",20.0,lose,False,False,random-dfs,fixed,-0.839,-2.0,-0.006,244,4.692
489,1,"A,7,9","8,K","hit,stand",10.0,lose,False,False,random-dfs,fixed,-0.839,-2.0,-0.006,244,4.692
489,1,"A,7,9,J","8,K","hit,hit",10.0,lose,False,True,random-dfs,fixed,-0.839,-3.0,-0.01,244,4.692
490,1,"9,J,2","4,6,K","double,stand",20.0,win,False,False,random-dfs,fixed,-1.279,1.0,0.003,240,4.615
490,1,"9,J,2","4,6,K","hit,stand",10.0,win,False,False,random-dfs,fixed,-1.279,1.0,0.003,240,4.615
490,1,"9,J","4,6,2,K",stand,10.0,win,False,False,random-dfs,fixed,-1.279,1.0,0.003,240,4.615
491,1,"2,K,7","8,Q","double,stand",20.0,win,False,False,random-dfs,fixed,-1.083,-1.0,-0.003,236,4.538
491,1,"2,K","8,Q",stand,10.0,lose,False,False,random-dfs,fixed,-1.083,-1.0,-0.003,236,4.538
491,1,"2,K,7,A","8,Q","hit,hit,stand",10.0,win,False,False,random-dfs,fixed,-1.083,-2.0,-0.006,236,4.538
491,1,"2,K,7,A,8","8,Q","hit,hit,hit",10.0,lose,False,True,random-dfs,fixed,-1.083,-2.0,-0.006,236,4.538
491,1,"2,K,7","8,Q","hit,stand",10.0,win,False,False,random-dfs,fixed,-1.083,-1.0,-0.003,236,4.538
492,1,"7,A,4","8,9","double,stand",20.0,lose,False,False,random-dfs,fixed,-1.322,0.0,0.0,232,4.462
492,1,"7,A","8,9",stand,10.0,win,False,False,random-dfs,fixed,-1.322,-1.0,-0.003,232,4.462
492,1,"7,A,4,Q","8,9","hit,hit",10.0,lose,False,True,random-dfs,fixed,-1.322,-1.0,-0.003,232,4.462
492,1,"7,A,4","8,9","hit,stand",10.0,lose,False,False,random-dfs,fixed,-1.322,0.0,0.0,232,4.462
493,1,"4,Q,2,4,10","A,9","hit,hit,hit",10.0,lose,False,True,random-dfs,fixed,-1.569,0.0,0.0,228,4.385
493,1,"4,Q,2,4","A,9","hit,hit,stand",10.0,push,False,False,random-dfs,fixed,-1.569,1.0,0.003,228,4.385
493,1,"4,Q,2","A,9","hit,stand",10.0,lose,False,False,random-dfs,fixed,-1.569,0.0,0.0,228,4.385
493,1,"4,Q,2","A,9","double,stand",20.0,lose,False,False,random-dfs,fixed,-1.569,0.0,0.0,228,4.385
493,1,"4,Q","A,9",stand,10.0,lose,False,False,random-dfs,fixed,-1.569,-1.0,-0.003,228,4.385
494,1,"2,4","10,8",stand,10.0,lose,False,False,random-dfs,fixed,-1.825,1.0,0.003,224,4.308
494,1,"2,4,3","10,8","hit,stand",10.0,lose,False,False,random-dfs,fixed,-1.825,2.0,0.006,224,4.308
494,1,"2,4,3,10","10,8","hit,hit,stand",10.0,win,False,False,random-dfs,fixed,-1.825,1.0,0.003,224,4.308
494,1,"2,4,3,10,J","10,8","hit,hit,hit",10.0,lose,False,True,random-dfs,fixed,-1.825,0.0,0.0,224,4.308
494,1,"2,4,3","10,8","double,stand",20.0,lose,False,False,random-dfs,fixed,-1.825,2.0,0.006,224,4.308
495,1,"3,10,10","J,4,8","double,stand",20.0,lose,False,True,random-dfs,fixed,-1.625,-1.0,-0.003,220,4.231
495,1,"3,10,10","J,4,8",hit,10.0,lose,False,True,random-dfs,fixed,-1.625,-1.0,-0.003,220,4.231
495,1,"3,10","J,4,10",stand,10.0,win,False,False,random-dfs,fixed,-1.625,-1.0,-0.003,220,4.231
496,1,"10,8,10","6,6,A,J","double,stand",20.0,lose,False,True,random-dfs,fixed,-1.655,-2.0,-0.006,216,4.154
496,1,"10,8,10","6,6,A,J",hit,10.0,lose,False,True,random-dfs,fixed,-1.655,-2.0,-0.006,216,4.154
496,1,"10,8","6,6,10",stand,10.0,win,False,False,random-dfs,fixed,-1.655,0.0,0.0,216,4.154
497,1,"10,A","J,6,6",stand,10.0,win,True,False,random-dfs,fixed,-1.444,-1.0,-0.003,212,4.077
498,1,"6,5,4","Q,6,Q","hit,stand",10.0,win,False,False,random-dfs,fixed,-1.962,2.0,0.006,208,4.0
498,1,"6,5,4,Q","Q,6,5","hit,hit",10.0,lose,False,True,random-dfs,fixed,-1.962,3.0,0.01,208,4.0
498,1,"6,5,4","Q,6,Q","double,stand",20.0,win,False,False,random-dfs,fixed,-1.962,2.0,0.006,208,4.0
498,1,"6,5","Q,6,4",stand,10.0,lose,False,False,random-dfs,fixed,-1.962,3.0,0.01,208,4.0
499,1,"4,Q","5,7,2,K",stand,10.0,win,False,False,random-dfs,fixed,-1.5,1.0,0.003,204,3.923
499,1,"4,Q,2","5,7,K","double,stand",20.0,win,False,False,random-dfs,fixed,-1.5,1.0,0.003,204,3.923
499,1,"4,Q,2,K","5,7,7","hit,hit",10.0,lose,False,True,random-dfs,fixed,-1.5,1.0,0.003,204,3.923
499,1,"4,Q,2","5,7,K","hit,stand",10.0,win,False,False,random-dfs,fixed,-1.5,1.0,0.003,204,3.923
500,1,"2,K,7,2","7,Q","hit,hit,stand",10.0,win,False,False,random-dfs,fixed,-1.275,0.0,0.0,200,3.846
500,1,"2,K,7","7,Q","hit,stand",10.0,win,False,False,random-dfs,fixed,-1.275,-1.0,-0.003,200,3.846
500,1,"2,K,7","7,Q","double,stand",20.0,win,False,False,random-dfs,fixed,-1.275,-1.0,-0.003,200,3.846
500,1,"2,K","7,Q",stand,10.0,lose,False,False,random-dfs,fixed,-1.275,-1.0,-0.003,200,3.846
501,1,"7,2,2,3","6,10,2","hit,hit,stand",10.0,lose,False,False,random-dfs,fixed,-1.56,4.0,0.013,196,3.769
501,1,"7,2,2,3,2,4","6,10,2","hit,hit,hit,hit,stand",10.0,win,False,False,random-dfs,fixed,-1.56,6.0,0.019,196,3.769
501,1,"7,2,2,3,2,4,2","6,10,2","hit,hit,hit,hit,hit",10.0,lose,False,True,random-dfs,fixed,-1.56,7.0,0.022,196,3.769
501,1,"7,2,2,3,2","6,10,4","hit,hit,hit,stand",10.0,lose,False,False,random-dfs,fixed,-1.56,5.0,0.016,196,3.769
501,1,"7,2,2","6,10,3","hit,stand",10.0,lose,False,False,random-dfs,fixed,-1.56,3.0,0.01,196,3.769
501,1,"7,2","6,10,2",stand,10.0,lose,False,False,random-dfs,fixed,-1.56,2.0,0.006,196,3.769
501,1,"7,2,2","6,10,3","double,stand",20.0,lose,False,False,random-dfs,fixed,-1.56,3.0,0.01,196,3.769
502,1,"2,3,2","2,4,2,9","double,stand",20.0,lose,False,False,random-dfs,fixed,-1.327,6.0,0.019,192,3.692
502,1,"2,3","2,4,2,2,9",stand,10.0,lose,False,False,random-dfs,fixed,-1.327,6.0,0.019,192,3.692
502,1,"2,3,2,2,9","2,4,9,2","hit,hit,hit,stand",10.0,win,False,False,random-dfs,fixed,-1.327,7.0,0.022,192,3.692
502,1,"2,3,2,2,9,9","2,4,2,10","hit,hit,hit,hit",10.0,lose,False,True,random-dfs,fixed,-1.327,6.0,0.019,192,3.692
502,1,"2,3,2,2","2,4,9,9","hit,hit,stand",10.0,win,False,False,random-dfs,fixed,-1.327,6.0,0.019,192,3.692
502,1,"2,3,2","2,4,2,9","hit,stand",10.0,lose,False,False,random-dfs,fixed,-1.327,6.0,0.019,192,3.692
503,1,"2,2","9,9",stand,10.0,lose,False,False,random-dfs,fixed,-0.271,2.0,0.006,188,3.615
503,1,"2,2,2","9,9","double,stand",20.0,lose,False,False,random-dfs,fixed,-0.271,3.0,0.01,188,3.615
503,1,"2,2,2,10,9","9,9","hit,hit,hit",10.0,lose,False,True,random-dfs,fixed,-0.271,2.0,0.006,188,3.615
503,1,"2,2,2,10","9,9","hit,hit,stand",10.0,lose,False,False,random-dfs,fixed,-0.271,2.0,0.006,188,3.615
503,1,"2,2,2","9,9","hit,stand",10.0,lose,False,False,random-dfs,fixed,-0.271,3.0,0.01,188,3.615
504,1,"2,10,J","9,9","double,stand",20.0,lose,False,True,random-dfs,fixed,0.277,-1.0,-0.003,184,3.538
504,1,"2,10","9,9",stand,10.0,lose,False,False,random-dfs,fixed,0.277,0.0,0.0,184,3.538
504,1,"2,10,J","9,9",hit,10.0,lose,False,True,random-dfs,fixed,0.277,-1.0,-0.003,184,3.538
505,1,"J,Q","7,2,6,Q",stand,10.0,win,False,False,random-dfs,fixed,0.283,-1.0,-0.003,180,3.462
505,1,"J,Q,6","7,2,Q",hit,10.0,lose,False,True,random-dfs,fixed,0.283,-1.0,-0.003,180,3.462
505,1,"J,Q,6","7,2,Q","double,stand",20.0,lose,False,True,random-dfs,fixed,0.283,-1.0,-0.003,180,3.462
506,1,"6,Q","6,K,J",stand,10.0,win,False,False,random-dfs,fixed,0.0,-1.0,-0.003,176,3.385
506,1,"6,Q,J","6,K,2","double,stand",20.0,lose,False,True,random-dfs,fixed,0.0,0.0,0.0,176,3.385
506,1,"6,Q,J","6,K,2",hit,10.0,lose,False,True,random-dfs,fixed,0.0,0.0,0.0,176,3.385
507,1,"J,2,8,K","10,5,K","hit,hit",10.0,lose,False,True,random-dfs,fixed,0.0,-2.0,-0.006,172,3.308
507,1,"J,2,8","10,5,K","hit,stand",10.0,win,False,False,random-dfs,fixed,0.0,-1.0,-0.003,172,3.308
507,1,"J,2,8","10,5,K","double,stand",20.0,win,False,False,random-dfs,fixed,0.0,-1.0,-0.003,172,3.308
507,1,"J,2","10,5,8",stand,10.0,win,False,False,random-dfs,fixed,0.0,0.0,0.0,172,3.308
508,1,"8,K,J","K,5,K",hit,10.0,lose,False,True,random-dfs,fixed,0.0,-3.0,-0.01,168,3.231
508,1,"8,K","K,5,J",stand,10.0,win,False,False,random-dfs,fixed,0.0,-2.0,-0.006,168,3.231
508,1,"8,K,J","K,5,K","double,stand",20.0,lose,False,True,random-dfs,fixed,0.0,-3.0,-0.01,168,3.231
509,1,"J,K","8,3,2,6",stand,10.0,win,False,False,random-dfs,fixed,-0.31,1.0,0.003,164,3.154
509,1,"J,K,2","8,3,6","double,stand",20.0,lose,False,True,random-dfs,fixed,-0.31,1.0,0.003,164,3.154
509,1,"J,K,2","8,3,6",hit,10.0,lose,False,True,random-dfs,fixed,-0.31,1.0,0.003,164,3.154
510,1,"2,6","10,9",stand,10.0,lose,False,False,random-dfs,fixed,-0.634,1.0,0.003,160,3.077
510,1,"2,6,A,K","10,9","hit,hit,stand",10.0,push,False,False,random-dfs,fixed,-0.634,-1.0,-0.003,160,3.077
510,1,"2,6,A,K,6","10,9","hit,hit,hit",10.0,lose,False,True,random-dfs,fixed,-0.634,0.0,0.0,160,3.077
510,1,"2,6,A","10,9","hit,stand",10.0,push,False,False,random-dfs,fixed,-0.634,0.0,0.0,160,3.077
510,1,"2,6,A","10,9","double,stand",20.0,push,False,False,random-dfs,fixed,-0.634,0.0,0.0,160,3.077
511,1,"A,K","6,3,6,4",stand,10.0,win,True,False,random-dfs,fixed,-0.325,2.0,0.006,156,3.0
512,1,"6,4","3,K,A,J",stand,10.0,win,False,False,random-dfs,fixed,-0.333,0.0,0.0,152,2.923
512,1,"6,4,A","3,K,J","double,stand",20.0,win,False,False,random-dfs,fixed,-0.333,0.0,0.0,152,2.923
512,1,"6,4,A","3,K,J","hit,stand",10.0,win,False,False,random-dfs,fixed,-0.333,0.0,0.0,152,2.923
513,1,"A,J","10,Q",stand,10.0,win,True,False,random-dfs,fixed,0.342,-4.0,-0.013,148,2.846
514,1,"4,J","3,4,3,7",stand,10.0,lose,False,False,random-dfs,fixed,-1.054,3.0,0.01,144,2.769
514,1,"4,J,3","3,4,7,Q","double,stand",20.0,win,False,False,random-dfs,fixed,-1.054,2.0,0.006,144,2.769
514,1,"4,J,3","3,4,7,Q","hit,stand",10.0,win,False,False,random-dfs,fixed,-1.054,2.0,0.006,144,2.769
514,1,"4,J,3,7","3,4,Q","hit,hit",10.0,lose,False,True,random-dfs,fixed,-1.054,2.0,0.006,144,2.769
515,1,"3,7,7","Q,6,6","double,stand",20.0,win,False,False,random-dfs,fixed,-0.361,2.0,0.006,140,2.692
515,1,"3,7,7,6","Q,6,3","hit,hit",10.0,lose,False,True,random-dfs,fixed,-0.361,3.0,0.01,140,2.692
515,1,"3,7,7","Q,6,6","hit,stand",10.0,win,False,False,random-dfs,fixed,-0.361,2.0,0.006,140,2.692
515,1,"3,7","Q,6,7",stand,10.0,win,False,False,random-dfs,fixed,-0.361,1.0,0.003,140,2.692
516,1,"7,6","3,3,6,J",stand,10.0,win,False,False,random-dfs,fixed,0.0,3.0,0.01,136,2.615
516,1,"7,6,6","3,3,J,K","double,stand",20.0,win,False,False,random-dfs,fixed,0.0,2.0,0.006,136,2.615
516,1,"7,6,6,J","3,3,K,5","hit,hit",10.0,lose,False,True,random-dfs,fixed,0.0,3.0,0.01,136,2.615
516,1,"7,6,6","3,3,J,K","hit,stand",10.0,win,False,False,random-dfs,fixed,0.0,2.0,0.006,136,2.615
517,1,"6,J","K,5,3",stand,10.0,lose,False,False,random-dfs,fixed,1.147,1.0,0.003,132,2.538
517,1,"6,J,3","K,5,9","double,stand",20.0,win,False,False,random-dfs,fixed,1.147,1.0,0.003,132,2.538
517,1,"6,J,3,9","K,5,A,7","hit,hit",10.0,lose,False,True,random-dfs,fixed,1.147,0.0,0.0,132,2.538
517,1,"6,J,3","K,5,9","hit,stand",10.0,win,False,False,random-dfs,fixed,1.147,1.0,0.003,132,2.538
518,1,"3,9,K","A,7",hit,10.0,lose,False,True,random-dfs,fixed,1.182,-1.0,-0.003,128,2.462
518,1,"3,9,K","A,7","double,stand",20.0,lose,False,True,random-dfs,fixed,1.182,-1.0,-0.003,128,2.462
518,1,"3,9","A,7",stand,10.0,lose,False,False,random-dfs,fixed,1.182,0.0,0.0,128,2.462
519,1,"K,A","3,10,A,6",stand,10.0,win,True,False,random-dfs,fixed,1.219,-2.0,-0.006,124,2.385
520,1,"A,6,Q","J,Q","double,stand",20.0,lose,False,False,random-dfs,fixed,0.419,-3.0,-0.01,120,2.308
520,1,"A,6","J,Q",stand,10.0,lose,False,False,random-dfs,fixed,0.419,-2.0,-0.006,120,2.308
520,1,"A,6,Q","J,Q","hit,stand",10.0,lose,False,False,random-dfs,fixed,0.419,-3.0,-0.01,120,2.308
520,1,"A,6,Q,J","J,Q","hit,hit",10.0,lose,False,True,random-dfs,fixed,0.419,-4.0,-0.013,120,2.308
521,1,"Q,J","5,6,9",stand,10.0,push,False,False,random-dfs,fixed,-0.433,0.0,0.0,116,2.231
521,1,"Q,J,9","5,6,4,J",hit,10.0,lose,False,True,random-dfs,fixed,-0.433,0.0,0.0,116,2.231
521,1,"Q,J,9","5,6,4,J","double,stand",20.0,lose,False,True,random-dfs,fixed,-0.433,0.0,0.0,116,2.231
522,1,"9,4","J,J",stand,10.0,lose,False,False,random-dfs,fixed,-0.448,-1.0,-0.003,112,2.154
522,1,"9,4,5","J,J","hit,stand",10.0,lose,False,False,random-dfs,fixed,-0.448,0.0,0.0,112,2.154
522,1,"9,4,5,8","J,J","hit,hit",10.0,lose,False,True,random-dfs,fixed,-0.448,0.0,0.0,112,2.154
522,1,"9,4,5","J,J","double,stand",20.0,lose,False,False,random-dfs,fixed,-0.448,0.0,0.0,112,2.154
523,1,"5,8,2","6,A","hit,stand",10.0,lose,False,False,random-dfs,fixed,-0.929,2.0,0.006,108,2.077
523,1,"5,8,2,5,4","6,A","hit,hit,hit",10.0,lose,False,True,random-dfs,fixed,-0.929,4.0,0.013,108,2.077
523,1,"5,8,2,5","6,A","hit,hit,stand",10.0,win,False,False,random-dfs,fixed,-0.929,3.0,0.01,108,2.077
523,1,"5,8","6,A",stand,10.0,lose,False,False,random-dfs,fixed,-0.929,1.0,0.003,108,2.077
523,1,"5,8,2","6,A","double,stand",20.0,lose,False,False,random-dfs,fixed,-0.929,2.0,0.006,108,2.077
524,1,"2,5,4","4,6,4,2,Q","double,stand",20.0,win,False,False,random-dfs,fixed,-0.481,6.0,0.019,104,2.0
524,1,"2,5,4,4","4,6,2,Q","hit,hit,stand",10.0,win,False,False,random-dfs,fixed,-0.481,6.0,0.019,104,2.0
524,1,"2,5,4,4,2","4,6,Q","hit,hit,hit,stand",10.0,lose,False,False,random-dfs,fixed,-0.481,6.0,0.019,104,2.0
524,1,"2,5,4,4,2,Q","4,6,4,Q","hit,hit,hit,hit",10.0,lose,False,True,random-dfs,fixed,-0.481,6.0,0.019,104,2.0
524,1,"2,5,4","4,6,4,2,Q","hit,stand",10.0,win,False,False,random-dfs,fixed,-0.481,6.0,0.019,104,2.0
524,1,"2,5","4,6,4,4",stand,10.0,lose,False,False,random-dfs,fixed,-0.481,6.0,0.019,104,2.0
525,1,"4,4","2,Q,4,Q",stand,10.0,win,False,False,random-dfs,fixed,1.5,2.0,0.006,100,1.923
525,1,"4,4,4","2,Q,Q","hit,stand",10.0,win,False,False,random-dfs,fixed,1.5,2.0,0.006,100,1.923
525,1,"4,4,4,Q","2,Q,4,5","hit,hit",10.0,lose,False,True,random-dfs,fixed,1.5,4.0,0.013,100,1.923
525,1,"4,4,4","2,Q,Q","double,stand",20.0,win,False,False,random-dfs,fixed,1.5,2.0,0.006,100,1.923
526,1,"4,Q,Q","4,5,4,9","double,stand",20.0,lose,False,True,random-dfs,fixed,2.6,2.0,0.006,96,1.846
526,1,"4,Q,Q","4,5,4,9",hit,10.0,lose,False,True,random-dfs,fixed,2.6,2.0,0.006,96,1.846
526,1,"4,Q","4,5,Q",stand,10.0,lose,False,False,random-dfs,fixed,2.6,1.0,0.003,96,1.846
527,1,"Q,4","9,7,2",stand,10.0,lose,False,False,random-dfs,fixed,3.792,1.0,0.003,92,1.769
527,1,"Q,4,2","9,7,5","hit,stand",10.0,lose,False,False,random-dfs,fixed,3.792,2.0,0.006,92,1.769
527,1,"Q,4,2,5","9,7,8","hit,hit,stand",10.0,win,False,False,random-dfs,fixed,3.792,2.0,0.006,92,1.769
527,1,"Q,4,2","9,7,5","double,stand",20.0,lose,False,False,random-dfs,fixed,3.792,2.0,0.006,92,1.769
528,1,"2,5,10","8,J","hit,stand",10.0,lose,False,False,random-dfs,fixed,3.957,0.0,0.0,88,1.692
528,1,"2,5,10,J","8,J","hit,hit",10.0,lose,False,True,random-dfs,fixed,3.957,-1.0,-0.003,88,1.692
528,1,"2,5","8,J",stand,10.0,lose,False,False,random-dfs,fixed,3.957,1.0,0.003,88,1.692
528,1,"2,5,10","8,J","double,stand",20.0,lose,False,False,random-dfs,fixed,3.957,0.0,0.0,88,1.692
529,1,"10,J,7","5,Q,5",hit,10.0,lose,False,True,random-dfs,fixed,4.727,-1.0,-0.003,84,1.615
529,1,"10,J,7","5,Q,5","double,stand",20.0,lose,False,True,random-dfs,fixed,4.727,-1.0,-0.003,84,1.615
529,1,"10,J","5,Q,7",stand,10.0,win,False,False,random-dfs,fixed,4.727,-2.0,-0.006,84,1.615
530,1,"7,5,3","3,A,5","double,stand",20.0,lose,False,False,random-dfs,fixed,3.714,3.0,0.01,80,1.538
530,1,"7,5","3,A,3",stand,10.0,lose,False,False,random-dfs,fixed,3.714,2.0,0.006,80,1.538
530,1,"7,5,3","3,A,5","hit,stand",10.0,lose,False,False,random-dfs,fixed,3.714,3.0,0.01,80,1.538
530,1,"7,5,3,5","3,A,6","hit,hit,stand",10.0,push,False,False,random-dfs,fixed,3.714,4.0,0.013,80,1.538
530,1,"7,5,3,5,6","3,A,10,A,4","hit,hit,hit",10.0,lose,False,True,random-dfs,fixed,3.714,3.0,0.01,80,1.538
531,1,"3,5,A","6,10,4","double,stand",20.0,lose,False,False,random-dfs,fixed,4.55,2.0,0.006,76,1.462
531,1,"3,5,A","6,10,4","hit,stand",10.0,lose,False,False,random-dfs,fixed,4.55,2.0,0.006,76,1.462
531,1,"3,5,A,4,K","6,10,3","hit,hit,hit",10.0,lose,False,True,random-dfs,fixed,4.55,2.0,0.006,76,1.462
531,1,"3,5,A,4","6,10,K","hit,hit,stand",10.0,win,False,False,random-dfs,fixed,4.55,1.0,0.003,76,1.462
531,1,"3,5","6,10,A",stand,10.0,lose,False,False,random-dfs,fixed,4.55,1.0,0.003,76,1.462
532,1,"A,J","10,5,A,4",stand,10.0,win,True,False,random-dfs,fixed,0.0,-2.0,-0.006,308,5.923
533,1,"A,4,J","8,J","hit,stand",10.0,lose,False,False,random-dfs,fixed,-0.338,-2.0,-0.006,304,5.846
533,1,"A,4,J,4","8,J","hit,hit,stand",10.0,win,False,False,random-dfs,fixed,-0.338,-1.0,-0.003,304,5.846
533,1,"A,4,J,4,K","8,J","hit,hit,hit",10.0,lose,False,True,random-dfs,fixed,-0.338,-2.0,-0.006,304,5.846
533,1,"A,4","8,J",stand,10.0,lose,False,False,random-dfs,fixed,-0.338,-1.0,-0.003,304,5.846
533,1,"A,4,J","8,J","double,stand",20.0,lose,False,False,random-dfs,fixed,-0.338,-2.0,-0.006,304,5.846
534,1,"J,4,10","K,2,K",hit,10.0,lose,False,True,random-dfs,fixed,-0.513,-2.0,-0.006,300,5.769
534,1,"J,4,10","K,2,K","double,stand",20.0,lose,False,True,random-dfs,fixed,-0.513,-2.0,-0.006,300,5.769
534,1,"J,4","K,2,10",stand,10.0,win,False,False,random-dfs,fixed,-0.513,-1.0,-0.003,300,5.769
535,1,"10,K,Q","J,Q","double,stand",20.0,lose,False,True,random-dfs,fixed,-0.52,-5.0,-0.016,296,5.692
535,1,"10,K,Q","J,Q",hit,10.0,lose,False,True,random-dfs,fixed,-0.52,-5.0,-0.016,296,5.692
535,1,"10,K","J,Q",stand,10.0,push,False,False,random-dfs,fixed,-0.52,-4.0,-0.013,296,5.692
536,1,"Q,4,A,K","Q,A","hit,hit",10.0,lose,False,True,random-dfs,fixed,-1.23,-4.0,-0.013,292,5.615
536,1,"Q,4,A","Q,A","hit,stand",10.0,lose,False,False,random-dfs,fixed,-1.23,-3.0,-0.01,292,5.615
536,1,"Q,4","Q,A",stand,10.0,lose,False,False,random-dfs,fixed,-1.23,-2.0,-0.006,292,5.615
536,1,"Q,4,A","Q,A","double,stand",20.0,lose,False,False,random-dfs,fixed,-1.23,-3.0,-0.01,292,5.615
537,1,"A,K","A,4,10,10",stand,10.0,win,True,False,random-dfs,fixed,-1.603,-4.0,-0.013,288,5.538
538,1,"10,10","K,Q",stand,10.0,push,False,False,random-dfs,fixed,-1.986,-4.0,-0.013,284,5.462
538,1,"10,10,A","K,Q","double,stand",20.0,win,False,False,random-dfs,fixed,-1.986,-5.0,-0.016,284,5.462
538,1,"10,10,A","K,Q","hit,stand",10.0,win,False,False,random-dfs,fixed,-1.986,-5.0,-0.016,284,5.462
539,1,"A,A,2","J,3,2,2","hit,stand",10.0,lose,False,False,random-dfs,fixed,-2.746,1.0,0.003,280,5.385
539,1,"A,A,2,2,2,10","J,3,8","hit,hit,hit,hit,stand",10.0,lose,False,False,random-dfs,fixed,-2.746,0.0,0.0,280,5.385
539,1,"A,A,2,2,2,10,8","J,3,2,7","hit,hit,hit,hit,hit",10.0,lose,False,True,random-dfs,fixed,-2.746,1.0,0.003,280,5.385
539,1,"A,A,2,2,2","J,3,10","hit,hit,hit,stand",10.0,win,False,False,random-dfs,fixed,-2.746,0.0,0.0,280,5.385
539,1,"A,A,2,2","J,3,2,10","hit,hit,stand",10.0,win,False,False,random-dfs,fixed,-2.746,0.0,0.0,280,5.385
539,1,"A,A,2","J,3,2,2","double,stand",20.0,lose,False,False,random-dfs,fixed,-2.746,1.0,0.003,280,5.385
539,1,"A,A","J,3,2,2",stand,10.0,lose,False,False,random-dfs,fixed,-2.746,0.0,0.0,280,5.385
540,1,"2,2,8,2,7","2,10,2,3","hit,hit,hit,stand",10.0,win,False,False,random-dfs,fixed,-3.157,5.0,0.016,276,5.308
540,1,"2,2,8,2","2,10,7","hit,hit,stand",10.0,lose,False,False,random-dfs,fixed,-3.157,3.0,0.01,276,5.308
540,1,"2,2,8","2,10,2,7","hit,stand",10.0,lose,False,False,random-dfs,fixed,-3.157,3.0,0.01,276,5.308
540,1,"2,2","2,10,8",stand,10.0,lose,False,False,random-dfs,fixed,-3.157,2.0,0.006,276,5.308
540,1,"2,2,8","2,10,2,7","double,stand",20.0,lose,False,False,random-dfs,fixed,-3.157,3.0,0.01,276,5.308
541,1,"8,2,3","7,2,7,4","double,stand",20.0,lose,False,False,random-dfs,fixed,-2.826,4.0,0.013,272,5.231
541,1,"8,2,3,7","7,2,4,9","hit,hit,stand",10.0,win,False,False,random-dfs,fixed,-2.826,4.0,0.013,272,5.231
541,1,"8,2,3,7,4","7,2,9","hit,hit,hit",10.0,lose,False,True,random-dfs,fixed,-2.826,4.0,0.013,272,5.231
541,1,"8,2,3","7,2,7,4","hit,stand",10.0,lose,False,False,random-dfs,fixed,-2.826,4.0,0.013,272,5.231
541,1,"8,2","7,2,3,7",stand,10.0,lose,False,False,random-dfs,fixed,-2.826,3.0,0.01,272,5.231
542,1,"3,7","4,9,4",stand,10.0,lose,False,False,random-dfs,fixed,-2.485,3.0,0.01,268,5.154
542,1,"3,7,4","4,9,6","double,stand",20.0,lose,False,False,random-dfs,fixed,-2.485,4.0,0.013,268,5.154
542,1,"3,7,4,6,A","4,9,2,6","hit,hit,hit,stand",10.0,push,False,False,random-dfs,fixed,-2.485,5.0,0.016,268,5.154
542,1,"3,7,4,6","4,9,A,2,6","hit,hit,stand",10.0,win,False,False,random-dfs,fixed,-2.485,5.0,0.016,268,5.154
542,1,"3,7,4","4,9,6","hit,stand",10.0,lose,False,False,random-dfs,fixed,-2.485,4.0,0.013,268,5.154
543,1,"4,6","A,2,6",stand,10.0,lose,False,False,random-dfs,fixed,-2.134,3.0,0.01,264,5.077
543,1,"4,6,6","A,2,K,3,5","hit,stand",10.0,lose,False,False,random-dfs,fixed,-2.134,4.0,0.013,264,5.077
543,1,"4,6,6,K","A,2,3,5","hit,hit",10.0,lose,False,True,random-dfs,fixed,-2.134,4.0,0.013,264,5.077
543,1,"4,6,6","A,2,K,3,5","double,stand",20.0,lose,False,False,random-dfs,fixed,-2.134,4.0,0.013,264,5.077
544,1,"6,K","3,5,7,A,K",stand,10.0,win,False,False,random-dfs,fixed,-1.773,0.0,0.0,260,5.0
544,1,"6,K,7","3,5,A","double,stand",20.0,lose,False,True,random-dfs,fixed,-1.773,1.0,0.003,260,5.0
544,1,"6,K,7","3,5,A",hit,10.0,lose,False,True,random-dfs,fixed,-1.773,1.0,0.003,260,5.0
545,1,"7,A","K,K",stand,10.0,lose,False,False,random-dfs,fixed,-1.4,-3.0,-0.01,256,4.923
545,1,"7,A,9,7","K,K","hit,hit",10.0,lose,False,True,random-dfs,fixed,-1.4,-3.0,-0.01,256,4.923
545,1,"7,A,9","K,K","hit,stand",10.0,lose,False,False,random-dfs,fixed,-1.4,-3.0,-0.01,256,4.923
545,1,"7,A,9","K,K","double,stand",20.0,lose,False,False,random-dfs,fixed,-1.4,-3.0,-0.01,256,4.923
546,1,"9,7,10","K,4,7",hit,10.0,lose,False,True,random-dfs,fixed,-2.031,-1.0,-0.003,252,4.846
546,1,"9,7","K,4,10",stand,10.0,win,False,False,random-dfs,fixed,-2.031,-1.0,-0.003,252,4.846
546,1,"9,7,10","K,4,7","double,stand",20.0,lose,False,True,random-dfs,fixed,-2.031,-1.0,-0.003,252,4.846
547,1,"10,7,3","9,9","double,stand",20.0,win,False,False,random-dfs,fixed,-2.063,0.0,0.0,248,4.769
547,1,"10,7","9,9",stand,10.0,lose,False,False,random-dfs,fixed,-2.063,-1.0,-0.003,248,4.769
547,1,"10,7,3,9","9,9","hit,hit",10.0,lose,False,True,random-dfs,fixed,-2.063,0.0,0.0,248,4.769
547,1,"10,7,3","9,9","hit,stand",10.0,win,False,False,random-dfs,fixed,-2.063,0.0,0.0,248,4.769
548,1,"3,9,7","3,10,J","hit,stand",10.0,win,False,False,random-dfs,fixed,-2.306,0.0,0.0,244,4.692
548,1,"3,9,7,J","3,10,5","hit,hit",10.0,lose,False,True,random-dfs,fixed,-2.306,1.0,0.003,244,4.692
548,1,"3,9,7","3,10,J","double,stand",20.0,win,False,False,random-dfs,fixed,-2.306,0.0,0.0,244,4.692
548,1,"3,9","3,10,7",stand,10.0,lose,False,False,random-dfs,fixed,-2.306,1.0,0.003,244,4.692
549,1,"7,J,6","5,4,6,7",hit,10.0,lose,False,True,random-dfs,fixed,-2.131,3.0,0.01,240,4.615
549,1,"7,J,6","5,4,6,7","double,stand",20.0,lose,False,True,random-dfs,fixed,-2.131,3.0,0.01,240,4.615
549,1,"7,J","5,4,6,6",stand,10.0,lose,False,False,random-dfs,fixed,-2.131,3.0,0.01,240,4.615
550,1,"6,6,Q","7,K",hit,10.0,lose,False,True,random-dfs,fixed,-1.95,0.0,0.0,236,4.538
550,1,"6,6","7,K",stand,10.0,lose,False,False,random-dfs,fixed,-1.95,1.0,0.003,236,4.538
550,1,"6,6,Q","7,K","double,stand",20.0,lose,False,True,random-dfs,fixed,-1.95,0.0,0.0,236,4.538
551,1,"Q,K,4","9,7,8","double,stand",20.0,lose,False,True,random-dfs,fixed,-1.763,-1.0,-0.003,232,4.462
551,1,"Q,K,4","9,7,8",hit,10.0,lose,False,True,random-dfs,fixed,-1.763,-1.0,-0.003,232,4.462
551,1,"Q,K","9,7,4",stand,10.0,push,False,False,random-dfs,fixed,-1.763,-1.0,-0.003,232,4.462
552,1,"4,8,10","A,2,3,K,8","double,stand",20.0,lose,False,True,random-dfs,fixed,-2.241,0.0,0.0,228,4.385
552,1,"4,8,10","A,2,3,K,8",hit,10.0,lose,False,True,random-dfs,fixed,-2.241,0.0,0.0,228,4.385
552,1,"4,8","A,2,10,3,K",stand,10.0,win,False,False,random-dfs,fixed,-2.241,0.0,0.0,228,4.385
553,1,"10,3,3","K,8","double,stand",20.0,lose,False,False,random-dfs,fixed,-2.053,0.0,0.0,224,4.308
553,1,"10,3,3,5","K,8","hit,hit,stand",10.0,win,False,False,random-dfs,fixed,-2.053,1.0,0.003,224,4.308
553,1,"10,3,3","K,8","hit,stand",10.0,lose,False,False,random-dfs,fixed,-2.053,0.0,0.0,224,4.308
553,1,"10,3","K,8",stand,10.0,lose,False,False,random-dfs,fixed,-2.053,-1.0,-0.003,224,4.308
554,1,"3,5","8,6,K",stand,10.0,win,False,False,random-dfs,fixed,-2.321,2.0,0.006,220,4.231
554,1,"3,5,K","8,6,10","double,stand",20.0,win,False,False,random-dfs,fixed,-2.321,1.0,0.003,220,4.231
554,1,"3,5,K","8,6,10","hit,stand",10.0,win,False,False,random-dfs,fixed,-2.321,1.0,0.003,220,4.231
554,1,"3,5,K,10","8,6,7","hit,hit",10.0,lose,False,True,random-dfs,fixed,-2.321,1.0,0.003,220,4.231
555,1,"K,10,6","7,2,8",hit,10.0,lose,False,True,random-dfs,fixed,-1.655,0.0,0.0,216,4.154
555,1,"K,10","7,2,6,8",stand,10.0,win,False,False,random-dfs,fixed,-1.655,0.0,0.0,216,4.154
555,1,"K,10,6","7,2,8","double,stand",20.0,lose,False,True,random-dfs,fixed,-1.655,0.0,0.0,216,4.154
556,1,"6,8,2","6,7,A,10","double,stand",20.0,win,False,False,random-dfs,fixed,-1.926,1.0,0.003,212,4.077
556,1,"6,8,2","6,7,A,10","hit,stand",10.0,win,False,False,random-dfs,fixed,-1.926,1.0,0.003,212,4.077
556,1,"6,8,2,A,10","6,7,9","hit,hit,hit",10.0,lose,False,True,random-dfs,fixed,-1.926,1.0,0.003,212,4.077
556,1,"6,8,2,A","6,7,10","hit,hit,stand",10.0,win,False,False,random-dfs,fixed,-1.926,1.0,0.003,212,4.077
556,1,"6,8","6,7,2,A,10",stand,10.0,win,False,False,random-dfs,fixed,-1.926,1.0,0.003,212,4.077
557,1,"2,A,5","10,9","double,stand",20.0,lose,False,False,random-dfs,fixed,-1.472,0.0,0.0,208,4.0
557,1,"2,A","10,9",stand,10.0,lose,False,False,random-dfs,fixed,-1.472,-1.0,-0.003,208,4.0
557,1,"2,A,5","10,9","hit,stand",10.0,lose,False,False,random-dfs,fixed,-1.472,0.0,0.0,208,4.0
557,1,"2,A,5,3","10,9","hit,hit,stand",10.0,win,False,False,random-dfs,fixed,-1.472,1.0,0.003,208,4.0
558,1,"5,3,Q","K,10","double,stand",20.0,lose,False,False,random-dfs,fixed,-1.75,-1.0,-0.003,204,3.923
558,1,"5,3","K,10",stand,10.0,lose,False,False,random-dfs,fixed,-1.75,0.0,0.0,204,3.923
558,1,"5,3,Q,5","K,10","hit,hit",10.0,lose,False,True,random-dfs,fixed,-1.75,0.0,0.0,204,3.923
558,1,"5,3,Q","K,10","hit,stand",10.0,lose,False,False,random-dfs,fixed,-1.75,-1.0,-0.003,204,3.923
559,1,"Q,5,5","5,3,7,10","double,stand",20.0,win,False,False,random-dfs,fixed,-1.784,2.0,0.006,200,3.846
559,1,"Q,5","5,3,5,7",stand,10.0,lose,False,False,random-dfs,fixed,-1.784,3.0,0.01,200,3.846
559,1,"Q,5,5","5,3,7,10","hit,stand",10.0,win,False,False,random-dfs,fixed,-1.784,2.0,0.006,200,3.846
559,1,"Q,5,5,7","5,3,10","hit,hit",10.0,lose,False,True,random-dfs,fixed,-1.784,2.0,0.006,200,3.846
560,1,"5,7,5","10,6,Q","double,stand",20.0,win,False,False,random-dfs,fixed,-1.3,1.0,0.003,196,3.769
560,1,"5,7","10,6,5",stand,10.0,lose,False,False,random-dfs,fixed,-1.3,2.0,0.006,196,3.769
560,1,"5,7,5,Q","10,6,9","hit,hit",10.0,lose,False,True,random-dfs,fixed,-1.3,1.0,0.003,196,3.769
560,1,"5,7,5","10,6,Q","hit,stand",10.0,win,False,False,random-dfs,fixed,-1.3,1.0,0.003,196,3.769
561,1,"5,Q,7","9,A","double,stand",20.0,lose,False,True,random-dfs,fixed,-1.061,-1.0,-0.003,192,3.692
561,1,"5,Q,7","9,A",hit,10.0,lose,False,True,random-dfs,fixed,-1.061,-1.0,-0.003,192,3.692
561,1,"5,Q","9,A",stand,10.0,lose,False,False,random-dfs,fixed,-1.061,-1.0,-0.003,192,3.692
562,1,"7,8","3,9,3,7",stand,10.0,win,False,False,random-dfs,fixed,-1.354,2.0,0.006,188,3.615
562,1,"7,8,3","3,9,7","double,stand",20.0,lose,False,False,random-dfs,fixed,-1.354,2.0,0.006,188,3.615
562,1,"7,8,3","3,9,7","hit,stand",10.0,lose,False,False,random-dfs,fixed,-1.354,2.0,0.006,188,3.615
562,1,"7,8,3,7","3,9,9","hit,hit",10.0,lose,False,True,random-dfs,fixed,-1.354,2.0,0.006,188,3.615
563,1,"3,7","9,3,5",stand,10.0,lose,False,False,random-dfs,fixed,-1.106,3.0,0.01,184,3.538
563,1,"3,7,5,4,9","9,3,Q","hit,hit,hit",10.0,lose,False,True,random-dfs,fixed,-1.106,3.0,0.01,184,3.538
563,1,"3,7,5,4","9,3,9","hit,hit,stand",10.0,lose,False,False,random-dfs,fixed,-1.106,4.0,0.013,184,3.538
563,1,"3,7,5","9,3,4,9","hit,stand",10.0,win,False,False,random-dfs,fixed,-1.106,4.0,0.013,184,3.538
563,1,"3,7,5","9,3,4,9","double,stand",20.0,win,False,False,random-dfs,fixed,-1.106,4.0,0.013,184,3.538
564,1,"5,4","9,Q",stand,10.0,lose,False,False,random-dfs,fixed,-0.565,1.0,0.003,180,3.462
564,1,"5,4,3","9,Q","double,stand",20.0,lose,False,False,random-dfs,fixed,-0.565,2.0,0.006,180,3.462
564,1,"5,4,3,5,A,J","9,Q","hit,hit,hit,hit",10.0,lose,False,True,random-dfs,fixed,-0.565,1.0,0.003,180,3.462
564,1,"5,4,3,5,A","9,Q","hit,hit,hit,stand",10.0,lose,False,False,random-dfs,fixed,-0.565,2.0,0.006,180,3.462
564,1,"5,4,3,5","9,Q","hit,hit,stand",10.0,lose,False,False,random-dfs,fixed,-0.565,3.0,0.01,180,3.462
564,1,"5,4,3","9,Q","hit,stand",10.0,lose,False,False,random-dfs,fixed,-0.565,2.0,0.006,180,3.462
565,1,"3,5,3","A,J","double,stand",20.0,lose,False,False,random-dfs,fixed,-0.289,1.0,0.003,176,3.385
565,1,"3,5","A,J",stand,10.0,lose,False,False,random-dfs,fixed,-0.289,0.0,0.0,176,3.385
565,1,"3,5,3","A,J","hit,stand",10.0,lose,False,False,random-dfs,fixed,-0.289,1.0,0.003,176,3.385
565,1,"3,5,3,3","A,J","hit,hit,stand",10.0,lose,False,False,random-dfs,fixed,-0.289,2.0,0.006,176,3.385
565,1,"3,5,3,3,J","A,J","hit,hit,hit",10.0,lose,False,True,random-dfs,fixed,-0.289,1.0,0.003,176,3.385
566,1,"3,3,K","J,4,8","double,stand",20.0,win,False,False,random-dfs,fixed,-0.295,1.0,0.003,172,3.308
566,1,"3,3,K","J,4,8","hit,stand",10.0,win,False,False,random-dfs,fixed,-0.295,1.0,0.003,172,3.308
566,1,"3,3,K,8","J,4,A,K","hit,hit",10.0,lose,False,True,random-dfs,fixed,-0.295,-1.0,-0.003,172,3.308
566,1,"3,3","J,4,K",stand,10.0,win,False,False,random-dfs,fixed,-0.295,1.0,0.003,172,3.308
567,1,"K,8,J","A,K","double,stand",20.0,lose,False,True,random-dfs,fixed,0.302,-4.0,-0.013,168,3.231
567,1,"K,8,J","A,K",hit,10.0,lose,False,True,random-dfs,fixed,0.302,-4.0,-0.013,168,3.231
567,1,"K,8","A,K",stand,10.0,lose,False,False,random-dfs,fixed,0.302,-3.0,-0.01,168,3.231
568,1,"J,8","J,5,8",stand,10.0,win,False,False,random-dfs,fixed,-0.619,-1.0,-0.003,164,3.154
568,1,"J,8,8","J,5,5",hit,10.0,lose,False,True,random-dfs,fixed,-0.619,0.0,0.0,164,3.154
568,1,"J,8,8","J,5,5","double,stand",20.0,lose,False,True,random-dfs,fixed,-0.619,0.0,0.0,164,3.154
569,1,"8,5,9","6,2,K","double,stand",20.0,lose,False,True,random-dfs,fixed,-0.951,2.0,0.006,160,3.077
569,1,"8,5,9","6,2,K",hit,10.0,lose,False,True,random-dfs,fixed,-0.951,2.0,0.006,160,3.077
569,1,"8,5","6,2,9",stand,10.0,lose,False,False,random-dfs,fixed,-0.951,3.0,0.01,160,3.077
570,1,"9,K,K","Q,2,8",hit,10.0,lose,False,True,random-dfs,fixed,0.0,-2.0,-0.006,156,3.0
570,1,"9,K","Q,2,K",stand,10.0,win,False,False,random-dfs,fixed,0.0,-2.0,-0.006,156,3.0
570,1,"9,K,K","Q,2,8","double,stand",20.0,lose,False,True,random-dfs,fixed,0.0,-2.0,-0.006,156,3.0
571,1,"K,8,5","9,J","double,stand",20.0,lose,False,True,random-dfs,fixed,-0.333,-1.0,-0.003,152,2.923
571,1,"K,8","9,J",stand,10.0,lose,False,False,random-dfs,fixed,-0.333,-2.0,-0.006,152,2.923
571,1,"K,8,5","9,J",hit,10.0,lose,False,True,random-dfs,fixed,-0.333,-1.0,-0.003,152,2.923
572,1,"5,8,2","5,7,A,6","hit,stand",10.0,lose,False,False,random-dfs,fixed,-1.026,3.0,0.01,148,2.846
572,1,"5,8,2,A","5,7,6","hit,hit,stand",10.0,lose,False,False,random-dfs,fixed,-1.026,3.0,0.01,148,2.846
572,1,"5,8,2,A,6","5,7,5","hit,hit,hit",10.0,lose,False,True,random-dfs,fixed,-1.026,4.0,0.013,148,2.846
572,1,"5,8","5,7,2,A,6",stand,10.0,lose,False,False,random-dfs,fixed,-1.026,3.0,0.01,148,2.846
572,1,"5,8,2","5,7,A,6","double,stand",20.0,lose,False,False,random-dfs,fixed,-1.026,3.0,0.01,148,2.846
573,1,"2,A,8","6,5,10","hit,stand",10.0,push,False,False,random-dfs,fixed,-0.351,1.0,0.003,144,2.769
573,1,"2,A","6,5,8",stand,10.0,lose,False,False,random-dfs,fixed,-0.351,2.0,0.006,144,2.769
573,1,"2,A,8","6,5,10","double,stand",20.0,push,False,False,random-dfs,fixed,-0.351,1.0,0.003,144,2.769
574,1,"8,10,J","J,10","double,stand",20.0,lose,False,True,random-dfs,fixed,0.361,-4.0,-0.013,140,2.692
574,1,"8,10","J,10",stand,10.0,lose,False,False,random-dfs,fixed,0.361,-3.0,-0.01,140,2.692
574,1,"8,10,J","J,10",hit,10.0,lose,False,True,random-dfs,fixed,0.361,-4.0,-0.013,140,2.692
575,1,"J,6,7","3,6,Q",hit,10.0,lose,False,True,random-dfs,fixed,-0.743,1.0,0.003,136,2.615
575,1,"J,6,7","3,6,Q","double,stand",20.0,lose,False,True,random-dfs,fixed,-0.743,1.0,0.003,136,2.615
575,1,"J,6","3,6,7,Q",stand,10.0,win,False,False,random-dfs,fixed,-0.743,1.0,0.003,136,2.615
576,1,"7,Q,7","6,2,10","double,stand",20.0,lose,False,True,random-dfs,fixed,0.0,0.0,0.0,132,2.538
576,1,"7,Q,7","6,2,10",hit,10.0,lose,False,True,random-dfs,fixed,0.0,0.0,0.0,132,2.538
576,1,"7,Q","6,2,7,10",stand,10.0,win,False,False,random-dfs,fixed,0.0,0.0,0.0,132,2.538
577,1,"7,10,A","9,Q","double,stand",20.0,lose,False,False,random-dfs,fixed,0.394,-3.0,-0.01,128,2.462
577,1,"7,10","9,Q",stand,10.0,lose,False,False,random-dfs,fixed,0.394,-2.0,-0.006,128,2.462
577,1,"7,10,A","9,Q","hit,stand",10.0,lose,False,False,random-dfs,fixed,0.394,-3.0,-0.01,128,2.462
577,1,"7,10,A,Q","9,Q","hit,hit",10.0,lose,False,True,random-dfs,fixed,0.394,-4.0,-0.013,128,2.462
578,1,"A,Q","K,9",stand,10.0,win,True,False,random-dfs,fixed,-0.406,-3.0,-0.01,124,2.385
579,1,"5,K","4,6,6,K",stand,10.0,win,False,False,random-dfs,fixed,-1.677,2.0,0.006,120,2.308
579,1,"5,K,6","4,6,K","hit,stand",10.0,win,False,False,random-dfs,fixed,-1.677,2.0,0.006,120,2.308
579,1,"5,K,6","4,6,K","double,stand",20.0,win,False,False,random-dfs,fixed,-1.677,2.0,0.006,120,2.308
580,1,"6,K","5,4,10",stand,10.0,lose,False,False,random-dfs,fixed,-0.867,1.0,0.003,116,2.231
580,1,"6,K,10","5,4,K",hit,10.0,lose,False,True,random-dfs,fixed,-0.867,0.0,0.0,116,2.231
580,1,"6,K,10","5,4,K","double,stand",20.0,lose,False,True,random-dfs,fixed,-0.867,0.0,0.0,116,2.231
581,1,"10,K,3","2,8,6,8",hit,10.0,lose,False,True,random-dfs,fixed,0.0,1.0,0.003,112,2.154
581,1,"10,K","2,8,3,6",stand,10.0,win,False,False,random-dfs,fixed,0.0,1.0,0.003,112,2.154
581,1,"10,K,3","2,8,6,8","double,stand",20.0,lose,False,True,random-dfs,fixed,0.0,1.0,0.003,112,2.154
582,1,"3,6,7,10","8,6,2,K","hit,hit",10.0,lose,False,True,random-dfs,fixed,-0.464,2.0,0.006,108,2.077
582,1,"3,6,7","8,6,10","hit,stand",10.0,win,False,False,random-dfs,fixed,-0.464,2.0,0.006,108,2.077
582,1,"3,6","8,6,7",stand,10.0,lose,False,False,random-dfs,fixed,-0.464,3.0,0.01,108,2.077
582,1,"3,6,7","8,6,10","double,stand",20.0,win,False,False,random-dfs,fixed,-0.464,2.0,0.006,108,2.077
583,1,"7,10","2,K,10",stand,10.0,win,False,False,random-dfs,fixed,0.963,-2.0,-0.006,104,2.0
583,1,"7,10,10","2,K,Q","double,stand",20.0,lose,False,True,random-dfs,fixed,0.963,-3.0,-0.01,104,2.0
583,1,"7,10,10","2,K,Q",hit,10.0,lose,False,True,random-dfs,fixed,0.963,-3.0,-0.01,104,2.0
584,1,"10,Q,J","2,8,4,2,J","double,stand",20.0,lose,False,True,random-dfs,fixed,0.5,-1.0,-0.003,100,1.923
584,1,"10,Q,J","2,8,4,2,J",hit,10.0,lose,False,True,random-dfs,fixed,0.5,-1.0,-0.003,100,1.923
584,1,"10,Q","2,8,J",stand,10.0,push,False,False,random-dfs,fixed,0.5,-2.0,-0.006,100,1.923
585,1,"J,4","2,J,3,8",stand,10.0,win,False,False,random-dfs,fixed,0.0,1.0,0.003,96,1.846
585,1,"J,4,3","2,J,8","double,stand",20.0,lose,False,False,random-dfs,fixed,0.0,1.0,0.003,96,1.846
585,1,"J,4,3","2,J,8","hit,stand",10.0,lose,False,False,random-dfs,fixed,0.0,1.0,0.003,96,1.846
585,1,"J,4,3,8","2,J,9","hit,hit",10.0,lose,False,True,random-dfs,fixed,0.0,1.0,0.003,96,1.846
586,1,"3,8,4,A","9,3,10","hit,hit,stand",10.0,win,False,False,random-dfs,fixed,0.0,1.0,0.003,92,1.769
586,1,"3,8,4,A,10","9,3,4,5","hit,hit,hit",10.0,lose,False,True,random-dfs,fixed,0.0,3.0,0.01,92,1.769
586,1,"3,8,4","9,3,A,10","hit,stand",10.0,win,False,False,random-dfs,fixed,0.0,1.0,0.003,92,1.769
586,1,"3,8,4","9,3,A,10","double,stand",20.0,win,False,False,random-dfs,fixed,0.0,1.0,0.003,92,1.769
586,1,"3,8","9,3,4,A",stand,10.0,lose,False,False,random-dfs,fixed,0.0,2.0,0.006,92,1.769
587,1,"4,A,5","10,4,9","double,stand",20.0,win,False,False,random-dfs,fixed,1.13,1.0,0.003,88,1.692
587,1,"4,A,5","10,4,9","hit,stand",10.0,win,False,False,random-dfs,fixed,1.13,1.0,0.003,88,1.692
587,1,"4,A,5,9","10,4,6","hit,hit,stand",10.0,lose,False,False,random-dfs,fixed,1.13,2.0,0.006,88,1.692
587,1,"4,A,5,9,6","10,4,Q","hit,hit,hit",10.0,lose,False,True,random-dfs,fixed,1.13,1.0,0.003,88,1.692
587,1,"4,A","10,4,5",stand,10.0,lose,False,False,random-dfs,fixed,1.13,1.0,0.003,88,1.692
588,1,"5,9,5","6,Q,Q","hit,stand",10.0,win,False,False,random-dfs,fixed,1.182,1.0,0.003,84,1.615
588,1,"5,9,5,Q","6,Q,3","hit,hit",10.0,lose,False,True,random-dfs,fixed,1.182,2.0,0.006,84,1.615
588,1,"5,9","6,Q,5",stand,10.0,lose,False,False,random-dfs,fixed,1.182,2.0,0.006,84,1.615
588,1,"5,9,5","6,Q,Q","double,stand",20.0,win,False,False,random-dfs,fixed,1.182,1.0,0.003,84,1.615
589,1,"5,Q,9","3,4,6,8",hit,10.0,lose,False,True,random-dfs,fixed,1.857,3.0,0.01,80,1.538
589,1,"5,Q,9","3,4,6,8","double,stand",20.0,lose,False,True,random-dfs,fixed,1.857,3.0,0.01,80,1.538
589,1,"5,Q","3,4,9,6",stand,10.0,win,False,False,random-dfs,fixed,1.857,3.0,0.01,80,1.538
590,1,"9,6","8,9",stand,10.0,lose,False,False,random-dfs,fixed,3.25,1.0,0.003,76,1.462
590,1,"9,6,7","8,9","double,stand",20.0,lose,False,True,random-dfs,fixed,3.25,1.0,0.003,76,1.462
590,1,"9,6,7","8,9",hit,10.0,lose,False,True,random-dfs,fixed,3.25,1.0,0.003,76,1.462
591,1,"Q,6","5,J,2",stand,10.0,lose,False,False,random-dfs,fixed,0.0,1.0,0.003,308,5.923
591,1,"Q,6,2","5,J,5","double,stand",20.0,lose,False,False,random-dfs,fixed,0.0,2.0,0.006,308,5.923
591,1,"Q,6,2,5","5,J,J","hit,hit",10.0,lose,False,True,random-dfs,fixed,0.0,1.0,0.003,308,5.923
591,1,"Q,6,2","5,J,5","hit,stand",10.0,lose,False,False,random-dfs,fixed,0.0,2.0,0.006,308,5.923
592,1,"2,5","J,6,K",stand,10.0,win,False,False,random-dfs,fixed,0.0,1.0,0.003,304,5.846
592,1,"2,5,K","J,6,K","double,stand",20.0,win,False,False,random-dfs,fixed,0.0,0.0,0.0,304,5.846
592,1,"2,5,K,K","J,6,9","hit,hit",10.0,lose,False,True,random-dfs,fixed,0.0,0.0,0.0,304,5.846
592,1,"2,5,K","J,6,K","hit,stand",10.0,win,False,False,random-dfs,fixed,0.0,0.0,0.0,304,5.846
593,1,"K,K,5","9,3,A,9",hit,10.0,lose,False,True,random-dfs,fixed,0.342,-1.0,-0.003,300,5.769
593,1,"K,K","9,3,5",stand,10.0,win,False,False,random-dfs,fixed,0.342,0.0,0.0,300,5.769
593,1,"K,K,5","9,3,A,9","double,stand",20.0,lose,False,True,random-dfs,fixed,0.342,-1.0,-0.003,300,5.769
594,1,"5,A,6","9,8","double,stand",20.0,lose,False,False,random-dfs,fixed,0.173,1.0,0.003,296,5.692
594,1,"5,A","9,8",stand,10.0,lose,False,False,random-dfs,fixed,0.173,0.0,0.0,296,5.692
594,1,"5,A,6","9,8","hit,stand",10.0,lose,False,False,random-dfs,fixed,0.173,1.0,0.003,296,5.692
594,1,"5,A,6,7","9,8","hit,hit,stand",10.0,win,False,False,random-dfs,fixed,0.173,1.0,0.003,296,5.692
594,1,"5,A,6,7,8","9,8","hit,hit,hit",10.0,lose,False,True,random-dfs,fixed,0.173,1.0,0.003,296,5.692
595,1,"6,7","8,J",stand,10.0,lose,False,False,random-dfs,fixed,0.176,0.0,0.0,292,5.615
595,1,"6,7,J","8,J",hit,10.0,lose,False,True,random-dfs,fixed,0.176,-1.0,-0.003,292,5.615
595,1,"6,7,J","8,J","double,stand",20.0,lose,False,True,random-dfs,fixed,0.176,-1.0,-0.003,292,5.615
596,1,"J,5,4","6,6,5","double,stand",20.0,win,False,False,random-dfs,fixed,0.178,4.0,0.013,288,5.538
596,1,"J,5","6,6,4,5",stand,10.0,lose,False,False,random-dfs,fixed,0.178,4.0,0.013,288,5.538
596,1,"J,5,4,5","6,6,2,6","hit,hit",10.0,lose,False,True,random-dfs,fixed,0.178,6.0,0.019,288,5.538
596,1,"J,5,4","6,6,5","hit,stand",10.0,win,False,False,random-dfs,fixed,0.178,4.0,0.013,288,5.538
597,1,"4,5,A","2,6,K","double,stand",20.0,win,False,False,random-dfs,fixed,0.542,2.0,0.006,284,5.462
597,1,"4,5,A","2,6,K","hit,stand",10.0,win,False,False,random-dfs,fixed,0.542,2.0,0.006,284,5.462
597,1,"4,5,A,K","2,6,10","hit,hit,stand",10.0,win,False,False,random-dfs,fixed,0.542,1.0,0.003,284,5.462
597,1,"4,5,A,K,10","2,6,10","hit,hit,hit",10.0,lose,False,True,random-dfs,fixed,0.542,0.0,0.0,284,5.462
597,1,"4,5","2,6,A",stand,10.0,lose,False,False,random-dfs,fixed,0.542,3.0,0.01,284,5.462
598,1,"A,K","10,10",stand,10.0,win,True,False,random-dfs,fixed,1.282,-4.0,-0.013,280,5.385
599,1,"3,8,J","6,4,7","hit,stand",10.0,win,False,False,random-dfs,fixed,0.557,2.0,0.006,276,5.308
599,1,"3,8,J","6,4,7","double,stand",20.0,win,False,False,random-dfs,fixed,0.557,2.0,0.006,276,5.308
599,1,"3,8","6,4,J",stand,10.0,lose,False,False,random-dfs,fixed,0.557,2.0,0.006,276,5.308
600,1,"J,7","9,6,9",stand,10.0,win,False,False,random-dfs,fixed,1.13,0.0,0.0,272,5.231
600,1,"J,7,9","9,6,2",hit,10.0,lose,False,True,random-dfs,fixed,1.13,1.0,0.003,272,5.231
600,1,"J,7,9","9,6,2","double,stand",20.0,lose,False,True,random-dfs,fixed,1.13,1.0,0.003,272,5.231
601,1,"9,2,4","5,4,8","double,stand",20.0,lose,False,False,random-dfs,fixed,1.147,4.0,0.013,268,5.154
601,1,"9,2,4","5,4,8","hit,stand",10.0,lose,False,False,random-dfs,fixed,1.147,4.0,0.013,268,5.154
601,1,"9,2,4,8","5,4,7,Q","hit,hit",10.0,lose,False,True,random-dfs,fixed,1.147,3.0,0.01,268,5.154
601,1,"9,2","5,4,4,8",stand,10.0,lose,False,False,random-dfs,fixed,1.147,4.0,0.013,268,5.154
602,1,"4,8,3","7,Q","double,stand",20.0,lose,False,False,random-dfs,fixed,1.746,1.0,0.003,264,5.077
602,1,"4,8,3,Q","7,Q","hit,hit",10.0,lose,False,True,random-dfs,fixed,1.746,0.0,0.0,264,5.077
602,1,"4,8,3","7,Q","hit,stand",10.0,lose,False,False,random-dfs,fixed,1.746,1.0,0.003,264,5.077
602,1,"4,8","7,Q",stand,10.0,lose,False,False,random-dfs,fixed,1.746,0.0,0.0,264,5.077
603,1,"3,Q,6","2,10,5","double,stand",20.0,win,False,False,random-dfs,fixed,1.773,2.0,0.006,260,5.0
603,1,"3,Q","2,10,6",stand,10.0,lose,False,False,random-dfs,fixed,1.773,1.0,0.003,260,5.0
603,1,"3,Q,6,5","2,10,4,K","hit,hit",10.0,lose,False,True,random-dfs,fixed,1.773,2.0,0.006,260,5.0
603,1,"3,Q,6","2,10,5","hit,stand",10.0,win,False,False,random-dfs,fixed,1.773,2.0,0.006,260,5.0
604,1,"6,5,5","4,K,9","double,stand",20.0,win,False,False,random-dfs,fixed,1.8,3.0,0.01,256,4.923
604,1,"6,5","4,K,5",stand,10.0,lose,False,False,random-dfs,fixed,1.8,3.0,0.01,256,4.923
604,1,"6,5,5,9","4,K,Q","hit,hit",10.0,lose,False,True,random-dfs,fixed,1.8,2.0,0.006,256,4.923
604,1,"6,5,5","4,K,9","hit,stand",10.0,win,False,False,random-dfs,fixed,1.8,3.0,0.01,256,4.923
605,1,"5,9","Q,J",stand,10.0,lose,False,False,random-dfs,fixed,2.234,-1.0,-0.003,252,4.846
605,1,"5,9,8","Q,J",hit,10.0,lose,False,True,random-dfs,fixed,2.234,-1.0,-0.003,252,4.846
605,1,"5,9,8","Q,J","double,stand",20.0,lose,False,True,random-dfs,fixed,2.234,-1.0,-0.003,252,4.846
606,1,"8,3,J","4,5,J","hit,stand",10.0,win,False,False,random-dfs,fixed,2.063,1.0,0.003,248,4.769
606,1,"8,3,J","4,5,J","double,stand",20.0,win,False,False,random-dfs,fixed,2.063,1.0,0.003,248,4.769
606,1,"8,3","4,5,J",stand,10.0,lose,False,False,random-dfs,fixed,2.063,2.0,0.006,248,4.769
607,1,"J,J","5,8,3,Q",stand,10.0,win,False,False,random-dfs,fixed,2.726,-1.0,-0.003,244,4.692
607,1,"J,J,3","5,8,Q",hit,10.0,lose,False,True,random-dfs,fixed,2.726,-1.0,-0.003,244,4.692
607,1,"J,J,3","5,8,Q","double,stand",20.0,lose,False,True,random-dfs,fixed,2.726,-1.0,-0.003,244,4.692
608,1,"3,Q,9","A,8","double,stand",20.0,lose,False,True,random-dfs,fixed,2.557,-1.0,-0.003,240,4.615
608,1,"3,Q,9","A,8",hit,10.0,lose,False,True,random-dfs,fixed,2.557,-1.0,-0.003,240,4.615
608,1,"3,Q","A,8",stand,10.0,lose,False,False,random-dfs,fixed,2.557,-1.0,-0.003,240,4.615
609,1,"9,A","K,7",stand,10.0,win,False,False,random-dfs,fixed,2.383,-2.0,-0.006,236,4.538
609,1,"9,A,4","K,7","double,stand",20.0,lose,False,False,random-dfs,fixed,2.383,-1.0,-0.003,236,4.538
609,1,"9,A,4","K,7","hit,stand",10.0,lose,False,False,random-dfs,fixed,2.383,-1.0,-0.003,236,4.538
609,1,"9,A,4,6","K,7","hit,hit,stand",10.0,win,False,False,random-dfs,fixed,2.383,0.0,0.0,236,4.538
609,1,"9,A,4,6,7","K,7","hit,hit,hit",10.0,lose,False,True,random-dfs,fixed,2.383,0.0,0.0,236,4.538
610,1,"4,6,6,5","7,6,Q","hit,hit,stand",10.0,win,False,False,random-dfs,fixed,1.983,4.0,0.013,232,4.462
610,1,"4,6,6","7,6,5","hit,stand",10.0,lose,False,False,random-dfs,fixed,1.983,5.0,0.016,232,4.462
610,1,"4,6,6","7,6,5","double,stand",20.0,lose,False,False,random-dfs,fixed,1.983,5.0,0.016,232,4.462
610,1,"4,6","7,6,6",stand,10.0,lose,False,False,random-dfs,fixed,1.983,4.0,0.013,232,4.462
611,1,"6,5,7,A","Q,4,10","hit,hit,stand",10.0,win,False,False,random-dfs,fixed,2.69,0.0,0.0,228,4.385
611,1,"6,5,7,A,10","Q,4,2,10","hit,hit,hit",10.0,lose,False,True,random-dfs,fixed,2.69,0.0,0.0,228,4.385
611,1,"6,5,7","Q,4,A,10","hit,stand",10.0,win,False,False,random-dfs,fixed,2.69,0.0,0.0,228,4.385
611,1,"6,5","Q,4,7",stand,10.0,lose,False,False,random-dfs,fixed,2.69,2.0,0.006,228,4.385
611,1,"6,5,7","Q,4,A,10","double,stand",20.0,win,False,False,random-dfs,fixed,2.69,0.0,0.0,228,4.385
612,1,"7,A","10,2,10",stand,10.0,win,False,False,random-dfs,fixed,3.193,-2.0,-0.006,224,4.308
612,1,"7,A,10","10,2,A,8","double,stand",20.0,lose,False,False,random-dfs,fixed,3.193,-3.0,-0.01,224,4.308
612,1,"7,A,10","10,2,A,8","hit,stand",10.0,lose,False,False,random-dfs,fixed,3.193,-3.0,-0.01,224,4.308
612,1,"7,A,10,A,8","10,2,7","hit,hit,hit",10.0,lose,False,True,random-dfs,fixed,3.193,-3.0,-0.01,224,4.308
612,1,"7,A,10,A","10,2,8","hit,hit,stand",10.0,lose,False,False,random-dfs,fixed,3.193,-3.0,-0.01,224,4.308
613,1,"10,A","8,7,10",stand,10.0,win,True,False,random-dfs,fixed,3.018,-3.0,-0.01,220,4.231
614,1,"10,7,3","4,2,3,4,7","double,stand",20.0,push,False,False,random-dfs,fixed,2.6,4.0,0.013,216,4.154
614,1,"10,7,3","4,2,3,4,7","hit,stand",10.0,push,False,False,random-dfs,fixed,2.6,4.0,0.013,216,4.154
614,1,"10,7,3,3","4,2,4,7","hit,hit",10.0,lose,False,True,random-dfs,fixed,2.6,4.0,0.013,216,4.154
614,1,"10,7","4,2,3,3,4,7",stand,10.0,win,False,False,random-dfs,fixed,2.6,4.0,0.013,216,4.154
615,1,"3,3","4,7,10",stand,10.0,lose,False,False,random-dfs,fixed,2.889,2.0,0.006,212,4.077
615,1,"3,3,10","4,7,10","double,stand",20.0,lose,False,False,random-dfs,fixed,2.889,1.0,0.003,212,4.077
615,1,"3,3,10,10","4,7,Q","hit,hit",10.0,lose,False,True,random-dfs,fixed,2.889,0.0,0.0,212,4.077
615,1,"3,3,10","4,7,10","hit,stand",10.0,lose,False,False,random-dfs,fixed,2.889,1.0,0.003,212,4.077
616,1,"10,10","Q,7",stand,10.0,win,False,False,random-dfs,fixed,3.679,-3.0,-0.01,208,4.0
616,1,"10,10,3","Q,7","double,stand",20.0,lose,False,True,random-dfs,fixed,3.679,-2.0,-0.006,208,4.0
616,1,"10,10,3","Q,7",hit,10.0,lose,False,True,random-dfs,fixed,3.679,-2.0,-0.006,208,4.0
617,1,"3,A","9,3,3,J",stand,10.0,win,False,False,random-dfs,fixed,3.0,1.0,0.003,204,3.923
617,1,"3,A,3","9,3,J","double,stand",20.0,win,False,False,random-dfs,fixed,3.0,1.0,0.003,204,3.923
617,1,"3,A,3","9,3,J","hit,stand",10.0,win,False,False,random-dfs,fixed,3.0,1.0,0.003,204,3.923
617,1,"3,A,3,J","9,3,8","hit,hit,stand",10.0,lose,False,False,random-dfs,fixed,3.0,1.0,0.003,204,3.923
617,1,"3,A,3,J,8","9,3,7","hit,hit,hit",10.0,lose,False,True,random-dfs,fixed,3.0,1.0,0.003,204,3.923
618,1,"3,J,Q","8,7,10",hit,10.0,lose,False,True,random-dfs,fixed,3.314,-2.0,-0.006,200,3.846
618,1,"3,J,Q","8,7,10","double,stand",20.0,lose,False,True,random-dfs,fixed,3.314,-2.0,-0.006,200,3.846
618,1,"3,J","8,7,Q",stand,10.0,win,False,False,random-dfs,fixed,3.314,-1.0,-0.003,200,3.846
619,1,"Q,10,Q","4,10,A,10",hit,10.0,lose,False,True,random-dfs,fixed,3.38,-5.0,-0.016,196,3.769
619,1,"Q,10","4,10,Q",stand,10.0,win,False,False,random-dfs,fixed,3.38,-3.0,-0.01,196,3.769
619,1,"Q,10,Q","4,10,A,10","double,stand",20.0,lose,False,True,random-dfs,fixed,3.38,-5.0,-0.016,196,3.769
620,1,"Q,A","10,4,8",stand,10.0,win,True,False,random-dfs,fixed,2.918,-2.0,-0.006,192,3.692
621,1,"8,K,3","5,4,A","hit,stand",10.0,win,False,False,random-dfs,fixed,2.438,1.0,0.003,188,3.615
621,1,"8,K,3","5,4,A","double,stand",20.0,win,False,False,random-dfs,fixed,2.438,1.0,0.003,188,3.615
621,1,"8,K","5,4,3,A,J",stand,10.0,win,False,False,random-dfs,fixed,2.438,0.0,0.0,188,3.615
622,1,"3,A,J,5,6","J,9","hit,hit,hit",10.0,lose,False,True,random-dfs,fixed,2.766,0.0,0.0,184,3.538
622,1,"3,A,J,5","J,9","hit,hit,stand",10.0,push,False,False,random-dfs,fixed,2.766,-1.0,-0.003,184,3.538
622,1,"3,A,J","J,9","hit,stand",10.0,lose,False,False,random-dfs,fixed,2.766,-2.0,-0.006,184,3.538
622,1,"3,A","J,9",stand,10.0,lose,False,False,random-dfs,fixed,2.766,-1.0,-0.003,184,3.538
622,1,"3,A,J","J,9","double,stand",20.0,lose,False,False,random-dfs,fixed,2.766,-2.0,-0.006,184,3.538
623,1,"J,5,8","6,2,A",hit,10.0,lose,False,True,random-dfs,fixed,2.543,1.0,0.003,180,3.462
623,1,"J,5,8","6,2,A","double,stand",20.0,lose,False,True,random-dfs,fixed,2.543,1.0,0.003,180,3.462
623,1,"J,5","6,2,8,A",stand,10.0,lose,False,False,random-dfs,fixed,2.543,1.0,0.003,180,3.462
624,1,"8,A,Q,6","9,Q","hit,hit",10.0,lose,False,True,random-dfs,fixed,3.178,-2.0,-0.006,176,3.385
624,1,"8,A,Q","9,Q","hit,stand",10.0,push,False,False,random-dfs,fixed,3.178,-3.0,-0.01,176,3.385
624,1,"8,A,Q","9,Q","double,stand",20.0,push,False,False,random-dfs,fixed,3.178,-3.0,-0.01,176,3.385
624,1,"8,A","9,Q",stand,10.0,push,False,False,random-dfs,fixed,3.178,-2.0,-0.006,176,3.385
625,1,"Q,6,10","2,K,3,10",hit,10.0,lose,False,True,random-dfs,fixed,2.659,-1.0,-0.003,172,3.308
625,1,"Q,6,10","2,K,3,10","double,stand",20.0,lose,False,True,random-dfs,fixed,2.659,-1.0,-0.003,172,3.308
625,1,"Q,6","2,K,10",stand,10.0,win,False,False,random-dfs,fixed,2.659,-1.0,-0.003,172,3.308
626,1,"10,3,2,2,8","10,J","hit,hit,hit",10.0,lose,False,True,random-dfs,fixed,2.721,0.0,0.0,168,3.231
626,1,"10,3,2,2","10,J","hit,hit,stand",10.0,lose,False,False,random-dfs,fixed,2.721,0.0,0.0,168,3.231
626,1,"10,3,2","10,J","hit,stand",10.0,lose,False,False,random-dfs,fixed,2.721,-1.0,-0.003,168,3.231
626,1,"10,3","10,J",stand,10.0,lose,False,False,random-dfs,fixed,2.721,-2.0,-0.006,168,3.231
626,1,"10,3,2","10,J","double,stand",20.0,lose,False,False,random-dfs,fixed,2.721,-1.0,-0.003,168,3.231
627,1,"2,2","8,9",stand,10.0,lose,False,False,random-dfs,fixed,2.167,2.0,0.006,164,3.154
627,1,"2,2,2","8,9","double,stand",20.0,lose,False,False,random-dfs,fixed,2.167,3.0,0.01,164,3.154
627,1,"2,2,2","8,9","hit,stand",10.0,lose,False,False,random-dfs,fixed,2.167,3.0,0.01,164,3.154
627,1,"2,2,2,K,3","8,9","hit,hit,hit,stand",10.0,win,False,False,random-dfs,fixed,2.167,3.0,0.01,164,3.154
627,1,"2,2,2,K,3,7","8,9","hit,hit,hit,hit",10.0,lose,False,True,random-dfs,fixed,2.167,3.0,0.01,164,3.154
627,1,"2,2,2,K","8,9","hit,hit,stand",10.0,lose,False,False,random-dfs,fixed,2.167,2.0,0.006,164,3.154
628,1,"2,K,K","3,7,3,K","double,stand",20.0,lose,False,True,random-dfs,fixed,2.854,0.0,0.0,160,3.077
628,1,"2,K,K","3,7,3,K",hit,10.0,lose,False,True,random-dfs,fixed,2.854,0.0,0.0,160,3.077
628,1,"2,K","3,7,K",stand,10.0,lose,False,False,random-dfs,fixed,2.854,0.0,0.0,160,3.077
629,1,"K,3","K,9",stand,10.0,lose,False,False,random-dfs,fixed,3.25,-1.0,-0.003,156,3.0
629,1,"K,3,Q","K,9","double,stand",20.0,lose,False,True,random-dfs,fixed,3.25,-2.0,-0.006,156,3.0
629,1,"K,3,Q","K,9",hit,10.0,lose,False,True,random-dfs,fixed,3.25,-2.0,-0.006,156,3.0
630,1,"Q,7,J","6,5,7","double,stand",20.0,lose,False,True,random-dfs,fixed,3.0,0.0,0.0,152,2.923
630,1,"Q,7,J","6,5,7",hit,10.0,lose,False,True,random-dfs,fixed,3.0,0.0,0.0,152,2.923
630,1,"Q,7","6,5,J",stand,10.0,lose,False,False,random-dfs,fixed,3.0,0.0,0.0,152,2.923
631,1,"J,7,6","2,J,8","double,stand",20.0,lose,False,True,random-dfs,fixed,3.421,0.0,0.0,148,2.846
631,1,"J,7","2,J,6",stand,10.0,lose,False,False,random-dfs,fixed,3.421,0.0,0.0,148,2.846
631,1,"J,7,6","2,J,8",hit,10.0,lose,False,True,random-dfs,fixed,3.421,0.0,0.0,148,2.846
632,1,"6,8","8,3,2,Q",stand,10.0,win,False,False,random-dfs,fixed,3.162,2.0,0.006,144,2.769
632,1,"6,8,2","8,3,Q","double,stand",20.0,lose,False,False,random-dfs,fixed,3.162,2.0,0.006,144,2.769
632,1,"6,8,2","8,3,Q","hit,stand",10.0,lose,False,False,random-dfs,fixed,3.162,2.0,0.006,144,2.769
632,1,"6,8,2,Q","8,3,3,Q","hit,hit",10.0,lose,False,True,random-dfs,fixed,3.162,2.0,0.006,144,2.769
633,1,"2,Q,6","3,Q,K","double,stand",20.0,win,False,False,random-dfs,fixed,3.972,0.0,0.0,140,2.692
633,1,"2,Q","3,Q,6",stand,10.0,lose,False,False,random-dfs,fixed,3.972,1.0,0.003,140,2.692
633,1,"2,Q,6,K","3,Q,6","hit,hit",10.0,lose,False,True,random-dfs,fixed,3.972,1.0,0.003,140,2.692
633,1,"2,Q,6","3,Q,K","hit,stand",10.0,win,False,False,random-dfs,fixed,3.972,0.0,0.0,140,2.692
634,1,"6,K,9","6,8,Q","double,stand",20.0,lose,False,True,random-dfs,fixed,4.086,0.0,0.0,136,2.615
634,1,"6,K,9","6,8,Q",hit,10.0,lose,False,True,random-dfs,fixed,4.086,0.0,0.0,136,2.615
634,1,"6,K","6,8,9",stand,10.0,win,False,False,random-dfs,fixed,4.086,1.0,0.003,136,2.615
635,1,"9,Q,9","2,Q,A,J",hit,10.0,lose,False,True,random-dfs,fixed,4.588,-3.0,-0.01,132,2.538
635,1,"9,Q,9","2,Q,A,J","double,stand",20.0,lose,False,True,random-dfs,fixed,4.588,-3.0,-0.01,132,2.538
635,1,"9,Q","2,Q,9",stand,10.0,lose,False,False,random-dfs,fixed,4.588,-1.0,-0.003,132,2.538
636,1,"9,A","J,K",stand,10.0,push,False,False,random-dfs,fixed,4.333,-3.0,-0.01,128,2.462
636,1,"9,A,8","J,K","double,stand",20.0,lose,False,False,random-dfs,fixed,4.333,-3.0,-0.01,128,2.462
636,1,"9,A,8,7","J,K","hit,hit",10.0,lose,False,True,random-dfs,fixed,4.333,-3.0,-0.01,128,2.462
636,1,"9,A,8","J,K","hit,stand",10.0,lose,False,False,random-dfs,fixed,4.333,-3.0,-0.01,128,2.462
637,1,"8,7,10","9,A","double,stand",20.0,lose,False,True,random-dfs,fixed,3.25,-2.0,-0.006,124,2.385
637,1,"8,7,10","9,A",hit,10.0,lose,False,True,random-dfs,fixed,3.25,-2.0,-0.006,124,2.385
637,1,"8,7","9,A",stand,10.0,lose,False,False,random-dfs,fixed,3.25,-1.0,-0.003,124,2.385
638,1,"10,A","10,A",stand,10.0,push,True,False,random-dfs,fixed,2.935,-4.0,-0.013,120,2.308
639,1,"J,4","9,6,K",stand,10.0,win,False,False,random-dfs,fixed,1.3,0.0,0.0,116,2.231
639,1,"J,4,K","9,6,8",hit,10.0,lose,False,True,random-dfs,fixed,1.3,0.0,0.0,116,2.231
639,1,"J,4,K","9,6,8","double,stand",20.0,lose,False,True,random-dfs,fixed,1.3,0.0,0.0,116,2.231
640,1,"K,8","Q,5,2",stand,10.0,win,False,False,random-dfs,fixed,1.793,0.0,0.0,112,2.154
640,1,"K,8,2","Q,5,Q","double,stand",20.0,win,False,False,random-dfs,fixed,1.793,-1.0,-0.003,112,2.154
640,1,"K,8,2","Q,5,Q","hit,stand",10.0,win,False,False,random-dfs,fixed,1.793,-1.0,-0.003,112,2.154
640,1,"K,8,2,Q","Q,5,J","hit,hit",10.0,lose,False,True,random-dfs,fixed,1.793,-2.0,-0.006,112,2.154
641,1,"2,Q,3","J,Q","double,stand",20.0,lose,False,False,random-dfs,fixed,1.393,-1.0,-0.003,108,2.077
641,1,"2,Q","J,Q",stand,10.0,lose,False,False,random-dfs,fixed,1.393,-2.0,-0.006,108,2.077
641,1,"2,Q,3","J,Q","hit,stand",10.0,lose,False,False,random-dfs,fixed,1.393,-1.0,-0.003,108,2.077
641,1,"2,Q,3,3,5","J,Q","hit,hit,hit",10.0,lose,False,True,random-dfs,fixed,1.393,1.0,0.003,108,2.077
641,1,"2,Q,3,3","J,Q","hit,hit,stand",10.0,lose,False,False,random-dfs,fixed,1.393,0.0,0.0,108,2.077
642,1,"3,3,5","5,J,2","double,stand",20.0,lose,False,False,random-dfs,fixed,0.481,4.0,0.013,104,2.0
642,1,"3,3,5,2,9","5,J,9","hit,hit,hit",10.0,lose,False,True,random-dfs,fixed,0.481,4.0,0.013,104,2.0
642,1,"3,3,5,2","5,J,9","hit,hit,stand",10.0,win,False,False,random-dfs,fixed,0.481,4.0,0.013,104,2.0
642,1,"3,3,5","5,J,2","hit,stand",10.0,lose,False,False,random-dfs,fixed,0.481,4.0,0.013,104,2.0
642,1,"3,3","5,J,5",stand,10.0,lose,False,False,random-dfs,fixed,0.481,3.0,0.01,104,2.0
643,1,"5,2,K","9,9","double,stand",20.0,lose,False,False,random-dfs,fixed,1.5,1.0,0.003,100,1.923
643,1,"5,2,K,10","9,9","hit,hit",10.0,lose,False,True,random-dfs,fixed,1.5,0.0,0.0,100,1.923
643,1,"5,2,K","9,9","hit,stand",10.0,lose,False,False,random-dfs,fixed,1.5,1.0,0.003,100,1.923
643,1,"5,2","9,9",stand,10.0,lose,False,False,random-dfs,fixed,1.5,2.0,0.006,100,1.923
644,1,"K,10,J","2,J,K","double,stand",20.0,lose,False,True,random-dfs,fixed,2.6,-4.0,-0.013,96,1.846
644,1,"K,10","2,J,J",stand,10.0,win,False,False,random-dfs,fixed,2.6,-3.0,-0.01,96,1.846
644,1,"K,10,J","2,J,K",hit,10.0,lose,False,True,random-dfs,fixed,2.6,-4.0,-0.013,96,1.846
645,1,"J,K,J","8,3,J",hit,10.0,lose,False,True,random-dfs,fixed,1.625,-3.0,-0.01,92,1.769
645,1,"J,K","8,3,J",stand,10.0,lose,False,False,random-dfs,fixed,1.625,-2.0,-0.006,92,1.769
645,1,"J,K,J","8,3,J","double,stand",20.0,lose,False,True,random-dfs,fixed,1.625,-3.0,-0.01,92,1.769
646,1,"J,J","5,7,9",stand,10.0,lose,False,False,random-dfs,fixed,1.13,-1.0,-0.003,88,1.692
646,1,"J,J,9","5,7,9",hit,10.0,lose,False,True,random-dfs,fixed,1.13,-1.0,-0.003,88,1.692
646,1,"J,J,9","5,7,9","double,stand",20.0,lose,False,True,random-dfs,fixed,1.13,-1.0,-0.003,88,1.692
647,1,"9,9,Q","9,Q","double,stand",20.0,lose,False,True,random-dfs,fixed,0.591,-2.0,-0.006,84,1.615
647,1,"9,9","9,Q",stand,10.0,lose,False,False,random-dfs,fixed,0.591,-1.0,-0.003,84,1.615
647,1,"9,9,Q","9,Q",hit,10.0,lose,False,True,random-dfs,fixed,0.591,-2.0,-0.006,84,1.615
648,1,"Q,4","3,K,9",stand,10.0,win,False,False,random-dfs,fixed,0.0,0.0,0.0,80,1.538
648,1,"Q,4,9","3,K,2,A,10",hit,10.0,lose,False,True,random-dfs,fixed,0.0,-1.0,-0.003,80,1.538
648,1,"Q,4,9","3,K,2,A,10","double,stand",20.0,lose,False,True,random-dfs,fixed,0.0,-1.0,-0.003,80,1.538
649,1,"9,2,9,7","A,10","hit,hit",10.0,lose,False,True,random-dfs,fixed,0.0,-1.0,-0.003,76,1.462
649,1,"9,2,9","A,10","hit,stand",10.0,lose,False,False,random-dfs,fixed,0.0,-1.0,-0.003,76,1.462
649,1,"9,2,9","A,10","double,stand",20.0,lose,False,False,random-dfs,fixed,0.0,-1.0,-0.003,76,1.462
649,1,"9,2","A,10",stand,10.0,lose,False,False,random-dfs,fixed,0.0,-1.0,-0.003,76,1.462
650,1,"Q,J,K","10,4,5","double,stand",20.0,lose,False,True,random-dfs,fixed,0.0,-2.0,-0.006,308,5.923
650,1,"Q,J,K","10,4,5",hit,10.0,lose,False,True,random-dfs,fixed,0.0,-2.0,-0.006,308,5.923
650,1,"Q,J","10,4,K",stand,10.0,win,False,False,random-dfs,fixed,0.0,-3.0,-0.01,308,5.923
651,1,"K,5,6","3,9,6","hit,stand",10.0,win,False,False,random-dfs,fixed,-0.338,3.0,0.01,304,5.846
651,1,"K,5,6","3,9,6","double,stand",20.0,win,False,False,random-dfs,fixed,-0.338,3.0,0.01,304,5.846
651,1,"K,5","3,9,6",stand,10.0,lose,False,False,random-dfs,fixed,-0.338,2.0,0.006,304,5.846
652,1,"6,6","6,2,4,10",stand,10.0,win,False,False,random-dfs,fixed,-0.171,4.0,0.013,300,5.769
652,1,"6,6,4","6,2,10","double,stand",20.0,lose,False,False,random-dfs,fixed,-0.171,4.0,0.013,300,5.769
652,1,"6,6,4","6,2,10","hit,stand",10.0,lose,False,False,random-dfs,fixed,-0.171,4.0,0.013,300,5.769
652,1,"6,6,4,10","6,2,3,6","hit,hit",10.0,lose,False,True,random-dfs,fixed,-0.171,6.0,0.019,300,5.769
653,1,"4,10,9","3,6,3,5","double,stand",20.0,lose,False,True,random-dfs,fixed,0.52,4.0,0.013,296,5.692
653,1,"4,10","3,6,9",stand,10.0,lose,False,False,random-dfs,fixed,0.52,2.0,0.006,296,5.692
653,1,"4,10,9","3,6,3,5",hit,10.0,lose,False,True,random-dfs,fixed,0.52,4.0,0.013,296,5.692
654,1,"9,3,8","5,4,A","double,stand",20.0,push,False,False,random-dfs,fixed,0.878,2.0,0.006,292,5.615
654,1,"9,3,8","5,4,A","hit,stand",10.0,push,False,False,random-dfs,fixed,0.878,2.0,0.006,292,5.615
654,1,"9,3,8,A","5,4,5,A,7","hit,hit,stand",10.0,win,False,False,random-dfs,fixed,0.878,2.0,0.006,292,5.615
654,1,"9,3","5,4,8",stand,10.0,lose,False,False,random-dfs,fixed,0.878,3.0,0.01,292,5.615
655,1,"8,A,7","5,A,7,J","hit,stand",10.0,win,False,False,random-dfs,fixed,1.425,-2.0,-0.006,288,5.538
655,1,"8,A,7,7","5,A,J,9","hit,hit",10.0,lose,False,True,random-dfs,fixed,1.425,-2.0,-0.006,288,5.538
655,1,"8,A","5,A,7,7",stand,10.0,lose,False,False,random-dfs,fixed,1.425,-1.0,-0.003,288,5.538
655,1,"8,A,7","5,A,7,J","double,stand",20.0,win,False,False,random-dfs,fixed,1.425,-2.0,-0.006,288,5.538
656,1,"7,7,9","J,9",hit,10.0,lose,False,True,random-dfs,fixed,1.264,-1.0,-0.003,284,5.462
656,1,"7,7,9","J,9","double,stand",20.0,lose,False,True,random-dfs,fixed,1.264,-1.0,-0.003,284,5.462
656,1,"7,7","J,9",stand,10.0,lose,False,False,random-dfs,fixed,1.264,-1.0,-0.003,284,5.462
657,1,"9,J,A","4,10,Q","double,stand",20.0,win,False,False,random-dfs,fixed,1.099,-3.0,-0.01,280,5.385
657,1,"9,J,A","4,10,Q","hit,stand",10.0,win,False,False,random-dfs,fixed,1.099,-3.0,-0.01,280,5.385
657,1,"9,J,A,Q","4,10,6","hit,hit",10.0,lose,False,True,random-dfs,fixed,1.099,-2.0,-0.006,280,5.385
657,1,"9,J","4,10,A,Q",stand,10.0,win,False,False,random-dfs,fixed,1.099,-3.0,-0.01,280,5.385
658,1,"A,Q","6,3,10",stand,10.0,win,True,False,random-dfs,fixed,0.929,-1.0,-0.003,276,5.308
659,1,"10,K,10","10,7","double,stand",20.0,lose,False,True,random-dfs,fixed,0.942,-4.0,-0.013,272,5.231
659,1,"10,K","10,7",stand,10.0,win,False,False,random-dfs,fixed,0.942,-3.0,-0.01,272,5.231
659,1,"10,K,10","10,7",hit,10.0,lose,False,True,random-dfs,fixed,0.942,-4.0,-0.013,272,5.231
660,1,"10,2,4","J,2,8","double,stand",20.0,lose,False,False,random-dfs,fixed,0.382,1.0,0.003,268,5.154
660,1,"10,2","J,2,4,8",stand,10.0,win,False,False,random-dfs,fixed,0.382,1.0,0.003,268,5.154
660,1,"10,2,4,8","J,2,6","hit,hit",10.0,lose,False,True,random-dfs,fixed,0.382,2.0,0.006,268,5.154
660,1,"10,2,4","J,2,8","hit,stand",10.0,lose,False,False,random-dfs,fixed,0.382,1.0,0.003,268,5.154
661,1,"4,8,5","6,K,K","hit,stand",10.0,win,False,False,random-dfs,fixed,0.388,1.0,0.003,264,5.077
661,1,"4,8,5,K","6,K,J","hit,hit",10.0,lose,False,True,random-dfs,fixed,0.388,0.0,0.0,264,5.077
661,1,"4,8,5","6,K,K","double,stand",20.0,win,False,False,random-dfs,fixed,0.388,1.0,0.003,264,5.077
661,1,"4,8","6,K,5",stand,10.0,lose,False,False,random-dfs,fixed,0.388,2.0,0.006,264,5.077
662,1,"5,K","J,2,4,4",stand,10.0,lose,False,False,random-dfs,fixed,0.591,2.0,0.006,260,5.0
662,1,"5,K,4","J,2,4,5","double,stand",20.0,lose,False,False,random-dfs,fixed,0.591,3.0,0.01,260,5.0
662,1,"5,K,4","J,2,4,5","hit,stand",10.0,lose,False,False,random-dfs,fixed,0.591,3.0,0.01,260,5.0
662,1,"5,K,4,4","J,2,5","hit,hit",10.0,lose,False,True,random-dfs,fixed,0.591,3.0,0.01,260,5.0
663,1,"4,4,A","5,6,7","double,stand",20.0,win,False,False,random-dfs,fixed,0.6,3.0,0.01,256,4.923
663,1,"4,4,A,7,9","5,6,10","hit,hit,hit",10.0,lose,False,True,random-dfs,fixed,0.6,2.0,0.006,256,4.923
663,1,"4,4,A,7","5,6,9","hit,hit,stand",10.0,lose,False,False,random-dfs,fixed,0.6,3.0,0.01,256,4.923
663,1,"4,4,A","5,6,7","hit,stand",10.0,win,False,False,random-dfs,fixed,0.6,3.0,0.01,256,4.923
663,1,"4,4","5,6,A,7",stand,10.0,lose,False,False,random-dfs,fixed,0.6,3.0,0.01,256,4.923
664,1,"A,7","9,10",stand,10.0,lose,False,False,random-dfs,fixed,1.422,-2.0,-0.006,252,4.846
664,1,"A,7,2","9,10","hit,stand",10.0,win,False,False,random-dfs,fixed,1.422,-1.0,-0.003,252,4.846
664,1,"A,7,2,J,J","9,10","hit,hit,hit",10.0,lose,False,True,random-dfs,fixed,1.422,-3.0,-0.01,252,4.846
664,1,"A,7,2,J","9,10","hit,hit,stand",10.0,win,False,False,random-dfs,fixed,1.422,-2.0,-0.006,252,4.846
664,1,"A,7,2","9,10","double,stand",20.0,win,False,False,random-dfs,fixed,1.422,-1.0,-0.003,252,4.846
665,1,"2,J","J,10",stand,10.0,lose,False,False,random-dfs,fixed,1.032,-2.0,-0.006,248,4.769
665,1,"2,J,Q","J,10","double,stand",20.0,lose,False,True,random-dfs,fixed,1.032,-3.0,-0.01,248,4.769
665,1,"2,J,Q","J,10",hit,10.0,lose,False,True,random-dfs,fixed,1.032,-3.0,-0.01,248,4.769
666,1,"Q,8,K","6,10,7",hit,10.0,lose,False,True,random-dfs,fixed,0.629,-2.0,-0.006,244,4.692
666,1,"Q,8,K","6,10,7","double,stand",20.0,lose,False,True,random-dfs,fixed,0.629,-2.0,-0.006,244,4.692
666,1,"Q,8","6,10,K",stand,10.0,win,False,False,random-dfs,fixed,0.629,-2.0,-0.006,244,4.692
667,1,"K,7,9","8,A","double,stand",20.0,lose,False,True,random-dfs,fixed,0.426,-2.0,-0.006,240,4.615
667,1,"K,7,9","8,A",hit,10.0,lose,False,True,random-dfs,fixed,0.426,-2.0,-0.006,240,4.615
667,1,"K,7","8,A",stand,10.0,lose,False,False,random-dfs,fixed,0.426,-2.0,-0.006,240,4.615
668,1,"9,Q,3","J,2,10",hit,10.0,lose,False,True,random-dfs,fixed,0.0,-1.0,-0.003,236,4.538
668,1,"9,Q,3","J,2,10","double,stand",20.0,lose,False,True,random-dfs,fixed,0.0,-1.0,-0.003,236,4.538
668,1,"9,Q","J,2,3,10",stand,10.0,win,False,False,random-dfs,fixed,0.0,-1.0,-0.003,236,4.538
669,1,"3,10","A,10",stand,10.0,lose,False,False,random-dfs,fixed,-0.22,-2.0,-0.006,232,4.462
669,1,"3,10,3","A,10","double,stand",20.0,lose,False,False,random-dfs,fixed,-0.22,-1.0,-0.003,232,4.462
669,1,"3,10,3,Q","A,10","hit,hit",10.0,lose,False,True,random-dfs,fixed,-0.22,-2.0,-0.006,232,4.462
669,1,"3,10,3","A,10","hit,stand",10.0,lose,False,False,random-dfs,fixed,-0.22,-1.0,-0.003,232,4.462
670,1,"3,Q","7,Q",stand,10.0,lose,False,False,random-dfs,fixed,-0.672,-1.0,-0.003,228,4.385
670,1,"3,Q,5","7,Q","hit,stand",10.0,win,False,False,random-dfs,fixed,-0.672,0.0,0.0,228,4.385
670,1,"3,Q,5,K","7,Q","hit,hit",10.0,lose,False,True,random-dfs,fixed,-0.672,-1.0,-0.003,228,4.385
670,1,"3,Q,5","7,Q","double,stand",20.0,win,False,False,random-dfs,fixed,-0.672,0.0,0.0,228,4.385
671,1,"5,K,8","K,7","double,stand",20.0,lose,False,True,random-dfs,fixed,-0.912,-1.0,-0.003,224,4.308
671,1,"5,K","K,7",stand,10.0,lose,False,False,random-dfs,fixed,-0.912,-1.0,-0.003,224,4.308
671,1,"5,K,8","K,7",hit,10.0,lose,False,True,random-dfs,fixed,-0.912,-1.0,-0.003,224,4.308
672,1,"8,K","3,6,4,4",stand,10.0,win,False,False,random-dfs,fixed,-1.161,3.0,0.01,220,4.231
672,1,"8,K,4","3,6,4,K","double,stand",20.0,lose,False,True,random-dfs,fixed,-1.161,2.0,0.006,220,4.231
672,1,"8,K,4","3,6,4,K",hit,10.0,lose,False,True,random-dfs,fixed,-1.161,2.0,0.006,220,4.231
673,1,"4,4","K,6,7",stand,10.0,win,False,False,random-dfs,fixed,-0.945,2.0,0.006,216,4.154
673,1,"4,4,7","K,6,5","hit,stand",10.0,lose,False,False,random-dfs,fixed,-0.945,3.0,0.01,216,4.154
673,1,"4,4,7,5","K,6,8","hit,hit,stand",10.0,win,False,False,random-dfs,fixed,-0.945,3.0,0.01,216,4.154
673,1,"4,4,7,5,8","K,6,A","hit,hit,hit",10.0,lose,False,True,random-dfs,fixed,-0.945,2.0,0.006,216,4.154
673,1,"4,4,7","K,6,5","double,stand",20.0,lose,False,False,random-dfs,fixed,-0.945,3.0,0.01,216,4.154
674,1,"7,5,8","8,A","double,stand",20.0,win,False,False,random-dfs,fixed,-0.481,0.0,0.0,212,4.077
674,1,"7,5,8","8,A","hit,stand",10.0,win,False,False,random-dfs,fixed,-0.481,0.0,0.0,212,4.077
674,1,"7,5,8,5","8,A","hit,hit",10.0,lose,False,True,random-dfs,fixed,-0.481,1.0,0.003,212,4.077
674,1,"7,5","8,A",stand,10.0,lose,False,False,random-dfs,fixed,-0.481,0.0,0.0,212,4.077
675,1,"8,5,6","A,4,J,5","double,stand",20.0,lose,False,False,random-dfs,fixed,-0.491,2.0,0.006,208,4.0
675,1,"8,5","A,4,6",stand,10.0,lose,False,False,random-dfs,fixed,-0.491,2.0,0.006,208,4.0
675,1,"8,5,6,J","A,4,5","hit,hit",10.0,lose,False,True,random-dfs,fixed,-0.491,2.0,0.006,208,4.0
675,1,"8,5,6","A,4,J,5","hit,stand",10.0,lose,False,False,random-dfs,fixed,-0.491,2.0,0.006,208,4.0
676,1,"6,J,9","5,K,2","double,stand",20.0,lose,False,True,random-dfs,fixed,-0.25,1.0,0.003,204,3.923
676,1,"6,J,9","5,K,2",hit,10.0,lose,False,True,random-dfs,fixed,-0.25,1.0,0.003,204,3.923
676,1,"6,J","5,K,9",stand,10.0,win,False,False,random-dfs,fixed,-0.25,0.0,0.0,204,3.923
677,1,"9,2,8,A,8","7,3,2,7","hit,hit,hit",10.0,lose,False,True,random-dfs,fixed,-0.255,2.0,0.006,200,3.846
677,1,"9,2,8,A","7,3,8","hit,hit,stand",10.0,win,False,False,random-dfs,fixed,-0.255,1.0,0.003,200,3.846
677,1,"9,2,8","7,3,A","hit,stand",10.0,lose,False,False,random-dfs,fixed,-0.255,1.0,0.003,200,3.846
677,1,"9,2","7,3,8",stand,10.0,lose,False,False,random-dfs,fixed,-0.255,2.0,0.006,200,3.846
677,1,"9,2,8","7,3,A","double,stand",20.0,lose,False,False,random-dfs,fixed,-0.255,1.0,0.003,200,3.846
678,1,"8,A","8,2,7",stand,10.0,win,False,False,random-dfs,fixed,0.26,0.0,0.0,196,3.769
678,1,"8,A,7","8,2,8","hit,stand",10.0,lose,False,False,random-dfs,fixed,0.26,0.0,0.0,196,3.769
678,1,"8,A,7,8","8,2,K","hit,hit",10.0,lose,False,True,random-dfs,fixed,0.26,-1.0,-0.003,196,3.769
678,1,"8,A,7","8,2,8","double,stand",20.0,lose,False,False,random-dfs,fixed,0.26,0.0,0.0,196,3.769
679,1,"7,8,2,7","K,A","hit,hit",10.0,lose,False,True,random-dfs,fixed,0.265,-1.0,-0.003,192,3.692
679,1,"7,8,2","K,A","hit,stand",10.0,lose,False,False,random-dfs,fixed,0.265,-1.0,-0.003,192,3.692
679,1,"7,8,2","K,A","double,stand",20.0,lose,False,False,random-dfs,fixed,0.265,-1.0,-0.003,192,3.692
679,1,"7,8","K,A",stand,10.0,lose,False,False,random-dfs,fixed,0.265,-2.0,-0.006,192,3.692
680,1,"2,7,2,9","9,J","hit,hit,stand",10.0,win,False,False,random-dfs,fixed,-0.271,1.0,0.003,188,3.615
680,1,"2,7,2,9,5","9,J","hit,hit,hit",10.0,lose,False,True,random-dfs,fixed,-0.271,2.0,0.006,188,3.615
680,1,"2,7,2","9,J","hit,stand",10.0,lose,False,False,random-dfs,fixed,-0.271,1.0,0.003,188,3.615
680,1,"2,7","9,J",stand,10.0,lose,False,False,random-dfs,fixed,-0.271,0.0,0.0,188,3.615
680,1,"2,7,2","9,J","double,stand",20.0,lose,False,False,random-dfs,fixed,-0.271,1.0,0.003,188,3.615
681,1,"2,9,3,2","5,K,A,2","hit,hit,stand",10.0,lose,False,False,random-dfs,fixed,-0.277,3.0,0.01,184,3.538
681,1,"2,9,3,2,A","5,K,2","hit,hit,hit,stand",10.0,push,False,False,random-dfs,fixed,-0.277,3.0,0.01,184,3.538
681,1,"2,9,3,2,A,2,7","5,K,6","hit,hit,hit,hit,hit",10.0,lose,False,True,random-dfs,fixed,-0.277,4.0,0.013,184,3.538
681,1,"2,9,3,2,A,2","5,K,7","hit,hit,hit,hit,stand",10.0,win,False,False,random-dfs,fixed,-0.277,3.0,0.01,184,3.538
681,1,"2,9,3","5,K,2","hit,stand",10.0,lose,False,False,random-dfs,fixed,-0.277,3.0,0.01,184,3.538
681,1,"2,9,3","5,K,2","double,stand",20.0,lose,False,False,random-dfs,fixed,-0.277,3.0,0.01,184,3.538
681,1,"2,9","5,K,3",stand,10.0,lose,False,False,random-dfs,fixed,-0.277,2.0,0.006,184,3.538
682,1,"3,2,7","A,2,6","hit,stand",10.0,lose,False,False,random-dfs,fixed,0.0,3.0,0.01,180,3.462
682,1,"3,2,7,6","A,2,J,2,A,Q","hit,hit,stand",10.0,win,False,False,random-dfs,fixed,0.0,1.0,0.003,180,3.462
682,1,"3,2,7,6,J","A,2,2,A,Q,8","hit,hit,hit",10.0,lose,False,True,random-dfs,fixed,0.0,1.0,0.003,180,3.462
682,1,"3,2","A,2,7",stand,10.0,lose,False,False,random-dfs,fixed,0.0,2.0,0.006,180,3.462
682,1,"3,2,7","A,2,6","double,stand",20.0,lose,False,False,random-dfs,fixed,0.0,3.0,0.01,180,3.462
683,1,"7,6,A","J,2,Q","double,stand",20.0,win,False,False,random-dfs,fixed,0.578,-1.0,-0.003,176,3.385
683,1,"7,6","J,2,A,Q",stand,10.0,win,False,False,random-dfs,fixed,0.578,-1.0,-0.003,176,3.385
683,1,"7,6,A","J,2,Q","hit,stand",10.0,win,False,False,random-dfs,fixed,0.578,-1.0,-0.003,176,3.385
683,1,"7,6,A,Q","J,2,8","hit,hit",10.0,lose,False,True,random-dfs,fixed,0.578,-1.0,-0.003,176,3.385
684,1,"A,Q","8,8,3",stand,10.0,win,True,False,random-dfs,fixed,0.886,-1.0,-0.003,172,3.308
685,1,"3,8,10","A,2,9,8","hit,stand",10.0,win,False,False,random-dfs,fixed,0.302,0.0,0.0,168,3.231
685,1,"3,8","A,2,10,9",stand,10.0,win,False,False,random-dfs,fixed,0.302,0.0,0.0,168,3.231
685,1,"3,8,10","A,2,9,8","double,stand",20.0,win,False,False,random-dfs,fixed,0.302,0.0,0.0,168,3.231
686,1,"10,9,K","8,K","double,stand",20.0,lose,False,True,random-dfs,fixed,0.619,-3.0,-0.01,164,3.154
686,1,"10,9","8,K",stand,10.0,win,False,False,random-dfs,fixed,0.619,-2.0,-0.006,164,3.154
686,1,"10,9,K","8,K",hit,10.0,lose,False,True,random-dfs,fixed,0.619,-3.0,-0.01,164,3.154
687,1,"K,Q,8","A,A,10,Q",hit,10.0,lose,False,True,random-dfs,fixed,0.0,-6.0,-0.019,160,3.077
687,1,"K,Q,8","A,A,10,Q","double,stand",20.0,lose,False,True,random-dfs,fixed,0.0,-6.0,-0.019,160,3.077
687,1,"K,Q","A,A,8",stand,10.0,push,False,False,random-dfs,fixed,0.0,-4.0,-0.013,160,3.077
688,1,"8,10,3","Q,Q","hit,stand",10.0,win,False,False,random-dfs,fixed,-1.3,-2.0,-0.006,156,3.0
688,1,"8,10","Q,Q",stand,10.0,lose,False,False,random-dfs,fixed,-1.3,-3.0,-0.01,156,3.0
688,1,"8,10,3","Q,Q","double,stand",20.0,win,False,False,random-dfs,fixed,-1.3,-2.0,-0.006,156,3.0
689,1,"3,K,A","Q,9","double,stand",20.0,lose,False,False,random-dfs,fixed,-2.333,-2.0,-0.006,152,2.923
689,1,"3,K","Q,9",stand,10.0,lose,False,False,random-dfs,fixed,-2.333,-1.0,-0.003,152,2.923
689,1,"3,K,A,5,J","Q,9","hit,hit,hit",10.0,lose,False,True,random-dfs,fixed,-2.333,-2.0,-0.006,152,2.923
689,1,"3,K,A,5","Q,9","hit,hit,stand",10.0,push,False,False,random-dfs,fixed,-2.333,-1.0,-0.003,152,2.923
689,1,"3,K,A","Q,9","hit,stand",10.0,lose,False,False,random-dfs,fixed,-2.333,-2.0,-0.006,152,2.923
690,1,"A,5,8,10","J,5,4","hit,hit",10.0,lose,False,True,random-dfs,fixed,-2.737,0.0,0.0,148,2.846
690,1,"A,5,8","J,5,10","hit,stand",10.0,win,False,False,random-dfs,fixed,-2.737,-1.0,-0.003,148,2.846
690,1,"A,5,8","J,5,10","double,stand",20.0,win,False,False,random-dfs,fixed,-2.737,-1.0,-0.003,148,2.846
690,1,"A,5","J,5,8",stand,10.0,win,False,False,random-dfs,fixed,-2.737,0.0,0.0,148,2.846
691,1,"8,10,4","4,J,Q",hit,10.0,lose,False,True,random-dfs,fixed,-2.811,-1.0,-0.003,144,2.769
691,1,"8,10,4","4,J,Q","double,stand",20.0,lose,False,True,random-dfs,fixed,-2.811,-1.0,-0.003,144,2.769
691,1,"8,10","4,J,4",stand,10.0,push,False,False,random-dfs,fixed,-2.811,0.0,0.0,144,2.769
692,1,"4,Q","5,5,Q",stand,10.0,lose,False,False,random-dfs,fixed,-3.25,1.0,0.003,140,2.692
692,1,"4,Q,Q","5,5,K","double,stand",20.0,lose,False,True,random-dfs,fixed,-3.25,0.0,0.0,140,2.692
692,1,"4,Q,Q","5,5,K",hit,10.0,lose,False,True,random-dfs,fixed,-3.25,0.0,0.0,140,2.692
693,1,"Q,K,5","A,J",hit,10.0,lose,False,True,random-dfs,fixed,-2.6,-3.0,-0.01,136,2.615
693,1,"Q,K","A,J",stand,10.0,lose,False,False,random-dfs,fixed,-2.6,-4.0,-0.013,136,2.615
693,1,"Q,K,5","A,J","double,stand",20.0,lose,False,True,random-dfs,fixed,-2.6,-3.0,-0.01,136,2.615
694,1,"5,J,6","A,9","double,stand",20.0,win,False,False,random-dfs,fixed,-4.206,0.0,0.0,132,2.538
694,1,"5,J","A,9",stand,10.0,lose,False,False,random-dfs,fixed,-4.206,-1.0,-0.003,132,2.538
694,1,"5,J,6","A,9","hit,stand",10.0,win,False,False,random-dfs,fixed,-4.206,0.0,0.0,132,2.538
695,1,"6,Q,10","8,9","double,stand",20.0,lose,False,True,random-dfs,fixed,-4.727,-1.0,-0.003,128,2.462
695,1,"6,Q","8,9",stand,10.0,lose,False,False,random-dfs,fixed,-4.727,0.0,0.0,128,2.462
695,1,"6,Q,10","8,9",hit,10.0,lose,False,True,random-dfs,fixed,-4.727,-1.0,-0.003,128,2.462
696,1,"10,J","K,2,A,9",stand,10.0,win,False,False,random-dfs,fixed,-4.875,-3.0,-0.01,124,2.385
696,1,"10,J,A","K,2,9","double,stand",20.0,push,False,False,random-dfs,fixed,-4.875,-3.0,-0.01,124,2.385
696,1,"10,J,A","K,2,9","hit,stand",10.0,push,False,False,random-dfs,fixed,-4.875,-3.0,-0.01,124,2.385
697,1,"A,9","6,9,8",stand,10.0,win,False,False,random-dfs,fixed,-5.871,0.0,0.0,120,2.308
697,1,"A,9,8","6,9,9","double,stand",20.0,win,False,False,random-dfs,fixed,-5.871,0.0,0.0,120,2.308
697,1,"A,9,8,9","6,9,8","hit,hit",10.0,lose,False,True,random-dfs,fixed,-5.871,0.0,0.0,120,2.308
697,1,"A,9,8","6,9,9","hit,stand",10.0,win,False,False,random-dfs,fixed,-5.871,0.0,0.0,120,2.308
698,1,"8,9,K","8,8,7","double,stand",20.0,lose,False,True,random-dfs,fixed,-6.067,-1.0,-0.003,116,2.231
698,1,"8,9","8,8,K",stand,10.0,win,False,False,random-dfs,fixed,-6.067,-1.0,-0.003,116,2.231
698,1,"8,9,K","8,8,7",hit,10.0,lose,False,True,random-dfs,fixed,-6.067,-1.0,-0.003,116,2.231
699,1,"K,7,4","J,4,K","hit,stand",10.0,win,False,False,random-dfs,fixed,-6.276,-1.0,-0.003,112,2.154
699,1,"K,7,4","J,4,K","double,stand",20.0,win,False,False,random-dfs,fixed,-6.276,-1.0,-0.003,112,2.154
699,1,"K,7","J,4,4",stand,10.0,lose,False,False,random-dfs,fixed,-6.276,0.0,0.0,112,2.154
700,1,"4,K","4,J,7",stand,10.0,lose,False,False,random-dfs,fixed,-6.964,0.0,0.0,108,2.077
700,1,"4,K,7","4,J,5","hit,stand",10.0,win,False,False,random-dfs,fixed,-6.964,1.0,0.003,108,2.077
700,1,"4,K,7","4,J,5","double,stand",20.0,win,False,False,random-dfs,fixed,-6.964,1.0,0.003,108,2.077
701,1,"7,5","2,5,9,10",stand,10.0,win,False,False,random-dfs,fixed,-7.222,2.0,0.006,104,2.0
701,1,"7,5,9","2,5,10","double,stand",20.0,win,False,False,random-dfs,fixed,-7.222,2.0,0.006,104,2.0
701,1,"7,5,9","2,5,10","hit,stand",10.0,win,False,False,random-dfs,fixed,-7.222,2.0,0.006,104,2.0
702,1,"9,10,8","8,6,J",hit,10.0,lose,False,True,random-dfs,fixed,-6.0,-1.0,-0.003,100,1.923
702,1,"9,10","8,6,8",stand,10.0,win,False,False,random-dfs,fixed,-6.0,0.0,0.0,100,1.923
702,1,"9,10,8","8,6,J","double,stand",20.0,lose,False,True,random-dfs,fixed,-6.0,-1.0,-0.003,100,1.923
703,1,"8,J,3","6,2,3,3,8","double,stand",20.0,win,False,False,random-dfs,fixed,-6.24,4.0,0.013,96,1.846
703,1,"8,J","6,2,3,3,3",stand,10.0,win,False,False,random-dfs,fixed,-6.24,4.0,0.013,96,1.846
703,1,"8,J,3","6,2,3,3,8","hit,stand",10.0,win,False,False,random-dfs,fixed,-6.24,4.0,0.013,96,1.846
704,1,"3,3","3,8,K",stand,10.0,lose,False,False,random-dfs,fixed,-5.958,2.0,0.006,92,1.769
704,1,"3,3,K","3,8,5,2","hit,stand",10.0,lose,False,False,random-dfs,fixed,-5.958,4.0,0.013,92,1.769
704,1,"3,3,K,5","3,8,2,9","hit,hit,stand",10.0,win,False,False,random-dfs,fixed,-5.958,4.0,0.013,92,1.769
704,1,"3,3,K","3,8,5,2","double,stand",20.0,lose,False,False,random-dfs,fixed,-5.958,4.0,0.013,92,1.769
705,1,"K,5,6","2,9,2,Q","double,stand",20.0,win,False,False,random-dfs,fixed,-4.522,2.0,0.006,88,1.692
705,1,"K,5,6","2,9,2,Q","hit,stand",10.0,win,False,False,random-dfs,fixed,-4.522,2.0,0.006,88,1.692
705,1,"K,5","2,9,6",stand,10.0,lose,False,False,random-dfs,fixed,-4.522,2.0,0.006,88,1.692
706,1,"6,2,Q","Q,6,2","double,stand",20.0,push,False,False,random-dfs,fixed,-4.136,2.0,0.006,84,1.615
706,1,"6,2,Q,2,3","Q,6,5","hit,hit,hit",10.0,lose,False,True,random-dfs,fixed,-4.136,4.0,0.013,84,1.615
706,1,"6,2,Q,2","Q,6,3","hit,hit,stand",10.0,win,False,False,random-dfs,fixed,-4.136,3.0,0.01,84,1.615
706,1,"6,2,Q","Q,6,2","hit,stand",10.0,push,False,False,random-dfs,fixed,-4.136,2.0,0.006,84,1.615
706,1,"6,2","Q,6,Q",stand,10.0,win,False,False,random-dfs,fixed,-4.136,1.0,0.003,84,1.615
707,1,"Q,2,6,5","3,5,Q","hit,hit",10.0,lose,False,True,random-dfs,fixed,-3.095,3.0,0.01,80,1.538
707,1,"Q,2,6","3,5,5,Q","hit,stand",10.0,win,False,False,random-dfs,fixed,-3.095,3.0,0.01,80,1.538
707,1,"Q,2","3,5,6,5",stand,10.0,lose,False,False,random-dfs,fixed,-3.095,4.0,0.013,80,1.538
707,1,"Q,2,6","3,5,5,Q","double,stand",20.0,win,False,False,random-dfs,fixed,-3.095,3.0,0.01,80,1.538
708,1,"6,5","Q,3,7",stand,10.0,lose,False,False,random-dfs,fixed,-1.95,2.0,0.006,76,1.462
708,1,"6,5,7,A,A,7","Q,3,7","hit,hit,hit,hit",10.0,lose,False,True,random-dfs,fixed,-1.95,0.0,0.0,76,1.462
708,1,"6,5,7,A,A","Q,3,7","hit,hit,hit,stand",10.0,push,False,False,random-dfs,fixed,-1.95,0.0,0.0,76,1.462
708,1,"6,5,7,A","Q,3,A,7","hit,hit,stand",10.0,lose,False,False,random-dfs,fixed,-1.95,0.0,0.0,76,1.462
708,1,"6,5,7","Q,3,A,A,7","hit,stand",10.0,win,False,False,random-dfs,fixed,-1.95,0.0,0.0,76,1.462
708,1,"6,5,7","Q,3,A,A,7","double,stand",20.0,win,False,False,random-dfs,fixed,-1.95,0.0,0.0,76,1.462
709,1,"4,3,Q","9,3,K","hit,stand",10.0,win,False,False,random-dfs,fixed,0.0,1.0,0.003,308,5.923
709,1,"4,3,Q,K","9,3,5","hit,hit",10.0,lose,False,True,random-dfs,fixed,0.0,2.0,0.006,308,5.923
709,1,"4,3,Q","9,3,K","double,stand",20.0,win,False,False,random-dfs,fixed,0.0,1.0,0.003,308,5.923
709,1,"4,3","9,3,Q",stand,10.0,win,False,False,random-dfs,fixed,0.0,2.0,0.006,308,5.923
710,1,"Q,K,8","5,K,A,K","double,stand",20.0,lose,False,True,random-dfs,fixed,0.506,-4.0,-0.013,304,5.846
710,1,"Q,K","5,K,8",stand,10.0,win,False,False,random-dfs,fixed,0.506,-2.0,-0.006,304,5.846
710,1,"Q,K,8","5,K,A,K",hit,10.0,lose,False,True,random-dfs,fixed,0.506,-4.0,-0.013,304,5.846
711,1,"8,A","K,2,A,10",stand,10.0,win,False,False,random-dfs,fixed,0.171,-3.0,-0.01,300,5.769
711,1,"8,A,A","K,2,10","double,stand",20.0,win,False,False,random-dfs,fixed,0.171,-3.0,-0.01,300,5.769
711,1,"8,A,A","K,2,10","hit,stand",10.0,win,False,False,random-dfs,fixed,0.171,-3.0,-0.01,300,5.769
711,1,"8,A,A,10","K,2,7","hit,hit,stand",10.0,win,False,False,random-dfs,fixed,0.171,-3.0,-0.01,300,5.769
711,1,"8,A,A,10,7","K,2,8","hit,hit,hit",10.0,lose,False,True,random-dfs,fixed,0.171,-3.0,-0.01,300,5.769
712,1,"A,10","7,8,10",stand,10.0,win,True,False,random-dfs,fixed,0.0,-3.0,-0.01,296,5.692
713,1,"10,Q,9","7,4,8",hit,10.0,lose,False,True,random-dfs,fixed,-0.351,-1.0,-0.003,292,5.615
713,1,"10,Q","7,4,9",stand,10.0,push,False,False,random-dfs,fixed,-0.351,-1.0,-0.003,292,5.615
713,1,"10,Q,9","7,4,8","double,stand",20.0,lose,False,True,random-dfs,fixed,-0.351,-1.0,-0.003,292,5.615
714,1,"9,8","4,Q,4",stand,10.0,lose,False,False,random-dfs,fixed,-0.534,1.0,0.003,288,5.538
714,1,"9,8,4","4,Q,K","hit,stand",10.0,win,False,False,random-dfs,fixed,-0.534,0.0,0.0,288,5.538
714,1,"9,8,4","4,Q,K","double,stand",20.0,win,False,False,random-dfs,fixed,-0.534,0.0,0.0,288,5.538
715,1,"4,K","K,K",stand,10.0,lose,False,False,random-dfs,fixed,-0.542,-2.0,-0.006,284,5.462
715,1,"4,K,J","K,K",hit,10.0,lose,False,True,random-dfs,fixed,-0.542,-3.0,-0.01,284,5.462
715,1,"4,K,J","K,K","double,stand",20.0,lose,False,True,random-dfs,fixed,-0.542,-3.0,-0.01,284,5.462
716,1,"J,8,7","3,J,6",hit,10.0,lose,False,True,random-dfs,fixed,-0.915,0.0,0.0,280,5.385
716,1,"J,8","3,J,7",stand,10.0,lose,False,False,random-dfs,fixed,-0.915,-1.0,-0.003,280,5.385
716,1,"J,8,7","3,J,6","double,stand",20.0,lose,False,True,random-dfs,fixed,-0.915,0.0,0.0,280,5.385
717,1,"7,6,8","3,9,10","double,stand",20.0,win,False,False,random-dfs,fixed,-1.114,1.0,0.003,276,5.308
717,1,"7,6,8","3,9,10","hit,stand",10.0,win,False,False,random-dfs,fixed,-1.114,1.0,0.003,276,5.308
717,1,"7,6","3,9,8",stand,10.0,lose,False,False,random-dfs,fixed,-1.114,2.0,0.006,276,5.308
718,1,"8,10","7,K",stand,10.0,win,False,False,random-dfs,fixed,-0.754,-2.0,-0.006,272,5.231
718,1,"8,10,J","7,K","double,stand",20.0,lose,False,True,random-dfs,fixed,-0.754,-3.0,-0.01,272,5.231
718,1,"8,10,J","7,K",hit,10.0,lose,False,True,random-dfs,fixed,-0.754,-3.0,-0.01,272,5.231
719,1,"J,Q,A","6,6,2,8","hit,stand",10.0,win,False,False,random-dfs,fixed,-1.147,0.0,0.0,268,5.154
719,1,"J,Q","6,6,A,2,8",stand,10.0,win,False,False,random-dfs,fixed,-1.147,0.0,0.0,268,5.154
719,1,"J,Q,A","6,6,2,8","double,stand",20.0,win,False,False,random-dfs,fixed,-1.147,0.0,0.0,268,5.154
720,1,"A,2","8,2,9",stand,10.0,lose,False,False,random-dfs,fixed,-1.164,1.0,0.003,264,5.077
720,1,"A,2,9","8,2,8","hit,stand",10.0,lose,False,False,random-dfs,fixed,-1.164,1.0,0.003,264,5.077
720,1,"A,2,9,8","8,2,8","hit,hit,stand",10.0,win,False,False,random-dfs,fixed,-1.164,1.0,0.003,264,5.077
720,1,"A,2,9,8,8","8,2,10","hit,hit,hit",10.0,lose,False,True,random-dfs,fixed,-1.164,0.0,0.0,264,5.077
720,1,"A,2,9","8,2,8","double,stand",20.0,lose,False,False,random-dfs,fixed,-1.164,1.0,0.003,264,5.077
721,1,"9,8","8,10",stand,10.0,lose,False,False,random-dfs,fixed,-0.985,-1.0,-0.003,260,5.0
721,1,"9,8,5","8,10","double,stand",20.0,lose,False,True,random-dfs,fixed,-0.985,0.0,0.0,260,5.0
721,1,"9,8,5","8,10",hit,10.0,lose,False,True,random-dfs,fixed,-0.985,0.0,0.0,260,5.0
722,1,"5,7","3,Q,J",stand,10.0,win,False,False,random-dfs,fixed,-1.2,0.0,0.0,256,4.923
722,1,"5,7,J","3,Q,2,5","double,stand",20.0,lose,False,True,random-dfs,fixed,-1.2,2.0,0.006,256,4.923
722,1,"5,7,J","3,Q,2,5",hit,10.0,lose,False,True,random-dfs,fixed,-1.2,2.0,0.006,256,4.923
723,1,"J,2,9","5,5,J","hit,stand",10.0,win,False,False,random-dfs,fixed,-1.016,1.0,0.003,252,4.846
723,1,"J,2","5,5,9",stand,10.0,lose,False,False,random-dfs,fixed,-1.016,2.0,0.006,252,4.846
723,1,"J,2,9","5,5,J","double,stand",20.0,win,False,False,random-dfs,fixed,-1.016,1.0,0.003,252,4.846
724,1,"9,J","9,7,9",stand,10.0,win,False,False,random-dfs,fixed,-0.619,-1.0,-0.003,248,4.769
724,1,"9,J,9","9,7,5","double,stand",20.0,lose,False,True,random-dfs,fixed,-0.619,0.0,0.0,248,4.769
724,1,"9,J,9","9,7,5",hit,10.0,lose,False,True,random-dfs,fixed,-0.619,0.0,0.0,248,4.769
725,1,"9,5,8","9,7,7","double,stand",20.0,lose,False,True,random-dfs,fixed,-0.839,1.0,0.003,244,4.692
725,1,"9,5","9,7,8",stand,10.0,win,False,False,random-dfs,fixed,-0.839,1.0,0.003,244,4.692
725,1,"9,5,8","9,7,7",hit,10.0,lose,False,True,random-dfs,fixed,-0.839,1.0,0.003,244,4.692
726,1,"8,7","8,5,3,2",stand,10.0,lose,False,False,random-dfs,fixed,-0.639,3.0,0.01,240,4.615
726,1,"8,7,3","8,5,2,K","hit,stand",10.0,win,False,False,random-dfs,fixed,-0.639,2.0,0.006,240,4.615
726,1,"8,7,3,2","8,5,K","hit,hit,stand",10.0,win,False,False,random-dfs,fixed,-0.639,2.0,0.006,240,4.615
726,1,"8,7,3,2,K","8,5,Q","hit,hit,hit",10.0,lose,False,True,random-dfs,fixed,-0.639,1.0,0.003,240,4.615
726,1,"8,7,3","8,5,2,K","double,stand",20.0,win,False,False,random-dfs,fixed,-0.639,2.0,0.006,240,4.615
727,1,"3,2","K,Q",stand,10.0,lose,False,False,random-dfs,fixed,-0.433,0.0,0.0,236,4.538
727,1,"3,2,9","K,Q","double,stand",20.0,lose,False,False,random-dfs,fixed,-0.433,0.0,0.0,236,4.538
727,1,"3,2,9","K,Q","hit,stand",10.0,lose,False,False,random-dfs,fixed,-0.433,0.0,0.0,236,4.538
727,1,"3,2,9,Q","K,Q","hit,hit",10.0,lose,False,True,random-dfs,fixed,-0.433,-1.0,-0.003,236,4.538
728,1,"9,Q","J,10",stand,10.0,lose,False,False,random-dfs,fixed,-0.441,-3.0,-0.01,232,4.462
728,1,"9,Q,Q","J,10",hit,10.0,lose,False,True,random-dfs,fixed,-0.441,-4.0,-0.013,232,4.462
728,1,"9,Q,Q","J,10","double,stand",20.0,lose,False,True,random-dfs,fixed,-0.441,-4.0,-0.013,232,4.462
729,1,"Q,4","4,8,J",stand,10.0,win,False,False,random-dfs,fixed,-1.121,0.0,0.0,228,4.385
729,1,"Q,4,J","4,8,6","double,stand",20.0,lose,False,True,random-dfs,fixed,-1.121,1.0,0.003,228,4.385
729,1,"Q,4,J","4,8,6",hit,10.0,lose,False,True,random-dfs,fixed,-1.121,1.0,0.003,228,4.385
730,1,"J,6","6,K,Q",stand,10.0,win,False,False,random-dfs,fixed,-0.912,-1.0,-0.003,224,4.308
730,1,"J,6,Q","6,K,4",hit,10.0,lose,False,True,random-dfs,fixed,-0.912,0.0,0.0,224,4.308
730,1,"J,6,Q","6,K,4","double,stand",20.0,lose,False,True,random-dfs,fixed,-0.912,0.0,0.0,224,4.308
731,1,"Q,4,K","A,Q","double,stand",20.0,lose,False,True,random-dfs,fixed,-0.929,-3.0,-0.01,220,4.231
731,1,"Q,4","A,Q",stand,10.0,lose,False,False,random-dfs,fixed,-0.929,-2.0,-0.006,220,4.231
731,1,"Q,4,K","A,Q",hit,10.0,lose,False,True,random-dfs,fixed,-0.929,-3.0,-0.01,220,4.231
732,1,"K,J","3,4,K",stand,10.0,win,False,False,random-dfs,fixed,-1.418,-1.0,-0.003,216,4.154
732,1,"K,J,K","3,4,Q",hit,10.0,lose,False,True,random-dfs,fixed,-1.418,-2.0,-0.006,216,4.154
732,1,"K,J,K","3,4,Q","double,stand",20.0,lose,False,True,random-dfs,fixed,-1.418,-2.0,-0.006,216,4.154
733,1,"K,Q,Q","5,10,2",hit,10.0,lose,False,True,random-dfs,fixed,-1.444,-2.0,-0.006,212,4.077
733,1,"K,Q,Q","5,10,2","double,stand",20.0,lose,False,True,random-dfs,fixed,-1.444,-2.0,-0.006,212,4.077
733,1,"K,Q","5,10,Q",stand,10.0,win,False,False,random-dfs,fixed,-1.444,-3.0,-0.01,212,4.077
734,1,"Q,2","5,7,9",stand,10.0,lose,False,False,random-dfs,fixed,-1.962,1.0,0.003,208,4.0
734,1,"Q,2,9","5,7,4,6","hit,stand",10.0,win,False,False,random-dfs,fixed,-1.962,3.0,0.01,208,4.0
734,1,"Q,2,9","5,7,4,6","double,stand",20.0,win,False,False,random-dfs,fixed,-1.962,3.0,0.01,208,4.0
735,1,"9,4,9","6,6,2,K",hit,10.0,lose,False,True,random-dfs,fixed,-1.75,3.0,0.01,204,3.923
735,1,"9,4","6,6,9",stand,10.0,lose,False,False,random-dfs,fixed,-1.75,3.0,0.01,204,3.923
735,1,"9,4,9","6,6,2,K","double,stand",20.0,lose,False,True,random-dfs,fixed,-1.75,3.0,0.01,204,3.923
736,1,"9,2,7,4","K,2,J","hit,hit",10.0,lose,False,True,random-dfs,fixed,-1.02,1.0,0.003,200,3.846
736,1,"9,2,7","K,2,4,J","hit,stand",10.0,win,False,False,random-dfs,fixed,-1.02,1.0,0.003,200,3.846
736,1,"9,2,7","K,2,4,J","double,stand",20.0,win,False,False,random-dfs,fixed,-1.02,1.0,0.003,200,3.846
736,1,"9,2","K,2,7",stand,10.0,lose,False,False,random-dfs,fixed,-1.02,1.0,0.003,200,3.846
737,1,"7,4","J,9",stand,10.0,lose,False,False,random-dfs,fixed,-0.78,0.0,0.0,196,3.769
737,1,"7,4,5","J,9","double,stand",20.0,lose,False,False,random-dfs,fixed,-0.78,1.0,0.003,196,3.769
737,1,"7,4,5","J,9","hit,stand",10.0,lose,False,False,random-dfs,fixed,-0.78,1.0,0.003,196,3.769
737,1,"7,4,5,6","J,9","hit,hit",10.0,lose,False,True,random-dfs,fixed,-0.78,2.0,0.006,196,3.769
738,1,"5,6","10,K",stand,10.0,lose,False,False,random-dfs,fixed,-0.796,0.0,0.0,192,3.692
738,1,"5,6,3,2","10,K","hit,hit,stand",10.0,lose,False,False,random-dfs,fixed,-0.796,2.0,0.006,192,3.692
738,1,"5,6,3,2,9","10,K","hit,hit,hit",10.0,lose,False,True,random-dfs,fixed,-0.796,2.0,0.006,192,3.692
738,1,"5,6,3","10,K","hit,stand",10.0,lose,False,False,random-dfs,fixed,-0.796,1.0,0.003,192,3.692
738,1,"5,6,3","10,K","double,stand",20.0,lose,False,False,random-dfs,fixed,-0.796,1.0,0.003,192,3.692
739,1,"3,2","9,A",stand,10.0,lose,False,False,random-dfs,fixed,-0.812,1.0,0.003,188,3.615
739,1,"3,2,9","9,A","hit,stand",10.0,lose,False,False,random-dfs,fixed,-0.812,1.0,0.003,188,3.615
739,1,"3,2,9,Q","9,A","hit,hit",10.0,lose,False,True,random-dfs,fixed,-0.812,0.0,0.0,188,3.615
739,1,"3,2,9","9,A","double,stand",20.0,lose,False,False,random-dfs,fixed,-0.812,1.0,0.003,188,3.615
740,1,"9,Q,8","3,5,7,A,7","double,stand",20.0,lose,False,True,random-dfs,fixed,-0.553,0.0,0.0,184,3.538
740,1,"9,Q,8","3,5,7,A,7",hit,10.0,lose,False,True,random-dfs,fixed,-0.553,0.0,0.0,184,3.538
740,1,"9,Q","3,5,8,7",stand,10.0,win,False,False,random-dfs,fixed,-0.553,1.0,0.003,184,3.538
741,1,"8,7","A,7",stand,10.0,lose,False,False,random-dfs,fixed,-0.283,-1.0,-0.003,180,3.462
741,1,"8,7,5","A,7","hit,stand",10.0,win,False,False,random-dfs,fixed,-0.283,0.0,0.0,180,3.462
741,1,"8,7,5,6","A,7","hit,hit",10.0,lose,False,True,random-dfs,fixed,-0.283,1.0,0.003,180,3.462
741,1,"8,7,5","A,7","double,stand",20.0,win,False,False,random-dfs,fixed,-0.283,0.0,0.0,180,3.462
742,1,"5,6,A,8","K,5,4","hit,hit,stand",10.0,win,False,False,random-dfs,fixed,-0.578,2.0,0.006,176,3.385
742,1,"5,6,A,8,4","K,5,J","hit,hit,hit",10.0,lose,False,True,random-dfs,fixed,-0.578,1.0,0.003,176,3.385
742,1,"5,6,A","K,5,8","hit,stand",10.0,win,False,False,random-dfs,fixed,-0.578,1.0,0.003,176,3.385
742,1,"5,6","K,5,A,8",stand,10.0,win,False,False,random-dfs,fixed,-0.578,1.0,0.003,176,3.385
742,1,"5,6,A","K,5,8","double,stand",20.0,win,False,False,random-dfs,fixed,-0.578,1.0,0.003,176,3.385
743,1,"A,8","4,J,2,A",stand,10.0,win,False,False,random-dfs,fixed,0.0,-1.0,-0.003,172,3.308
743,1,"A,8,2","4,J,A,4","hit,stand",10.0,win,False,False,random-dfs,fixed,0.0,0.0,0.0,172,3.308
743,1,"A,8,2","4,J,A,4","double,stand",20.0,win,False,False,random-dfs,fixed,0.0,0.0,0.0,172,3.308
744,1,"2,A","4,5,K",stand,10.0,lose,False,False,random-dfs,fixed,-0.302,1.0,0.003,168,3.231
744,1,"2,A,K","4,5,3,8","double,stand",20.0,lose,False,False,random-dfs,fixed,-0.302,2.0,0.006,168,3.231
744,1,"2,A,K","4,5,3,8","hit,stand",10.0,lose,False,False,random-dfs,fixed,-0.302,2.0,0.006,168,3.231
744,1,"2,A,K,3","4,5,8","hit,hit,stand",10.0,lose,False,False,random-dfs,fixed,-0.302,2.0,0.006,168,3.231
744,1,"2,A,K,3,8","4,5,3,3,10","hit,hit,hit",10.0,lose,False,True,random-dfs,fixed,-0.302,3.0,0.01,168,3.231
745,1,"K,3,3,10","8,3,J","hit,hit",10.0,lose,False,True,random-dfs,fixed,0.31,0.0,0.0,164,3.154
745,1,"K,3,3","8,3,10","hit,stand",10.0,lose,False,False,random-dfs,fixed,0.31,1.0,0.003,164,3.154
745,1,"K,3,3","8,3,10","double,stand",20.0,lose,False,False,random-dfs,fixed,0.31,1.0,0.003,164,3.154
745,1,"K,3","8,3,3,10",stand,10.0,win,False,False,random-dfs,fixed,0.31,1.0,0.003,164,3.154
746,1,"3,10,8","J,J","double,stand",20.0,win,False,False,random-dfs,fixed,0.634,-2.0,-0.006,160,3.077
746,1,"3,10,8","J,J","hit,stand",10.0,win,False,False,random-dfs,fixed,0.634,-2.0,-0.006,160,3.077
746,1,"3,10","J,J",stand,10.0,lose,False,False,random-dfs,fixed,0.634,-2.0,-0.006,160,3.077
747,1,"8,10","Q,10",stand,10.0,lose,False,False,random-dfs,fixed,0.0,-3.0,-0.01,156,3.0
747,1,"8,10,2","Q,10","double,stand",20.0,push,False,False,random-dfs,fixed,0.0,-2.0,-0.006,156,3.0
747,1,"8,10,2","Q,10","hit,stand",10.0,push,False,False,random-dfs,fixed,0.0,-2.0,-0.006,156,3.0
747,1,"8,10,2,5","Q,10","hit,hit",10.0,lose,False,True,random-dfs,fixed,0.0,-1.0,-0.003,156,3.0
748,1,"2,5,10,Q","5,2,J","hit,hit",10.0,lose,False,True,random-dfs,fixed,-1.0,1.0,0.003,152,2.923
748,1,"2,5,10","5,2,Q","hit,stand",10.0,push,False,False,random-dfs,fixed,-1.0,2.0,0.006,152,2.923
748,1,"2,5","5,2,10",stand,10.0,lose,False,False,random-dfs,fixed,-1.0,3.0,0.01,152,2.923
748,1,"2,5,10","5,2,Q","double,stand",20.0,push,False,False,random-dfs,fixed,-1.0,2.0,0.006,152,2.923
749,1,"10,Q,4","J,Q",hit,10.0,lose,False,True,random-dfs,fixed,0.342,-3.0,-0.01,148,2.846
749,1,"10,Q,4","J,Q","double,stand",20.0,lose,False,True,random-dfs,fixed,0.342,-3.0,-0.01,148,2.846
749,1,"10,Q","J,Q",stand,10.0,push,False,False,random-dfs,fixed,0.342,-4.0,-0.013,148,2.846
750,1,"4,A,10","7,9,A","hit,stand",10.0,lose,False,False,random-dfs,fixed,-1.054,-2.0,-0.006,144,2.769
750,1,"4,A,10,A","7,9,3","hit,hit,stand",10.0,lose,False,False,random-dfs,fixed,-1.054,-1.0,-0.003,144,2.769
750,1,"4,A,10,A,3","7,9,3","hit,hit,hit,stand",10.0,push,False,False,random-dfs,fixed,-1.054,0.0,0.0,144,2.769
750,1,"4,A,10,A,3,3","7,9,7","hit,hit,hit,hit",10.0,lose,False,True,random-dfs,fixed,-1.054,0.0,0.0,144,2.769
750,1,"4,A,10","7,9,A","double,stand",20.0,lose,False,False,random-dfs,fixed,-1.054,-2.0,-0.006,144,2.769
750,1,"4,A","7,9,10",stand,10.0,win,False,False,random-dfs,fixed,-1.054,-1.0,-0.003,144,2.769
751,1,"10,A","3,3,7,6",stand,10.0,win,True,False,random-dfs,fixed,-1.083,1.0,0.003,140,2.692
752,1,"7,6,3","K,A","hit,stand",10.0,lose,False,False,random-dfs,fixed,-1.114,0.0,0.0,136,2.615
752,1,"7,6,3,9","K,A","hit,hit",10.0,lose,False,True,random-dfs,fixed,-1.114,0.0,0.0,136,2.615
752,1,"7,6","K,A",stand,10.0,lose,False,False,random-dfs,fixed,-1.114,-1.0,-0.003,136,2.615
752,1,"7,6,3","K,A","double,stand",20.0,lose,False,False,random-dfs,fixed,-1.114,0.0,0.0,136,2.615
753,1,"3,9,J","8,8,10","double,stand",20.0,lose,False,True,random-dfs,fixed,-1.529,-1.0,-0.003,132,2.538
753,1,"3,9","8,8,J",stand,10.0,win,False,False,random-dfs,fixed,-1.529,0.0,0.0,132,2.538
753,1,"3,9,J","8,8,10",hit,10.0,lose,False,True,random-dfs,fixed,-1.529,-1.0,-0.003,132,2.538
754,1,"J,10,5","9,9","double,stand",20.0,lose,False,True,random-dfs,fixed,-1.182,-1.0,-0.003,128,2.462
754,1,"J,10","9,9",stand,10.0,win,False,False,random-dfs,fixed,-1.182,-2.0,-0.006,128,2.462
754,1,"J,10,5","9,9",hit,10.0,lose,False,True,random-dfs,fixed,-1.182,-1.0,-0.003,128,2.462
755,1,"5,2","6,4,7",stand,10.0,lose,False,False,random-dfs,fixed,-2.031,4.0,0.013,124,2.385
755,1,"5,2,7,A,J","6,4,7","hit,hit,hit",10.0,lose,False,True,random-dfs,fixed,-2.031,2.0,0.006,124,2.385
755,1,"5,2,7,A","6,4,J","hit,hit,stand",10.0,lose,False,False,random-dfs,fixed,-2.031,2.0,0.006,124,2.385
755,1,"5,2,7","6,4,A","hit,stand",10.0,lose,False,False,random-dfs,fixed,-2.031,3.0,0.01,124,2.385
755,1,"5,2,7","6,4,A","double,stand",20.0,lose,False,False,random-dfs,fixed,-2.031,3.0,0.01,124,2.385
756,1,"7,A,K","J,7","hit,stand",10.0,win,False,False,random-dfs,fixed,-0.419,-3.0,-0.01,120,2.308
756,1,"7,A,K,Q","J,7","hit,hit",10.0,lose,False,True,random-dfs,fixed,-0.419,-4.0,-0.013,120,2.308
756,1,"7,A","J,7",stand,10.0,win,False,False,random-dfs,fixed,-0.419,-2.0,-0.006,120,2.308
756,1,"7,A,K","J,7","double,stand",20.0,win,False,False,random-dfs,fixed,-0.419,-3.0,-0.01,120,2.308
757,1,"K,Q,9","7,2,K",hit,10.0,lose,False,True,random-dfs,fixed,-1.3,-2.0,-0.006,116,2.231
757,1,"K,Q","7,2,9",stand,10.0,win,False,False,random-dfs,fixed,-1.3,-1.0,-0.003,116,2.231
757,1,"K,Q,9","7,2,K","double,stand",20.0,lose,False,True,random-dfs,fixed,-1.3,-2.0,-0.006,116,2.231
758,1,"9,K,4","A,K","double,stand",20.0,lose,False,True,random-dfs,fixed,-1.793,-2.0,-0.006,112,2.154
758,1,"9,K","A,K",stand,10.0,lose,False,False,random-dfs,fixed,-1.793,-3.0,-0.01,112,2.154
758,1,"9,K,4","A,K",hit,10.0,lose,False,True,random-dfs,fixed,-1.793,-2.0,-0.006,112,2.154
759,1,"4,5,Q","6,A","hit,stand",10.0,win,False,False,random-dfs,fixed,-3.25,1.0,0.003,108,2.077
759,1,"4,5,Q,5","6,A","hit,hit",10.0,lose,False,True,random-dfs,fixed,-3.25,2.0,0.006,108,2.077
759,1,"4,5","6,A",stand,10.0,lose,False,False,random-dfs,fixed,-3.25,2.0,0.006,108,2.077
759,1,"4,5,Q","6,A","double,stand",20.0,win,False,False,random-dfs,fixed,-3.25,1.0,0.003,108,2.077
760,1,"Q,5,10","A,J",hit,10.0,lose,False,True,random-dfs,fixed,-2.407,-3.0,-0.01,104,2.0
760,1,"Q,5,10","A,J","double,stand",20.0,lose,False,True,random-dfs,fixed,-2.407,-3.0,-0.01,104,2.0
760,1,"Q,5","A,J",stand,10.0,lose,False,False,random-dfs,fixed,-2.407,-2.0,-0.006,104,2.0
761,1,"10,8,6","A,A,9","double,stand",20.0,lose,False,True,random-dfs,fixed,-3.5,-2.0,-0.006,100,1.923
761,1,"10,8","A,A,6",stand,10.0,push,False,False,random-dfs,fixed,-3.5,-2.0,-0.006,100,1.923
761,1,"10,8,6","A,A,9",hit,10.0,lose,False,True,random-dfs,fixed,-3.5,-2.0,-0.006,100,1.923
762,1,"6,9,9","6,J,8","double,stand",20.0,lose,False,True,random-dfs,fixed,-5.2,1.0,0.003,96,1.846
762,1,"6,9,9","6,J,8",hit,10.0,lose,False,True,random-dfs,fixed,-5.2,1.0,0.003,96,1.846
762,1,"6,9","6,J,9",stand,10.0,win,False,False,random-dfs,fixed,-5.2,1.0,0.003,96,1.846
763,1,"9,8,2","6,6,4,A","double,stand",20.0,win,False,False,random-dfs,fixed,-4.875,3.0,0.01,92,1.769
763,1,"9,8","6,6,2,4",stand,10.0,lose,False,False,random-dfs,fixed,-4.875,4.0,0.013,92,1.769
763,1,"9,8,2,4","6,6,A,Q","hit,hit",10.0,lose,False,True,random-dfs,fixed,-4.875,2.0,0.006,92,1.769
763,1,"9,8,2","6,6,4,A","hit,stand",10.0,win,False,False,random-dfs,fixed,-4.875,3.0,0.01,92,1.769
764,1,"2,4","A,Q",stand,10.0,lose,False,False,random-dfs,fixed,-3.957,0.0,0.0,88,1.692
764,1,"2,4,A,Q,K","A,Q","hit,hit,hit",10.0,lose,False,True,random-dfs,fixed,-3.957,-3.0,-0.01,88,1.692
764,1,"2,4,A,Q","A,Q","hit,hit,stand",10.0,lose,False,False,random-dfs,fixed,-3.957,-2.0,-0.006,88,1.692
764,1,"2,4,A","A,Q","hit,stand",10.0,lose,False,False,random-dfs,fixed,-3.957,-1.0,-0.003,88,1.692
764,1,"2,4,A","A,Q","double,stand",20.0,lose,False,False,random-dfs,fixed,-3.957,-1.0,-0.003,88,1.692
765,1,"A,Q","K,4,10",stand,10.0,win,True,False,random-dfs,fixed,-4.136,-3.0,-0.01,84,1.615
766,1,"10,10,6","5,3,5,A,4","double,stand",20.0,lose,False,True,random-dfs,fixed,-5.571,2.0,0.006,80,1.538
766,1,"10,10","5,3,6,5",stand,10.0,win,False,False,random-dfs,fixed,-5.571,2.0,0.006,80,1.538
766,1,"10,10,6","5,3,5,A,4",hit,10.0,lose,False,True,random-dfs,fixed,-5.571,2.0,0.006,80,1.538
767,1,"6,5","A,4,5",stand,10.0,lose,False,False,random-dfs,fixed,-5.85,3.0,0.01,76,1.462
767,1,"6,5,5,9","A,4,10,3","hit,hit",10.0,lose,False,True,random-dfs,fixed,-5.85,3.0,0.01,76,1.462
767,1,"6,5,5","A,4,9,10","hit,stand",10.0,win,False,False,random-dfs,fixed,-5.85,2.0,0.006,76,1.462
767,1,"6,5,5","A,4,9,10","double,stand",20.0,win,False,False,random-dfs,fixed,-5.85,2.0,0.006,76,1.462
768,1,"A,A","4,2,9,K",stand,10.0,win,False,False,random-dfs,fixed,0.0,-1.0,-0.003,308,5.923
768,1,"A,A,9","4,2,K,9","hit,stand",10.0,win,False,False,random-dfs,fixed,0.0,-1.0,-0.003,308,5.923
768,1,"A,A,9","4,2,K,9","double,stand",20.0,win,False,False,random-dfs,fixed,0.0,-1.0,-0.003,308,5.923
769,1,"9,K","9,Q",stand,10.0,push,False,False,random-dfs,fixed,0.0,-2.0,-0.006,304,5.846
769,1,"9,K,8","9,Q",hit,10.0,lose,False,True,random-dfs,fixed,0.0,-2.0,-0.006,304,5.846
769,1,"9,K,8","9,Q","double,stand",20.0,lose,False,True,random-dfs,fixed,0.0,-2.0,-0.006,304,5.846
770,1,"8,Q","7,A",stand,10.0,push,False,False,random-dfs,fixed,-0.342,-2.0,-0.006,300,5.769
770,1,"8,Q,6","7,A",hit,10.0,lose,False,True,random-dfs,fixed,-0.342,-1.0,-0.003,300,5.769
770,1,"8,Q,6","7,A","double,stand",20.0,lose,False,True,random-dfs,fixed,-0.342,-1.0,-0.003,300,5.769
771,1,"6,2,5","9,J","double,stand",20.0,lose,False,False,random-dfs,fixed,-0.693,2.0,0.006,296,5.692
771,1,"6,2","9,J",stand,10.0,lose,False,False,random-dfs,fixed,-0.693,1.0,0.003,296,5.692
771,1,"6,2,5","9,J","hit,stand",10.0,lose,False,False,random-dfs,fixed,-0.693,2.0,0.006,296,5.692
771,1,"6,2,5,Q","9,J","hit,hit",10.0,lose,False,True,random-dfs,fixed,-0.693,1.0,0.003,296,5.692
772,1,"5,Q","10,6,3",stand,10.0,lose,False,False,random-dfs,fixed,-0.527,1.0,0.003,292,5.615
772,1,"5,Q,3","10,6,4","double,stand",20.0,lose,False,False,random-dfs,fixed,-0.527,2.0,0.006,292,5.615
772,1,"5,Q,3","10,6,4","hit,stand",10.0,lose,False,False,random-dfs,fixed,-0.527,2.0,0.006,292,5.615
772,1,"5,Q,3,4","10,6,8","hit,hit",10.0,lose,False,True,random-dfs,fixed,-0.527,2.0,0.006,292,5.615
773,1,"3,4","8,A",stand,10.0,lose,False,False,random-dfs,fixed,-0.534,1.0,0.003,288,5.538
773,1,"3,4,Q,7","8,A","hit,hit",10.0,lose,False,True,random-dfs,fixed,-0.534,0.0,0.0,288,5.538
773,1,"3,4,Q","8,A","hit,stand",10.0,lose,False,False,random-dfs,fixed,-0.534,0.0,0.0,288,5.538
773,1,"3,4,Q","8,A","double,stand",20.0,lose,False,False,random-dfs,fixed,-0.534,0.0,0.0,288,5.538
774,1,"Q,7,5","A,K",hit,10.0,lose,False,True,random-dfs,fixed,-0.361,-2.0,-0.006,284,5.462
774,1,"Q,7","A,K",stand,10.0,lose,False,False,random-dfs,fixed,-0.361,-3.0,-0.01,284,5.462
774,1,"Q,7,5","A,K","double,stand",20.0,lose,False,True,random-dfs,fixed,-0.361,-2.0,-0.006,284,5.462
775,1,"5,6,6","2,10,K","double,stand",20.0,win,False,False,random-dfs,fixed,-0.915,2.0,0.006,280,5.385
775,1,"5,6","2,10,6",stand,10.0,lose,False,False,random-dfs,fixed,-0.915,3.0,0.01,280,5.385
775,1,"5,6,6,K","2,10,9","hit,hit",10.0,lose,False,True,random-dfs,fixed,-0.915,2.0,0.006,280,5.385
775,1,"5,6,6","2,10,K","hit,stand",10.0,win,False,False,random-dfs,fixed,-0.915,2.0,0.006,280,5.385
776,1,"6,K,6","9,3,3,3","double,stand",20.0,lose,False,True,random-dfs,fixed,-0.557,4.0,0.013,276,5.308
776,1,"6,K","9,3,6",stand,10.0,lose,False,False,random-dfs,fixed,-0.557,2.0,0.006,276,5.308
776,1,"6,K,6","9,3,3,3",hit,10.0,lose,False,True,random-dfs,fixed,-0.557,4.0,0.013,276,5.308
777,1,"6,3","3,9,3,4",stand,10.0,lose,False,False,random-dfs,fixed,-0.377,5.0,0.016,272,5.231
777,1,"6,3,3","3,9,4,7","double,stand",20.0,win,False,False,random-dfs,fixed,-0.377,5.0,0.016,272,5.231
777,1,"6,3,3,4,7","3,9,9","hit,hit,hit",10.0,lose,False,True,random-dfs,fixed,-0.377,5.0,0.016,272,5.231
777,1,"6,3,3,4","3,9,7","hit,hit,stand",10.0,lose,False,False,random-dfs,fixed,-0.377,5.0,0.016,272,5.231
777,1,"6,3,3","3,9,4,7","hit,stand",10.0,win,False,False,random-dfs,fixed,-0.377,5.0,0.016,272,5.231
778,1,"3,4,Q,Q","7,9,2","hit,hit",10.0,lose,False,True,random-dfs,fixed,0.191,1.0,0.003,268,5.154
778,1,"3,4,Q","7,9,Q","hit,stand",10.0,win,False,False,random-dfs,fixed,0.191,0.0,0.0,268,5.154
778,1,"3,4,Q","7,9,Q","double,stand",20.0,win,False,False,random-dfs,fixed,0.191,0.0,0.0,268,5.154
778,1,"3,4","7,9,Q",stand,10.0,win,False,False,random-dfs,fixed,0.191,1.0,0.003,268,5.154
779,1,"Q,Q,K","2,8,A","double,stand",20.0,lose,False,True,random-dfs,fixed,0.582,-3.0,-0.01,264,5.077
779,1,"Q,Q","2,8,K",stand,10.0,push,False,False,random-dfs,fixed,0.582,-2.0,-0.006,264,5.077
779,1,"Q,Q,K","2,8,A",hit,10.0,lose,False,True,random-dfs,fixed,0.582,-3.0,-0.01,264,5.077
780,1,"K,A","Q,8",stand,10.0,win,True,False,random-dfs,fixed,0.394,-3.0,-0.01,260,5.0
781,1,"Q,J,K","10,3,7",hit,10.0,lose,False,True,random-dfs,fixed,-0.2,-3.0,-0.01,256,4.923
781,1,"Q,J,K","10,3,7","double,stand",20.0,lose,False,True,random-dfs,fixed,-0.2,-3.0,-0.01,256,4.923
781,1,"Q,J","10,3,K",stand,10.0,win,False,False,random-dfs,fixed,-0.2,-3.0,-0.01,256,4.923
782,1,"K,7,4","K,A","hit,stand",10.0,push,False,False,random-dfs,fixed,-0.609,-2.0,-0.006,252,4.846
782,1,"K,7","K,A",stand,10.0,lose,False,False,random-dfs,fixed,-0.609,-3.0,-0.01,252,4.846
782,1,"K,7,4","K,A","double,stand",20.0,push,False,False,random-dfs,fixed,-0.609,-2.0,-0.006,252,4.846
783,1,"4,A","Q,8",stand,10.0,lose,False,False,random-dfs,fixed,-1.238,-1.0,-0.003,248,4.769
783,1,"4,A,7","Q,8","hit,stand",10.0,lose,False,False,random-dfs,fixed,-1.238,-1.0,-0.003,248,4.769
783,1,"4,A,7,9","Q,8","hit,hit,stand",10.0,win,False,False,random-dfs,fixed,-1.238,-1.0,-0.003,248,4.769
783,1,"4,A,7","Q,8","double,stand",20.0,lose,False,False,random-dfs,fixed,-1.238,-1.0,-0.003,248,4.769
784,1,"7,9,5","3,2,K,6","double,stand",20.0,push,False,False,random-dfs,fixed,-1.468,3.0,0.01,244,4.692
784,1,"7,9,5","3,2,K,6","hit,stand",10.0,push,False,False,random-dfs,fixed,-1.468,3.0,0.01,244,4.692
784,1,"7,9","3,2,5,K",stand,10.0,lose,False,False,random-dfs,fixed,-1.468,2.0,0.006,244,4.692
785,1,"5,K,7","6,J,4","double,stand",20.0,lose,False,True,random-dfs,fixed,-1.066,1.0,0.003,240,4.615
785,1,"5,K,7","6,J,4",hit,10.0,lose,False,True,random-dfs,fixed,-1.066,1.0,0.003,240,4.615
785,1,"5,K","6,J,7",stand,10.0,win,False,False,random-dfs,fixed,-1.066,0.0,0.0,240,4.615
786,1,"7,4,6","4,K,9","double,stand",20.0,win,False,False,random-dfs,fixed,-1.083,2.0,0.006,236,4.538
786,1,"7,4","4,K,6",stand,10.0,lose,False,False,random-dfs,fixed,-1.083,2.0,0.006,236,4.538
786,1,"7,4,6,9","4,K,7","hit,hit",10.0,lose,False,True,random-dfs,fixed,-1.083,2.0,0.006,236,4.538
786,1,"7,4,6","4,K,9","hit,stand",10.0,win,False,False,random-dfs,fixed,-1.083,2.0,0.006,236,4.538
787,1,"6,9","7,J",stand,10.0,lose,False,False,random-dfs,fixed,-0.881,0.0,0.0,232,4.462
787,1,"6,9,5","7,J","double,stand",20.0,win,False,False,random-dfs,fixed,-0.881,1.0,0.003,232,4.462
787,1,"6,9,5,10","7,J","hit,hit",10.0,lose,False,True,random-dfs,fixed,-0.881,0.0,0.0,232,4.462
787,1,"6,9,5","7,J","hit,stand",10.0,win,False,False,random-dfs,fixed,-0.881,1.0,0.003,232,4.462
788,1,"5,10","9,4,9",stand,10.0,win,False,False,random-dfs,fixed,-0.897,1.0,0.003,228,4.385
788,1,"5,10,9","9,4,6",hit,10.0,lose,False,True,random-dfs,fixed,-0.897,2.0,0.006,228,4.385
788,1,"5,10,9","9,4,6","double,stand",20.0,lose,False,True,random-dfs,fixed,-0.897,2.0,0.006,228,4.385
789,1,"9,6","A,A,J,6",stand,10.0,lose,False,False,random-dfs,fixed,-0.684,-1.0,-0.003,224,4.308
789,1,"9,6,J","A,A,6","double,stand",20.0,lose,False,True,random-dfs,fixed,-0.684,-1.0,-0.003,224,4.308
789,1,"9,6,J","A,A,6",hit,10.0,lose,False,True,random-dfs,fixed,-0.684,-1.0,-0.003,224,4.308
790,1,"J,6","K,6,2",stand,10.0,lose,False,False,random-dfs,fixed,-0.929,1.0,0.003,220,4.231
790,1,"J,6,2","K,6,K","double,stand",20.0,win,False,False,random-dfs,fixed,-0.929,0.0,0.0,220,4.231
790,1,"J,6,2,K","K,6,Q","hit,hit",10.0,lose,False,True,random-dfs,fixed,-0.929,-1.0,-0.003,220,4.231
790,1,"J,6,2","K,6,K","hit,stand",10.0,win,False,False,random-dfs,fixed,-0.929,0.0,0.0,220,4.231
791,1,"2,K,J","Q,J",hit,10.0,lose,False,True,random-dfs,fixed,-0.945,-3.0,-0.01,216,4.154
791,1,"2,K","Q,J",stand,10.0,lose,False,False,random-dfs,fixed,-0.945,-2.0,-0.006,216,4.154
791,1,"2,K,J","Q,J","double,stand",20.0,lose,False,True,random-dfs,fixed,-0.945,-3.0,-0.01,216,4.154
792,1,"J,2","2,3,6,4,10",stand,10.0,win,False,False,random-dfs,fixed,-1.444,3.0,0.01,212,4.077
792,1,"J,2,6","2,3,4,10","hit,stand",10.0,lose,False,False,random-dfs,fixed,-1.444,3.0,0.01,212,4.077
792,1,"J,2,6,4","2,3,10,7","hit,hit",10.0,lose,False,True,random-dfs,fixed,-1.444,3.0,0.01,212,4.077
792,1,"J,2,6","2,3,4,10","double,stand",20.0,lose,False,False,random-dfs,fixed,-1.444,3.0,0.01,212,4.077
793,1,"6,4,10,K","10,7","hit,hit",10.0,lose,False,True,random-dfs,fixed,-0.981,-1.0,-0.003,208,4.0
793,1,"6,4,10","10,7","hit,stand",10.0,win,False,False,random-dfs,fixed,-0.981,0.0,0.0,208,4.0
793,1,"6,4","10,7",stand,10.0,lose,False,False,random-dfs,fixed,-0.981,1.0,0.003,208,4.0
793,1,"6,4,10","10,7","double,stand",20.0,win,False,False,random-dfs,fixed,-0.981,0.0,0.0,208,4.0
794,1,"10,K,Q","6,8,6",hit,10.0,lose,False,True,random-dfs,fixed,-0.75,-1.0,-0.003,204,3.923
794,1,"10,K,Q","6,8,6","double,stand",20.0,lose,False,True,random-dfs,fixed,-0.75,-1.0,-0.003,204,3.923
794,1,"10,K","6,8,Q",stand,10.0,win,False,False,random-dfs,fixed,-0.75,-2.0,-0.006,204,3.923
795,1,"Q,6","9,A",stand,10.0,lose,False,False,random-dfs,fixed,-1.02,-1.0,-0.003,200,3.846
795,1,"Q,6,3","9,A","double,stand",20.0,lose,False,False,random-dfs,fixed,-1.02,0.0,0.0,200,3.846
795,1,"Q,6,3","9,A","hit,stand",10.0,lose,False,False,random-dfs,fixed,-1.02,0.0,0.0,200,3.846
795,1,"Q,6,3,Q","9,A","hit,hit",10.0,lose,False,True,random-dfs,fixed,-1.02,-1.0,-0.003,200,3.846
796,1,"3,Q,10","6,A",hit,10.0,lose,False,True,random-dfs,fixed,-1.3,-1.0,-0.003,196,3.769
796,1,"3,Q","6,A",stand,10.0,lose,False,False,random-dfs,fixed,-1.3,0.0,0.0,196,3.769
796,1,"3,Q,10","6,A","double,stand",20.0,lose,False,True,random-dfs,fixed,-1.3,-1.0,-0.003,196,3.769
797,1,"10,8","7,Q",stand,10.0,win,False,False,random-dfs,fixed,-1.327,-2.0,-0.006,192,3.692
797,1,"10,8,K","7,Q","double,stand",20.0,lose,False,True,random-dfs,fixed,-1.327,-3.0,-0.01,192,3.692
797,1,"10,8,K","7,Q",hit,10.0,lose,False,True,random-dfs,fixed,-1.327,-3.0,-0.01,192,3.692
798,1,"K,7","2,5,Q",stand,10.0,push,False,False,random-dfs,fixed,-1.896,0.0,0.0,188,3.615
798,1,"K,7,Q","2,5,2,3,5",hit,10.0,lose,False,True,random-dfs,fixed,-1.896,3.0,0.01,188,3.615
798,1,"K,7,Q","2,5,2,3,5","double,stand",20.0,lose,False,True,random-dfs,fixed,-1.896,3.0,0.01,188,3.615
799,1,"Q,2","3,5,10",stand,10.0,lose,False,False,random-dfs,fixed,-1.66,1.0,0.003,184,3.538
799,1,"Q,2,10","3,5,4,J",hit,10.0,lose,False,True,random-dfs,fixed,-1.66,1.0,0.003,184,3.538
799,1,"Q,2,10","3,5,4,J","double,stand",20.0,lose,False,True,random-dfs,fixed,-1.66,1.0,0.003,184,3.538
800,1,"10,4","J,7",stand,10.0,lose,False,False,random-dfs,fixed,-1.13,-1.0,-0.003,180,3.462
800,1,"10,4,6","J,7","double,stand",20.0,win,False,False,random-dfs,fixed,-1.13,0.0,0.0,180,3.462
800,1,"10,4,6,A","J,7","hit,hit,stand",10.0,win,False,False,random-dfs,fixed,-1.13,-1.0,-0.003,180,3.462
800,1,"10,4,6","J,7","hit,stand",10.0,win,False,False,random-dfs,fixed,-1.13,0.0,0.0,180,3.462
801,1,"6,A,10","3,Q,10","hit,stand",10.0,win,False,False,random-dfs,fixed,-1.444,-2.0,-0.006,176,3.385
801,1,"6,A,10,10","3,Q,5","hit,hit",10.0,lose,False,True,random-dfs,fixed,-1.444,-1.0,-0.003,176,3.385
801,1,"6,A,10","3,Q,10","double,stand",20.0,win,False,False,random-dfs,fixed,-1.444,-2.0,-0.006,176,3.385
801,1,"6,A","3,Q,10",stand,10.0,win,False,False,random-dfs,fixed,-1.444,-1.0,-0.003,176,3.385
802,1,"10,10,J","5,7,6",hit,10.0,lose,False,True,random-dfs,fixed,-1.477,-1.0,-0.003,172,3.308
802,1,"10,10","5,7,J",stand,10.0,win,False,False,random-dfs,fixed,-1.477,-2.0,-0.006,172,3.308
802,1,"10,10,J","5,7,6","double,stand",20.0,lose,False,True,random-dfs,fixed,-1.477,-1.0,-0.003,172,3.308
803,1,"J,6,5","A,8","double,stand",20.0,win,False,False,random-dfs,fixed,-1.814,0.0,0.0,168,3.231
803,1,"J,6","A,8",stand,10.0,lose,False,False,random-dfs,fixed,-1.814,-1.0,-0.003,168,3.231
803,1,"J,6,5","A,8","hit,stand",10.0,win,False,False,random-dfs,fixed,-1.814,0.0,0.0,168,3.231
804,1,"5,5","3,5,K",stand,10.0,lose,False,False,random-dfs,fixed,-2.167,3.0,0.01,164,3.154
804,1,"5,5,K,4","3,5,7,9","hit,hit",10.0,lose,False,True,random-dfs,fixed,-2.167,4.0,0.013,164,3.154
804,1,"5,5,K","3,5,4,7","hit,stand",10.0,win,False,False,random-dfs,fixed,-2.167,4.0,0.013,164,3.154
804,1,"5,5,K","3,5,4,7","double,stand",20.0,win,False,False,random-dfs,fixed,-2.167,4.0,0.013,164,3.154
805,1,"K,4","7,9,10",stand,10.0,win,False,False,random-dfs,fixed,-0.951,-1.0,-0.003,160,3.077
805,1,"K,4,10","7,9,5","double,stand",20.0,lose,False,True,random-dfs,fixed,-0.951,0.0,0.0,160,3.077
805,1,"K,4,10","7,9,5",hit,10.0,lose,False,True,random-dfs,fixed,-0.951,0.0,0.0,160,3.077
806,1,"10,5","9,3,8",stand,10.0,lose,False,False,random-dfs,fixed,-0.975,1.0,0.003,156,3.0
806,1,"10,5,8","9,3,5",hit,10.0,lose,False,True,random-dfs,fixed,-0.975,2.0,0.006,156,3.0
806,1,"10,5,8","9,3,5","double,stand",20.0,lose,False,True,random-dfs,fixed,-0.975,2.0,0.006,156,3.0
807,1,"8,5,10","9,K",hit,10.0,lose,False,True,random-dfs,fixed,-0.667,-1.0,-0.003,152,2.923
807,1,"8,5,10","9,K","double,stand",20.0,lose,False,True,random-dfs,fixed,-0.667,-1.0,-0.003,152,2.923
807,1,"8,5","9,K",stand,10.0,lose,False,False,random-dfs,fixed,-0.667,0.0,0.0,152,2.923
808,1,"10,10,9","Q,2,8","double,stand",20.0,lose,False,True,random-dfs,fixed,-0.684,-2.0,-0.006,148,2.846
808,1,"10,10","Q,2,9",stand,10.0,lose,False,False,random-dfs,fixed,-0.684,-2.0,-0.006,148,2.846
808,1,"10,10,9","Q,2,8",hit,10.0,lose,False,True,random-dfs,fixed,-0.684,-2.0,-0.006,148,2.846
809,1,"9,8,2,K","2,2,K,Q","hit,hit",10.0,lose,False,True,random-dfs,fixed,-1.405,0.0,0.0,144,2.769
809,1,"9,8,2","2,2,K,K","hit,stand",10.0,win,False,False,random-dfs,fixed,-1.405,1.0,0.003,144,2.769
809,1,"9,8,2","2,2,K,K","double,stand",20.0,win,False,False,random-dfs,fixed,-1.405,1.0,0.003,144,2.769
809,1,"9,8","2,2,2,K,K",stand,10.0,win,False,False,random-dfs,fixed,-1.405,1.0,0.003,144,2.769
810,1,"2,K,9","K,Q","double,stand",20.0,win,False,False,random-dfs,fixed,-0.722,-2.0,-0.006,140,2.692
810,1,"2,K","K,Q",stand,10.0,lose,False,False,random-dfs,fixed,-0.722,-2.0,-0.006,140,2.692
810,1,"2,K,9","K,Q","hit,stand",10.0,win,False,False,random-dfs,fixed,-0.722,-2.0,-0.006,140,2.692
811,1,"9,5,6","Q,Q","double,stand",20.0,push,False,False,random-dfs,fixed,-1.486,0.0,0.0,136,2.615
811,1,"9,5","Q,Q",stand,10.0,lose,False,False,random-dfs,fixed,-1.486,-1.0,-0.003,136,2.615
811,1,"9,5,6,10","Q,Q","hit,hit",10.0,lose,False,True,random-dfs,fixed,-1.486,-1.0,-0.003,136,2.615
811,1,"9,5,6","Q,Q","hit,stand",10.0,push,False,False,random-dfs,fixed,-1.486,0.0,0.0,136,2.615
812,1,"6,10,4","8,4,2,6","double,stand",20.0,push,False,False,random-dfs,fixed,-1.912,4.0,0.013,132,2.538
812,1,"6,10","8,4,4,2",stand,10.0,lose,False,False,random-dfs,fixed,-1.912,3.0,0.01,132,2.538
812,1,"6,10,4,2","8,4,6","hit,hit",10.0,lose,False,True,random-dfs,fixed,-1.912,4.0,0.013,132,2.538
812,1,"6,10,4","8,4,2,6","hit,stand",10.0,push,False,False,random-dfs,fixed,-1.912,4.0,0.013,132,2.538
813,1,"4,2","6,6,5",stand,10.0,lose,False,False,random-dfs,fixed,-1.576,5.0,0.016,128,2.462
813,1,"4,2,5","6,6,9","double,stand",20.0,lose,False,False,random-dfs,fixed,-1.576,5.0,0.016,128,2.462
813,1,"4,2,5","6,6,9","hit,stand",10.0,lose,False,False,random-dfs,fixed,-1.576,5.0,0.016,128,2.462
813,1,"4,2,5,9,10","6,6,J","hit,hit,hit",10.0,lose,False,True,random-dfs,fixed,-1.576,3.0,0.01,128,2.462
813,1,"4,2,5,9","6,6,10","hit,hit,stand",10.0,win,False,False,random-dfs,fixed,-1.576,4.0,0.013,128,2.462
814,1,"5,9,9","10,J","double,stand",20.0,lose,False,True,random-dfs,fixed,0.0,-1.0,-0.003,124,2.385
814,1,"5,9,9","10,J",hit,10.0,lose,False,True,random-dfs,fixed,0.0,-1.0,-0.003,124,2.385
814,1,"5,9","10,J",stand,10.0,lose,False,False,random-dfs,fixed,0.0,-1.0,-0.003,124,2.385
815,1,"9,5,7","7,4,9","double,stand",20.0,win,False,False,random-dfs,fixed,-0.419,2.0,0.006,120,2.308
815,1,"9,5,7","7,4,9","hit,stand",10.0,win,False,False,random-dfs,fixed,-0.419,2.0,0.006,120,2.308
815,1,"9,5","7,4,7",stand,10.0,lose,False,False,random-dfs,fixed,-0.419,2.0,0.006,120,2.308
816,1,"7,9,A,7","3,J,Q","hit,hit",10.0,lose,False,True,random-dfs,fixed,0.433,-2.0,-0.006,116,2.231
816,1,"7,9,A","3,J,7","hit,stand",10.0,lose,False,False,random-dfs,fixed,0.433,-1.0,-0.003,116,2.231
816,1,"7,9,A","3,J,7","double,stand",20.0,lose,False,False,random-dfs,fixed,0.433,-1.0,-0.003,116,2.231
816,1,"7,9","3,J,A,7",stand,10.0,lose,False,False,random-dfs,fixed,0.433,-1.0,-0.003,116,2.231
817,1,"A,7,4","Q,6,8","double,stand",20.0,win,False,False,random-dfs,fixed,0.448,0.0,0.0,112,2.154
817,1,"A,7,4,8,Q","Q,6,2","hit,hit,hit",10.0,lose,False,True,random-dfs,fixed,0.448,0.0,0.0,112,2.154
817,1,"A,7,4,8","Q,6,Q","hit,hit,stand",10.0,win,False,False,random-dfs,fixed,0.448,-1.0,-0.003,112,2.154
817,1,"A,7,4","Q,6,8","hit,stand",10.0,win,False,False,random-dfs,fixed,0.448,0.0,0.0,112,2.154
817,1,"A,7","Q,6,4",stand,10.0,lose,False,False,random-dfs,fixed,0.448,0.0,0.0,112,2.154
818,1,"4,8","Q,2,2,7",stand,10.0,lose,False,False,random-dfs,fixed,0.0,2.0,0.006,108,2.077
818,1,"4,8,2","Q,2,7","hit,stand",10.0,lose,False,False,random-dfs,fixed,0.0,2.0,0.006,108,2.077
818,1,"4,8,2,7","Q,2,2,2,9","hit,hit,stand",10.0,win,False,False,random-dfs,fixed,0.0,4.0,0.013,108,2.077
818,1,"4,8,2","Q,2,7","double,stand",20.0,lose,False,False,random-dfs,fixed,0.0,2.0,0.006,108,2.077
819,1,"2,7,9,8","2,2,5,9","hit,hit",10.0,lose,False,True,random-dfs,fixed,0.481,4.0,0.013,104,2.0
819,1,"2,7,9","2,2,8,5","hit,stand",10.0,win,False,False,random-dfs,fixed,0.481,4.0,0.013,104,2.0
819,1,"2,7,9","2,2,8,5","double,stand",20.0,win,False,False,random-dfs,fixed,0.481,4.0,0.013,104,2.0
819,1,"2,7","2,2,9,8",stand,10.0,lose,False,False,random-dfs,fixed,0.481,3.0,0.01,104,2.0
820,1,"9,8,8","5,9,3","double,stand",20.0,lose,False,True,random-dfs,fixed,2.0,2.0,0.006,100,1.923
820,1,"9,8,8","5,9,3",hit,10.0,lose,False,True,random-dfs,fixed,2.0,2.0,0.006,100,1.923
820,1,"9,8","5,9,8",stand,10.0,win,False,False,random-dfs,fixed,2.0,1.0,0.003,100,1.923
821,1,"8,3,K","J,A","double,stand",20.0,push,False,False,random-dfs,fixed,2.6,-2.0,-0.006,96,1.846
821,1,"8,3,K","J,A","hit,stand",10.0,push,False,False,random-dfs,fixed,2.6,-2.0,-0.006,96,1.846
821,1,"8,3","J,A",stand,10.0,lose,False,False,random-dfs,fixed,2.6,-1.0,-0.003,96,1.846
822,1,"K,2,K","K,3,10","double,stand",20.0,lose,False,True,random-dfs,fixed,2.167,-2.0,-0.006,92,1.769
822,1,"K,2","K,3,K",stand,10.0,win,False,False,random-dfs,fixed,2.167,-1.0,-0.003,92,1.769
822,1,"K,2,K","K,3,10",hit,10.0,lose,False,True,random-dfs,fixed,2.167,-2.0,-0.006,92,1.769
823,1,"K,10,A","6,3,6,8","double,stand",20.0,win,False,False,random-dfs,fixed,2.261,0.0,0.0,88,1.692
823,1,"K,10,A","6,3,6,8","hit,stand",10.0,win,False,False,random-dfs,fixed,2.261,0.0,0.0,88,1.692
823,1,"K,10","6,3,A",stand,10.0,push,False,False,random-dfs,fixed,2.261,-1.0,-0.003,88,1.692
824,1,"A,6,3","8,K","double,stand",20.0,win,False,False,random-dfs,fixed,2.364,0.0,0.0,84,1.615
824,1,"A,6","8,K",stand,10.0,lose,False,False,random-dfs,fixed,2.364,-1.0,-0.003,84,1.615
824,1,"A,6,3,4,J","8,K","hit,hit,hit",10.0,lose,False,True,random-dfs,fixed,2.364,0.0,0.0,84,1.615
824,1,"A,6,3,4","8,K","hit,hit,stand",10.0,lose,False,False,random-dfs,fixed,2.364,1.0,0.003,84,1.615
824,1,"A,6,3","8,K","hit,stand",10.0,win,False,False,random-dfs,fixed,2.364,0.0,0.0,84,1.615
825,1,"3,4","J,4,4",stand,10.0,lose,False,False,random-dfs,fixed,1.857,3.0,0.01,80,1.538
825,1,"3,4,4,A,3,4,5","J,4,2,7","hit,hit,hit,hit,hit",10.0,lose,False,True,random-dfs,fixed,1.857,6.0,0.019,80,1.538
825,1,"3,4,4,A,3,4","J,4,5","hit,hit,hit,hit,stand",10.0,push,False,False,random-dfs,fixed,1.857,5.0,0.016,80,1.538
825,1,"3,4,4,A,3","J,4,4","hit,hit,hit,stand",10.0,lose,False,False,random-dfs,fixed,1.857,4.0,0.013,80,1.538
825,1,"3,4,4,A","J,4,3","hit,hit,stand",10.0,lose,False,False,random-dfs,fixed,1.857,3.0,0.01,80,1.538
825,1,"3,4,4","J,4,A,3","hit,stand",10.0,lose,False,False,random-dfs,fixed,1.857,3.0,0.01,80,1.538
825,1,"3,4,4","J,4,A,3","double,stand",20.0,lose,False,False,random-dfs,fixed,1.857,3.0,0.01,80,1.538
826,1,"4,A","3,4,5,2,7",stand,10.0,lose,False,False,random-dfs,fixed,3.25,4.0,0.013,76,1.462
826,1,"4,A,5","3,4,2,7,J","hit,stand",10.0,win,False,False,random-dfs,fixed,3.25,3.0,0.01,76,1.462
826,1,"4,A,5,2,7,J","3,4,4,7","hit,hit,hit,hit",10.0,lose,False,True,random-dfs,fixed,3.25,4.0,0.013,76,1.462
826,1,"4,A,5,2,7","3,4,J","hit,hit,hit,stand",10.0,win,False,False,random-dfs,fixed,3.25,3.0,0.01,76,1.462
826,1,"4,A,5,2","3,4,7,J","hit,hit,stand",10.0,win,False,False,random-dfs,fixed,3.25,3.0,0.01,76,1.462
826,1,"4,A,5","3,4,2,7,J","double,stand",20.0,win,False,False,random-dfs,fixed,3.25,3.0,0.01,76,1.462
827,1,"J,5,8","A,J","double,stand",20.0,lose,False,True,random-dfs,fixed,0.0,-2.0,-0.006,308,5.923
827,1,"J,5","A,J",stand,10.0,lose,False,False,random-dfs,fixed,0.0,-2.0,-0.006,308,5.923
827,1,"J,5,8","A,J",hit,10.0,lose,False,True,random-dfs,fixed,0.0,-2.0,-0.006,308,5.923
828,1,"8,9","10,K",stand,10.0,lose,False,False,random-dfs,fixed,-0.338,-2.0,-0.006,304,5.846
828,1,"8,9,9","10,K","double,stand",20.0,lose,False,True,random-dfs,fixed,-0.338,-2.0,-0.006,304,5.846
828,1,"8,9,9","10,K",hit,10.0,lose,False,True,random-dfs,fixed,-0.338,-2.0,-0.006,304,5.846
829,1,"9,7,8","2,J,5","double,stand",20.0,lose,False,True,random-dfs,fixed,-0.684,1.0,0.003,300,5.769
829,1,"9,7","2,J,8",stand,10.0,lose,False,False,random-dfs,fixed,-0.684,0.0,0.0,300,5.769
829,1,"9,7,8","2,J,5",hit,10.0,lose,False,True,random-dfs,fixed,-0.684,1.0,0.003,300,5.769
830,1,"8,5,4,2,K","A,J","hit,hit,hit",10.0,lose,False,True,random-dfs,fixed,-0.693,0.0,0.0,296,5.692
830,1,"8,5,4,2","A,J","hit,hit,stand",10.0,lose,False,False,random-dfs,fixed,-0.693,1.0,0.003,296,5.692
830,1,"8,5,4","A,J","hit,stand",10.0,lose,False,False,random-dfs,fixed,-0.693,0.0,0.0,296,5.692
830,1,"8,5","A,J",stand,10.0,lose,False,False,random-dfs,fixed,-0.693,-1.0,-0.003,296,5.692
830,1,"8,5,4","A,J","double,stand",20.0,lose,False,False,random-dfs,fixed,-0.693,0.0,0.0,296,5.692
831,1,"4,2,10,8","K,6,K","hit,hit",10.0,lose,False,True,random-dfs,fixed,-0.878,0.0,0.0,292,5.615
831,1,"4,2,10","K,6,8","hit,stand",10.0,win,False,False,random-dfs,fixed,-0.878,1.0,0.003,292,5.615
831,1,"4,2,10","K,6,8","double,stand",20.0,win,False,False,random-dfs,fixed,-0.878,1.0,0.003,292,5.615
831,1,"4,2","K,6,10",stand,10.0,win,False,False,random-dfs,fixed,-0.878,1.0,0.003,292,5.615
832,1,"10,8","K,Q",stand,10.0,lose,False,False,random-dfs,fixed,-0.534,-3.0,-0.01,288,5.538
832,1,"10,8,3","K,Q","double,stand",20.0,win,False,False,random-dfs,fixed,-0.534,-2.0,-0.006,288,5.538
832,1,"10,8,3","K,Q","hit,stand",10.0,win,False,False,random-dfs,fixed,-0.534,-2.0,-0.006,288,5.538
833,1,"3,5","K,K",stand,10.0,lose,False,False,random-dfs,fixed,-1.083,0.0,0.0,284,5.462
833,1,"3,5,10","K,K","hit,stand",10.0,lose,False,False,random-dfs,fixed,-1.083,-1.0,-0.003,284,5.462
833,1,"3,5,10,J","K,K","hit,hit",10.0,lose,False,True,random-dfs,fixed,-1.083,-2.0,-0.006,284,5.462
833,1,"3,5,10","K,K","double,stand",20.0,lose,False,False,random-dfs,fixed,-1.083,-1.0,-0.003,284,5.462
834,1,"10,J","7,7,3",stand,10.0,win,False,False,random-dfs,fixed,-1.099,-1.0,-0.003,280,5.385
834,1,"10,J,3","7,7,10","double,stand",20.0,lose,False,True,random-dfs,fixed,-1.099,-2.0,-0.006,280,5.385
834,1,"10,J,3","7,7,10",hit,10.0,lose,False,True,random-dfs,fixed,-1.099,-2.0,-0.006,280,5.385
835,1,"3,10,7","6,3,A","double,stand",20.0,push,False,False,random-dfs,fixed,-1.486,1.0,0.003,276,5.308
835,1,"3,10","6,3,7,A",stand,10.0,lose,False,False,random-dfs,fixed,-1.486,1.0,0.003,276,5.308
835,1,"3,10,7,A","6,3,9","hit,hit,stand",10.0,win,False,False,random-dfs,fixed,-1.486,1.0,0.003,276,5.308
835,1,"3,10,7","6,3,A","hit,stand",10.0,push,False,False,random-dfs,fixed,-1.486,1.0,0.003,276,5.308
836,1,"7,A","9,5,Q",stand,10.0,win,False,False,random-dfs,fixed,-1.13,-1.0,-0.003,272,5.231
836,1,"7,A,Q,J","9,5,7","hit,hit",10.0,lose,False,True,random-dfs,fixed,-1.13,-2.0,-0.006,272,5.231
836,1,"7,A,Q","9,5,J","hit,stand",10.0,win,False,False,random-dfs,fixed,-1.13,-2.0,-0.006,272,5.231
836,1,"7,A,Q","9,5,J","double,stand",20.0,win,False,False,random-dfs,fixed,-1.13,-2.0,-0.006,272,5.231
837,1,"Q,J,10","7,3,7",hit,10.0,lose,False,True,random-dfs,fixed,-1.147,-2.0,-0.006,268,5.154
837,1,"Q,J","7,3,10",stand,10.0,push,False,False,random-dfs,fixed,-1.147,-2.0,-0.006,268,5.154
837,1,"Q,J,10","7,3,7","double,stand",20.0,lose,False,True,random-dfs,fixed,-1.147,-2.0,-0.006,268,5.154
838,1,"10,7,2,3","J,5,J","hit,hit",10.0,lose,False,True,random-dfs,fixed,-1.358,0.0,0.0,264,5.077
838,1,"10,7,2","J,5,3","hit,stand",10.0,win,False,False,random-dfs,fixed,-1.358,1.0,0.003,264,5.077
838,1,"10,7","J,5,2",stand,10.0,push,False,False,random-dfs,fixed,-1.358,0.0,0.0,264,5.077
838,1,"10,7,2","J,5,3","double,stand",20.0,win,False,False,random-dfs,fixed,-1.358,1.0,0.003,264,5.077
839,1,"2,3,5,6","J,3,A,6","hit,hit,stand",10.0,lose,False,False,random-dfs,fixed,-1.576,4.0,0.013,260,5.0
839,1,"2,3,5,6,A,6","J,3,K","hit,hit,hit,hit",10.0,lose,False,True,random-dfs,fixed,-1.576,3.0,0.01,260,5.0
839,1,"2,3,5,6,A","J,3,6","hit,hit,hit,stand",10.0,lose,False,False,random-dfs,fixed,-1.576,4.0,0.013,260,5.0
839,1,"2,3,5","J,3,6","hit,stand",10.0,lose,False,False,random-dfs,fixed,-1.576,4.0,0.013,260,5.0
839,1,"2,3,5","J,3,6","double,stand",20.0,lose,False,False,random-dfs,fixed,-1.576,4.0,0.013,260,5.0
839,1,"2,3","J,3,5",stand,10.0,lose,False,False,random-dfs,fixed,-1.576,3.0,0.01,260,5.0
840,1,"5,6","A,6",stand,10.0,lose,False,False,random-dfs,fixed,-1.2,2.0,0.006,256,4.923
840,1,"5,6,K","A,6","double,stand",20.0,win,False,False,random-dfs,fixed,-1.2,1.0,0.003,256,4.923
840,1,"5,6,K","A,6","hit,stand",10.0,win,False,False,random-dfs,fixed,-1.2,1.0,0.003,256,4.923
841,1,"K,K,6","8,5,10",hit,10.0,lose,False,True,random-dfs,fixed,-0.812,-1.0,-0.003,252,4.846
841,1,"K,K,6","8,5,10","double,stand",20.0,lose,False,True,random-dfs,fixed,-0.812,-1.0,-0.003,252,4.846
841,1,"K,K","8,5,6",stand,10.0,win,False,False,random-dfs,fixed,-0.812,0.0,0.0,252,4.846
842,1,"6,10","4,7,4,K",stand,10.0,win,False,False,random-dfs,fixed,-1.032,1.0,0.003,248,4.769
842,1,"6,10,4","4,7,K","double,stand",20.0,lose,False,False,random-dfs,fixed,-1.032,1.0,0.003,248,4.769
842,1,"6,10,4","4,7,K","hit,stand",10.0,lose,False,False,random-dfs,fixed,-1.032,1.0,0.003,248,4.769
842,1,"6,10,4,K","4,7,8","hit,hit",10.0,lose,False,True,random-dfs,fixed,-1.032,1.0,0.003,248,4.769
843,1,"4,K,4","8,J","double,stand",20.0,push,False,False,random-dfs,fixed,-0.839,0.0,0.0,244,4.692
843,1,"4,K,4,9","8,J","hit,hit",10.0,lose,False,True,random-dfs,fixed,-0.839,0.0,0.0,244,4.692
843,1,"4,K,4","8,J","hit,stand",10.0,push,False,False,random-dfs,fixed,-0.839,0.0,0.0,244,4.692
843,1,"4,K","8,J",stand,10.0,lose,False,False,random-dfs,fixed,-0.839,-1.0,-0.003,244,4.692
844,1,"4,9","3,Q,J",stand,10.0,win,False,False,random-dfs,fixed,-1.066,0.0,0.0,240,4.615
844,1,"4,9,J","3,Q,2,J",hit,10.0,lose,False,True,random-dfs,fixed,-1.066,0.0,0.0,240,4.615
844,1,"4,9,J","3,Q,2,J","double,stand",20.0,lose,False,True,random-dfs,fixed,-1.066,0.0,0.0,240,4.615
845,1,"J,2","J,9",stand,10.0,lose,False,False,random-dfs,fixed,-0.867,-1.0,-0.003,236,4.538
845,1,"J,2,3,7","J,9","hit,hit",10.0,lose,False,True,random-dfs,fixed,-0.867,0.0,0.0,236,4.538
845,1,"J,2,3","J,9","hit,stand",10.0,lose,False,False,random-dfs,fixed,-0.867,0.0,0.0,236,4.538
845,1,"J,2,3","J,9","double,stand",20.0,lose,False,False,random-dfs,fixed,-0.867,0.0,0.0,236,4.538
846,1,"3,7","6,3,8",stand,10.0,lose,False,False,random-dfs,fixed,-1.102,3.0,0.01,232,4.462
846,1,"3,7,8","6,3,9","double,stand",20.0,push,False,False,random-dfs,fixed,-1.102,3.0,0.01,232,4.462
846,1,"3,7,8","6,3,9","hit,stand",10.0,push,False,False,random-dfs,fixed,-1.102,3.0,0.01,232,4.462
846,1,"3,7,8,9","6,3,2,Q","hit,hit",10.0,lose,False,True,random-dfs,fixed,-1.102,3.0,0.01,232,4.462
847,1,"8,9,J","2,Q,4,Q","double,stand",20.0,lose,False,True,random-dfs,fixed,-0.448,-1.0,-0.003,228,4.385
847,1,"8,9,J","2,Q,4,Q",hit,10.0,lose,False,True,random-dfs,fixed,-0.448,-1.0,-0.003,228,4.385
847,1,"8,9","2,Q,J",stand,10.0,win,False,False,random-dfs,fixed,-0.448,-1.0,-0.003,228,4.385
848,1,"J,4","Q,J",stand,10.0,lose,False,False,random-dfs,fixed,-0.456,-2.0,-0.006,224,4.308
848,1,"J,4,10","Q,J","double,stand",20.0,lose,False,True,random-dfs,fixed,-0.456,-3.0,-0.01,224,4.308
848,1,"J,4,10","Q,J",hit,10.0,lose,False,True,random-dfs,fixed,-0.456,-3.0,-0.01,224,4.308
849,1,"10,2","7,9,6",stand,10.0,win,False,False,random-dfs,fixed,-0.929,1.0,0.003,220,4.231
849,1,"10,2,6","7,9,4","double,stand",20.0,lose,False,False,random-dfs,fixed,-0.929,2.0,0.006,220,4.231
849,1,"10,2,6,4","7,9,2","hit,hit",10.0,lose,False,True,random-dfs,fixed,-0.929,3.0,0.01,220,4.231
849,1,"10,2,6","7,9,4","hit,stand",10.0,lose,False,False,random-dfs,fixed,-0.929,2.0,0.006,220,4.231
850,1,"6,4,6","2,10,A,10","double,stand",20.0,win,False,False,random-dfs,fixed,-0.945,1.0,0.003,216,4.154
850,1,"6,4","2,10,6",stand,10.0,lose,False,False,random-dfs,fixed,-0.945,3.0,0.01,216,4.154
850,1,"6,4,6","2,10,A,10","hit,stand",10.0,win,False,False,random-dfs,fixed,-0.945,1.0,0.003,216,4.154
850,1,"6,4,6,A,10","2,10,Q","hit,hit,hit",10.0,lose,False,True,random-dfs,fixed,-0.945,0.0,0.0,216,4.154
850,1,"6,4,6,A","2,10,10","hit,hit,stand",10.0,win,False,False,random-dfs,fixed,-0.945,1.0,0.003,216,4.154
851,1,"6,A,4","10,Q","hit,stand",10.0,win,False,False,random-dfs,fixed,-0.481,-1.0,-0.003,212,4.077
851,1,"6,A,4","10,Q","double,stand",20.0,win,False,False,random-dfs,fixed,-0.481,-1.0,-0.003,212,4.077
851,1,"6,A","10,Q",stand,10.0,lose,False,False,random-dfs,fixed,-0.481,-2.0,-0.006,212,4.077
852,1,"4,3","5,6,A,4,6",stand,10.0,win,False,False,random-dfs,fixed,-0.981,5.0,0.016,208,4.0
852,1,"4,3,A","5,6,4,6","double,stand",20.0,lose,False,False,random-dfs,fixed,-0.981,5.0,0.016,208,4.0
852,1,"4,3,A","5,6,4,6","hit,stand",10.0,lose,False,False,random-dfs,fixed,-0.981,5.0,0.016,208,4.0
852,1,"4,3,A,4","5,6,6","hit,hit,stand",10.0,lose,False,False,random-dfs,fixed,-0.981,5.0,0.016,208,4.0
852,1,"4,3,A,4,6","5,6,Q","hit,hit,hit,stand",10.0,lose,False,False,random-dfs,fixed,-0.981,4.0,0.013,208,4.0
852,1,"4,3,A,4,6,Q","5,6,7","hit,hit,hit,hit",10.0,lose,False,True,random-dfs,fixed,-0.981,4.0,0.013,208,4.0
853,1,"A,4","6,Q,7",stand,10.0,win,False,False,random-dfs,fixed,0.0,0.0,0.0,204,3.923
853,1,"A,4,7,3,9","6,Q,Q","hit,hit,hit",10.0,lose,False,True,random-dfs,fixed,0.0,0.0,0.0,204,3.923
853,1,"A,4,7,3","6,Q,9","hit,hit,stand",10.0,win,False,False,random-dfs,fixed,0.0,1.0,0.003,204,3.923
853,1,"A,4,7","6,Q,3","hit,stand",10.0,lose,False,False,random-dfs,fixed,0.0,1.0,0.003,204,3.923
853,1,"A,4,7","6,Q,3","double,stand",20.0,lose,False,False,random-dfs,fixed,0.0,1.0,0.003,204,3.923
854,1,"7,3,J","9,Q","hit,stand",10.0,win,False,False,random-dfs,fixed,0.0,-1.0,-0.003,200,3.846
854,1,"7,3,J,3","9,Q","hit,hit",10.0,lose,False,True,random-dfs,fixed,0.0,0.0,0.0,200,3.846
854,1,"7,3","9,Q",stand,10.0,lose,False,False,random-dfs,fixed,0.0,0.0,0.0,200,3.846
854,1,"7,3,J","9,Q","double,stand",20.0,win,False,False,random-dfs,fixed,0.0,-1.0,-0.003,200,3.846
855,1,"J,3","Q,7",stand,10.0,lose,False,False,random-dfs,fixed,0.0,-1.0,-0.003,196,3.769
855,1,"J,3,6,7","Q,7","hit,hit",10.0,lose,False,True,random-dfs,fixed,0.0,0.0,0.0,196,3.769
855,1,"J,3,6","Q,7","hit,stand",10.0,win,False,False,random-dfs,fixed,0.0,0.0,0.0,196,3.769
855,1,"J,3,6","Q,7","double,stand",20.0,win,False,False,random-dfs,fixed,0.0,0.0,0.0,196,3.769
856,1,"6,7,3","2,J,Q","hit,stand",10.0,win,False,False,random-dfs,fixed,-0.265,1.0,0.003,192,3.692
856,1,"6,7,3,Q","2,J,Q","hit,hit",10.0,lose,False,True,random-dfs,fixed,-0.265,0.0,0.0,192,3.692
856,1,"6,7,3","2,J,Q","double,stand",20.0,win,False,False,random-dfs,fixed,-0.265,1.0,0.003,192,3.692
856,1,"6,7","2,J,3,Q",stand,10.0,win,False,False,random-dfs,fixed,-0.265,1.0,0.003,192,3.692
857,1,"3,Q","Q,10",stand,10.0,lose,False,False,random-dfs,fixed,0.0,-2.0,-0.006,188,3.615
857,1,"3,Q,9","Q,10",hit,10.0,lose,False,True,random-dfs,fixed,0.0,-2.0,-0.006,188,3.615
857,1,"3,Q,9","Q,10","double,stand",20.0,lose,False,True,random-dfs,fixed,0.0,-2.0,-0.006,188,3.615
858,1,"9,2","5,7,5",stand,10.0,lose,False,False,random-dfs,fixed,-0.553,3.0,0.01,184,3.538
858,1,"9,2,5,6","5,7,4,3","hit,hit",10.0,lose,False,True,random-dfs,fixed,-0.553,6.0,0.019,184,3.538
858,1,"9,2,5","5,7,6","hit,stand",10.0,lose,False,False,random-dfs,fixed,-0.553,4.0,0.013,184,3.538
858,1,"9,2,5","5,7,6","double,stand",20.0,lose,False,False,random-dfs,fixed,-0.553,4.0,0.013,184,3.538
859,1,"5,6,Q","4,3,8,3","double,stand",20.0,win,False,False,random-dfs,fixed,0.0,4.0,0.013,180,3.462
859,1,"5,6,Q","4,3,8,3","hit,stand",10.0,win,False,False,random-dfs,fixed,0.0,4.0,0.013,180,3.462
859,1,"5,6","4,3,Q",stand,10.0,lose,False,False,random-dfs,fixed,0.0,3.0,0.01,180,3.462
860,1,"Q,8","3,6,K",stand,10.0,lose,False,False,random-dfs,fixed,1.156,0.0,0.0,176,3.385
860,1,"Q,8,K","3,6,J",hit,10.0,lose,False,True,random-dfs,fixed,1.156,-1.0,-0.003,176,3.385
860,1,"Q,8,K","3,6,J","double,stand",20.0,lose,False,True,random-dfs,fixed,1.156,-1.0,-0.003,176,3.385
861,1,"K,J","5,J,8",stand,10.0,win,False,False,random-dfs,fixed,1.477,-2.0,-0.006,172,3.308
861,1,"K,J,8","5,J,10","double,stand",20.0,lose,False,True,random-dfs,fixed,1.477,-3.0,-0.01,172,3.308
861,1,"K,J,8","5,J,10",hit,10.0,lose,False,True,random-dfs,fixed,1.477,-3.0,-0.01,172,3.308
862,1,"8,10","3,9,2,Q",stand,10.0,win,False,False,random-dfs,fixed,0.907,0.0,0.0,168,3.231
862,1,"8,10,2,Q","3,9,A,Q","hit,hit",10.0,lose,False,True,random-dfs,fixed,0.907,-2.0,-0.006,168,3.231
862,1,"8,10,2","3,9,Q","hit,stand",10.0,win,False,False,random-dfs,fixed,0.907,0.0,0.0,168,3.231
862,1,"8,10,2","3,9,Q","double,stand",20.0,win,False,False,random-dfs,fixed,0.907,0.0,0.0,168,3.231
863,1,"2,Q,A","A,Q","double,stand",20.0,lose,False,False,random-dfs,fixed,0.929,-3.0,-0.01,164,3.154
863,1,"2,Q","A,Q",stand,10.0,lose,False,False,random-dfs,fixed,0.929,-2.0,-0.006,164,3.154
863,1,"2,Q,A","A,Q","hit,stand",10.0,lose,False,False,random-dfs,fixed,0.929,-3.0,-0.01,164,3.154
863,1,"2,Q,A,10","A,Q","hit,hit",10.0,lose,False,True,random-dfs,fixed,0.929,-4.0,-0.013,164,3.154
864,1,"A,10","6,A",stand,10.0,win,True,False,random-dfs,fixed,0.317,-2.0,-0.006,160,3.077
865,1,"2,Q,J","K,4,8",hit,10.0,lose,False,True,random-dfs,fixed,-0.325,-1.0,-0.003,156,3.0
865,1,"2,Q,J","K,4,8","double,stand",20.0,lose,False,True,random-dfs,fixed,-0.325,-1.0,-0.003,156,3.0
865,1,"2,Q","K,4,J",stand,10.0,win,False,False,random-dfs,fixed,-0.325,-1.0,-0.003,156,3.0
866,1,"J,8,5","J,2,3,A,2","double,stand",20.0,lose,False,True,random-dfs,fixed,-0.333,1.0,0.003,152,2.923
866,1,"J,8","J,2,5",stand,10.0,win,False,False,random-dfs,fixed,-0.333,0.0,0.0,152,2.923
866,1,"J,8,5","J,2,3,A,2",hit,10.0,lose,False,True,random-dfs,fixed,-0.333,1.0,0.003,152,2.923
867,1,"5,3","A,2,4",stand,10.0,lose,False,False,random-dfs,fixed,-0.684,3.0,0.01,148,2.846
867,1,"5,3,4,Q","A,2,A,A,Q,3","hit,hit",10.0,lose,False,True,random-dfs,fixed,-0.684,0.0,0.0,148,2.846
867,1,"5,3,4","A,2,Q,A,A,Q","hit,stand",10.0,win,False,False,random-dfs,fixed,-0.684,-1.0,-0.003,148,2.846
867,1,"5,3,4","A,2,Q,A,A,Q","double,stand",20.0,win,False,False,random-dfs,fixed,-0.684,-1.0,-0.003,148,2.846
868,1,"4,Q","A,A,Q,3,2",stand,10.0,lose,False,False,random-dfs,fixed,0.0,-1.0,-0.003,144,2.769
868,1,"4,Q,Q","A,A,3,2",hit,10.0,lose,False,True,random-dfs,fixed,0.0,-1.0,-0.003,144,2.769
868,1,"4,Q,Q","A,A,3,2","double,stand",20.0,lose,False,True,random-dfs,fixed,0.0,-1.0,-0.003,144,2.769
869,1,"Q,3","2,8,10",stand,10.0,lose,False,False,random-dfs,fixed,-0.722,0.0,0.0,140,2.692
869,1,"Q,3,10","2,8,Q","double,stand",20.0,lose,False,True,random-dfs,fixed,-0.722,-1.0,-0.003,140,2.692
869,1,"Q,3,10","2,8,Q",hit,10.0,lose,False,True,random-dfs,fixed,-0.722,-1.0,-0.003,140,2.692
870,1,"10,Q,J","7,J",hit,10.0,lose,False,True,random-dfs,fixed,-0.371,-4.0,-0.013,136,2.615
870,1,"10,Q","7,J",stand,10.0,win,False,False,random-dfs,fixed,-0.371,-3.0,-0.01,136,2.615
870,1,"10,Q,J","7,J","double,stand",20.0,lose,False,True,random-dfs,fixed,-0.371,-4.0,-0.013,136,2.615
871,1,"J,Q,9","7,4,Q",hit,10.0,lose,False,True,random-dfs,fixed,-1.529,-2.0,-0.006,132,2.538
871,1,"J,Q","7,4,9",stand,10.0,push,False,False,random-dfs,fixed,-1.529,-1.0,-0.003,132,2.538
871,1,"J,Q,9","7,4,Q","double,stand",20.0,lose,False,True,random-dfs,fixed,-1.529,-2.0,-0.006,132,2.538
872,1,"9,Q,3","8,8,4",hit,10.0,lose,False,True,random-dfs,fixed,-1.97,1.0,0.003,128,2.462
872,1,"9,Q","8,8,3",stand,10.0,push,False,False,random-dfs,fixed,-1.97,0.0,0.0,128,2.462
872,1,"9,Q,3","8,8,4","double,stand",20.0,lose,False,True,random-dfs,fixed,-1.97,1.0,0.003,128,2.462
873,1,"3,4","7,A",stand,10.0,lose,False,False,random-dfs,fixed,-2.438,1.0,0.003,124,2.385
873,1,"3,4,K,9","7,A","hit,hit",10.0,lose,False,True,random-dfs,fixed,-2.438,0.0,0.0,124,2.385
873,1,"3,4,K","7,A","hit,stand",10.0,lose,False,False,random-dfs,fixed,-2.438,0.0,0.0,124,2.385
873,1,"3,4,K","7,A","double,stand",20.0,lose,False,False,random-dfs,fixed,-2.438,0.0,0.0,124,2.385
874,1,"K,9,A","K,K","double,stand",20.0,push,False,False,random-dfs,fixed,-2.097,-4.0,-0.013,120,2.308
874,1,"K,9","K,K",stand,10.0,lose,False,False,random-dfs,fixed,-2.097,-3.0,-0.01,120,2.308
874,1,"K,9,A","K,K","hit,stand",10.0,push,False,False,random-dfs,fixed,-2.097,-4.0,-0.013,120,2.308
874,1,"K,9,A,Q","K,K","hit,hit",10.0,lose,False,True,random-dfs,fixed,-2.097,-5.0,-0.016,120,2.308
875,1,"A,Q","9,2,5,A",stand,10.0,win,True,False,random-dfs,fixed,-3.467,-1.0,-0.003,116,2.231
876,1,"5,A","8,8,3",stand,10.0,lose,False,False,random-dfs,fixed,-4.034,1.0,0.003,112,2.154
876,1,"5,A,3,2","8,8,4","hit,hit,stand",10.0,win,False,False,random-dfs,fixed,-4.034,3.0,0.01,112,2.154
876,1,"5,A,3","8,8,2","hit,stand",10.0,win,False,False,random-dfs,fixed,-4.034,2.0,0.006,112,2.154
876,1,"5,A,3","8,8,2","double,stand",20.0,win,False,False,random-dfs,fixed,-4.034,2.0,0.006,112,2.154
877,1,"3,2,J","4,5,A","double,stand",20.0,lose,False,False,random-dfs,fixed,-4.179,2.0,0.006,108,2.077
877,1,"3,2","4,5,J",stand,10.0,lose,False,False,random-dfs,fixed,-4.179,3.0,0.01,108,2.077
877,1,"3,2,J","4,5,A","hit,stand",10.0,lose,False,False,random-dfs,fixed,-4.179,2.0,0.006,108,2.077
877,1,"3,2,J,A,A","4,5,6,2","hit,hit,hit,stand",10.0,push,False,False,random-dfs,fixed,-4.179,3.0,0.01,108,2.077
877,1,"3,2,J,A,A,6","4,5,2,9","hit,hit,hit,hit",10.0,lose,False,True,random-dfs,fixed,-4.179,3.0,0.01,108,2.077
877,1,"3,2,J,A","4,5,A","hit,hit,stand",10.0,lose,False,False,random-dfs,fixed,-4.179,1.0,0.003,108,2.077
878,1,"J,A","A,6",stand,10.0,win,True,False,random-dfs,fixed,-2.407,-2.0,-0.006,104,2.0
879,1,"2,9,3,2","4,A,9,2,5","hit,hit,stand",10.0,lose,False,False,random-dfs,fixed,-3.5,5.0,0.016,100,1.923
879,1,"2,9,3,2,9","4,A,2","hit,hit,hit",10.0,lose,False,True,random-dfs,fixed,-3.5,4.0,0.013,100,1.923
879,1,"2,9,3","4,A,2","hit,stand",10.0,lose,False,False,random-dfs,fixed,-3.5,3.0,0.01,100,1.923
879,1,"2,9,3","4,A,2","double,stand",20.0,lose,False,False,random-dfs,fixed,-3.5,3.0,0.01,100,1.923
879,1,"2,9","4,A,3",stand,10.0,lose,False,False,random-dfs,fixed,-3.5,2.0,0.006,100,1.923
880,1,"3,2,5","9,2,7","hit,stand",10.0,lose,False,False,random-dfs,fixed,-3.12,4.0,0.013,96,1.846
880,1,"3,2,5,7","9,2,7","hit,hit,stand",10.0,lose,False,False,random-dfs,fixed,-3.12,4.0,0.013,96,1.846
880,1,"3,2,5,7,7","9,2,9","hit,hit,hit",10.0,lose,False,True,random-dfs,fixed,-3.12,4.0,0.013,96,1.846
880,1,"3,2","9,2,5,7",stand,10.0,win,False,False,random-dfs,fixed,-3.12,4.0,0.013,96,1.846
880,1,"3,2,5","9,2,7","double,stand",20.0,lose,False,False,random-dfs,fixed,-3.12,4.0,0.013,96,1.846
881,1,"5,7,A","7,9,2","double,stand",20.0,lose,False,False,random-dfs,fixed,-1.625,1.0,0.003,92,1.769
881,1,"5,7,A","7,9,2","hit,stand",10.0,lose,False,False,random-dfs,fixed,-1.625,1.0,0.003,92,1.769
881,1,"5,7,A,2","7,9,4","hit,hit,stand",10.0,lose,False,False,random-dfs,fixed,-1.625,2.0,0.006,92,1.769
881,1,"5,7,A,2,4,6","7,9,5","hit,hit,hit,hit",10.0,lose,False,True,random-dfs,fixed,-1.625,4.0,0.013,92,1.769
881,1,"5,7,A,2,4","7,9,6","hit,hit,hit,stand",10.0,win,False,False,random-dfs,fixed,-1.625,3.0,0.01,92,1.769
881,1,"5,7","7,9,A",stand,10.0,lose,False,False,random-dfs,fixed,-1.625,0.0,0.0,92,1.769
882,1,"A,2,5","4,6,8","double,stand",20.0,push,False,False,random-dfs,fixed,-1.13,3.0,0.01,88,1.692
882,1,"A,2","4,6,5,8",stand,10.0,win,False,False,random-dfs,fixed,-1.13,3.0,0.01,88,1.692
882,1,"A,2,5","4,6,8","hit,stand",10.0,push,False,False,random-dfs,fixed,-1.13,3.0,0.01,88,1.692
882,1,"A,2,5,8,4","4,6,A","hit,hit,hit,stand",10.0,lose,False,False,random-dfs,fixed,-1.13,3.0,0.01,88,1.692
882,1,"A,2,5,8,4,A","4,6,10","hit,hit,hit,hit,stand",10.0,win,False,False,random-dfs,fixed,-1.13,2.0,0.006,88,1.692
882,1,"A,2,5,8","4,6,4,A,10","hit,hit,stand",10.0,win,False,False,random-dfs,fixed,-1.13,2.0,0.006,88,1.692
883,1,"5,8","4,A,10,5",stand,10.0,lose,False,False,random-dfs,fixed,0.0,1.0,0.003,84,1.615
883,1,"5,8,10","4,A,5",hit,10.0,lose,False,True,random-dfs,fixed,0.0,1.0,0.003,84,1.615
883,1,"5,8,10","4,A,5","double,stand",20.0,lose,False,True,random-dfs,fixed,0.0,1.0,0.003,84,1.615
884,1,"10,5","Q,K",stand,10.0,lose,False,False,random-dfs,fixed,0.619,-2.0,-0.006,80,1.538
884,1,"10,5,A","Q,K","hit,stand",10.0,lose,False,False,random-dfs,fixed,0.619,-3.0,-0.01,80,1.538
884,1,"10,5,A,10","Q,K","hit,hit",10.0,lose,False,True,random-dfs,fixed,0.619,-4.0,-0.013,80,1.538
884,1,"10,5,A","Q,K","double,stand",20.0,lose,False,False,random-dfs,fixed,0.619,-3.0,-0.01,80,1.538
885,1,"A,10","6,4,5,K",stand,10.0,win,True,False,random-dfs,fixed,-0.65,0.0,0.0,76,1.462
886,1,"7,5","8,J",stand,10.0,lose,False,False,random-dfs,fixed,0.0,0.0,0.0,308,5.923
886,1,"7,5,K","8,J","double,stand",20.0,lose,False,True,random-dfs,fixed,0.0,-1.0,-0.003,308,5.923
886,1,"7,5,K","8,J",hit,10.0,lose,False,True,random-dfs,fixed,0.0,-1.0,-0.003,308,5.923
887,1,"K,K","A,9",stand,10.0,push,False,False,random-dfs,fixed,0.0,-3.0,-0.01,304,5.846
887,1,"K,K,7","A,9",hit,10.0,lose,False,True,random-dfs,fixed,0.0,-3.0,-0.01,304,5.846
887,1,"K,K,7","A,9","double,stand",20.0,lose,False,True,random-dfs,fixed,0.0,-3.0,-0.01,304,5.846
888,1,"7,7,Q","2,Q,4,A",hit,10.0,lose,False,True,random-dfs,fixed,-0.513,-1.0,-0.003,300,5.769
888,1,"7,7","2,Q,Q",stand,10.0,win,False,False,random-dfs,fixed,-0.513,-1.0,-0.003,300,5.769
888,1,"7,7,Q","2,Q,4,A","double,stand",20.0,lose,False,True,random-dfs,fixed,-0.513,-1.0,-0.003,300,5.769
889,1,"Q,4","A,3,7",stand,10.0,lose,False,False,random-dfs,fixed,-0.52,0.0,0.0,296,5.692
889,1,"Q,4,7","A,3,7","double,stand",20.0,push,False,False,random-dfs,fixed,-0.52,0.0,0.0,296,5.692
889,1,"Q,4,7","A,3,7","hit,stand",10.0,push,False,False,random-dfs,fixed,-0.52,0.0,0.0,296,5.692
890,1,"7,7,10","8,7,5","double,stand",20.0,lose,False,True,random-dfs,fixed,-0.527,0.0,0.0,292,5.615
890,1,"7,7,10","8,7,5",hit,10.0,lose,False,True,random-dfs,fixed,-0.527,0.0,0.0,292,5.615
890,1,"7,7","8,7,10",stand,10.0,win,False,False,random-dfs,fixed,-0.527,-1.0,-0.003,292,5.615
891,1,"10,5","10,Q",stand,10.0,lose,False,False,random-dfs,fixed,-0.534,-2.0,-0.006,288,5.538
891,1,"10,5,6","10,Q","double,stand",20.0,win,False,False,random-dfs,fixed,-0.534,-1.0,-0.003,288,5.538
891,1,"10,5,6","10,Q","hit,stand",10.0,win,False,False,random-dfs,fixed,-0.534,-1.0,-0.003,288,5.538
892,1,"6,7,9","6,4,8",hit,10.0,lose,False,True,random-dfs,fixed,-0.903,3.0,0.01,284,5.462
892,1,"6,7,9","6,4,8","double,stand",20.0,lose,False,True,random-dfs,fixed,-0.903,3.0,0.01,284,5.462
892,1,"6,7","6,4,9",stand,10.0,lose,False,False,random-dfs,fixed,-0.903,3.0,0.01,284,5.462
893,1,"9,8,4","5,J,4","double,stand",20.0,win,False,False,random-dfs,fixed,-0.366,2.0,0.006,280,5.385
893,1,"9,8,4","5,J,4","hit,stand",10.0,win,False,False,random-dfs,fixed,-0.366,2.0,0.006,280,5.385
893,1,"9,8","5,J,4",stand,10.0,lose,False,False,random-dfs,fixed,-0.366,1.0,0.003,280,5.385
894,1,"4,4","10,4,6",stand,10.0,lose,False,False,random-dfs,fixed,-0.371,3.0,0.01,276,5.308
894,1,"4,4,6","10,4,4","double,stand",20.0,lose,False,False,random-dfs,fixed,-0.371,4.0,0.013,276,5.308
894,1,"4,4,6,4","10,4,4","hit,hit,stand",10.0,push,False,False,random-dfs,fixed,-0.371,5.0,0.016,276,5.308
894,1,"4,4,6,4,4","10,4,5","hit,hit,hit",10.0,lose,False,True,random-dfs,fixed,-0.371,6.0,0.019,276,5.308
894,1,"4,4,6","10,4,4","hit,stand",10.0,lose,False,False,random-dfs,fixed,-0.371,4.0,0.013,276,5.308
895,1,"6,4,K","4,5,9","hit,stand",10.0,win,False,False,random-dfs,fixed,0.0,3.0,0.01,272,5.231
895,1,"6,4,K,9","4,5,6,K","hit,hit",10.0,lose,False,True,random-dfs,fixed,0.0,3.0,0.01,272,5.231
895,1,"6,4","4,5,K",stand,10.0,lose,False,False,random-dfs,fixed,0.0,3.0,0.01,272,5.231
895,1,"6,4,K","4,5,9","double,stand",20.0,win,False,False,random-dfs,fixed,0.0,3.0,0.01,272,5.231
896,1,"K,9","6,K,5",stand,10.0,lose,False,False,random-dfs,fixed,0.765,0.0,0.0,268,5.154
896,1,"K,9,5","6,K,8","double,stand",20.0,lose,False,True,random-dfs,fixed,0.765,0.0,0.0,268,5.154
896,1,"K,9,5","6,K,8",hit,10.0,lose,False,True,random-dfs,fixed,0.765,0.0,0.0,268,5.154
897,1,"5,8,3","3,6,J","double,stand",20.0,lose,False,False,random-dfs,fixed,0.582,3.0,0.01,264,5.077
897,1,"5,8,3","3,6,J","hit,stand",10.0,lose,False,False,random-dfs,fixed,0.582,3.0,0.01,264,5.077
897,1,"5,8,3,J","3,6,K","hit,hit",10.0,lose,False,True,random-dfs,fixed,0.582,2.0,0.006,264,5.077
897,1,"5,8","3,6,3,J",stand,10.0,win,False,False,random-dfs,fixed,0.582,3.0,0.01,264,5.077
898,1,"3,J,6,6","K,J","hit,hit",10.0,lose,False,True,random-dfs,fixed,1.182,0.0,0.0,260,5.0
898,1,"3,J,6","K,J","hit,stand",10.0,lose,False,False,random-dfs,fixed,1.182,-1.0,-0.003,260,5.0
898,1,"3,J","K,J",stand,10.0,lose,False,False,random-dfs,fixed,1.182,-2.0,-0.006,260,5.0
898,1,"3,J,6","K,J","double,stand",20.0,lose,False,False,random-dfs,fixed,1.182,-1.0,-0.003,260,5.0
899,1,"6,6,6","9,J","hit,stand",10.0,lose,False,False,random-dfs,fixed,0.8,2.0,0.006,256,4.923
899,1,"6,6,6,2,3","9,J","hit,hit,hit",10.0,lose,False,True,random-dfs,fixed,0.8,4.0,0.013,256,4.923
899,1,"6,6,6,2","9,J","hit,hit,stand",10.0,win,False,False,random-dfs,fixed,0.8,3.0,0.01,256,4.923
899,1,"6,6","9,J",stand,10.0,lose,False,False,random-dfs,fixed,0.8,1.0,0.003,256,4.923
899,1,"6,6,6","9,J","double,stand",20.0,lose,False,False,random-dfs,fixed,0.8,2.0,0.006,256,4.923
900,1,"6,2","3,Q,8",stand,10.0,lose,False,False,random-dfs,fixed,1.016,2.0,0.006,252,4.846
900,1,"6,2,8","3,Q,3,A","double,stand",20.0,lose,False,False,random-dfs,fixed,1.016,2.0,0.006,252,4.846
900,1,"6,2,8","3,Q,3,A","hit,stand",10.0,lose,False,False,random-dfs,fixed,1.016,2.0,0.006,252,4.846
900,1,"6,2,8,3,A","3,Q,8","hit,hit,hit,stand",10.0,lose,False,False,random-dfs,fixed,1.016,2.0,0.006,252,4.846
900,1,"6,2,8,3,A,8","3,Q,J","hit,hit,hit,hit",10.0,lose,False,True,random-dfs,fixed,1.016,1.0,0.003,252,4.846
900,1,"6,2,8,3","3,Q,A,8","hit,hit,stand",10.0,win,False,False,random-dfs,fixed,1.016,2.0,0.006,252,4.846
901,1,"8,3","A,8",stand,10.0,lose,False,False,random-dfs,fixed,1.444,0.0,0.0,248,4.769
901,1,"8,3,J","A,8","double,stand",20.0,win,False,False,random-dfs,fixed,1.444,-1.0,-0.003,248,4.769
901,1,"8,3,J","A,8","hit,stand",10.0,win,False,False,random-dfs,fixed,1.444,-1.0,-0.003,248,4.769
902,1,"J,9","7,3,9",stand,10.0,push,False,False,random-dfs,fixed,1.468,0.0,0.0,244,4.692
902,1,"J,9,9","7,3,5,5",hit,10.0,lose,False,True,random-dfs,fixed,1.468,2.0,0.006,244,4.692
902,1,"J,9,9","7,3,5,5","double,stand",20.0,lose,False,True,random-dfs,fixed,1.468,2.0,0.006,244,4.692
903,1,"9,5","5,9,J",stand,10.0,win,False,False,random-dfs,fixed,1.492,1.0,0.003,240,4.615
903,1,"9,5,J","5,9,5",hit,10.0,lose,False,True,random-dfs,fixed,1.492,2.0,0.006,240,4.615
903,1,"9,5,J","5,9,5","double,stand",20.0,lose,False,True,random-dfs,fixed,1.492,2.0,0.006,240,4.615
904,1,"J,5","6,7,6",stand,10.0,lose,False,False,random-dfs,fixed,1.95,2.0,0.006,236,4.538
904,1,"J,5,6","6,7,4","hit,stand",10.0,win,False,False,random-dfs,fixed,1.95,3.0,0.01,236,4.538
904,1,"J,5,6","6,7,4","double,stand",20.0,win,False,False,random-dfs,fixed,1.95,3.0,0.01,236,4.538
905,1,"6,4,J,3","9,8","hit,hit",10.0,lose,False,True,random-dfs,fixed,2.203,2.0,0.006,232,4.462
905,1,"6,4,J","9,8","hit,stand",10.0,win,False,False,random-dfs,fixed,2.203,1.0,0.003,232,4.462
905,1,"6,4","9,8",stand,10.0,lose,False,False,random-dfs,fixed,2.203,2.0,0.006,232,4.462
905,1,"6,4,J","9,8","double,stand",20.0,win,False,False,random-dfs,fixed,2.203,1.0,0.003,232,4.462
906,1,"J,3,3,2","6,10,A","hit,hit,stand",10.0,win,False,False,random-dfs,fixed,2.69,1.0,0.003,228,4.385
906,1,"J,3,3,2,A","6,10,9","hit,hit,hit,stand",10.0,win,False,False,random-dfs,fixed,2.69,1.0,0.003,228,4.385
906,1,"J,3,3,2,A,9","6,10,9","hit,hit,hit,hit",10.0,lose,False,True,random-dfs,fixed,2.69,1.0,0.003,228,4.385
906,1,"J,3,3","6,10,2","hit,stand",10.0,lose,False,False,random-dfs,fixed,2.69,2.0,0.006,228,4.385
906,1,"J,3","6,10,3",stand,10.0,lose,False,False,random-dfs,fixed,2.69,1.0,0.003,228,4.385
906,1,"J,3,3","6,10,2","double,stand",20.0,lose,False,False,random-dfs,fixed,2.69,2.0,0.006,228,4.385
907,1,"3,2,9,J","A,9","hit,hit",10.0,lose,False,True,random-dfs,fixed,2.737,0.0,0.0,224,4.308
907,1,"3,2,9","A,9","hit,stand",10.0,lose,False,False,random-dfs,fixed,2.737,1.0,0.003,224,4.308
907,1,"3,2","A,9",stand,10.0,lose,False,False,random-dfs,fixed,2.737,1.0,0.003,224,4.308
907,1,"3,2,9","A,9","double,stand",20.0,lose,False,False,random-dfs,fixed,2.737,1.0,0.003,224,4.308
908,1,"9,J","2,4,8,J",stand,10.0,win,False,False,random-dfs,fixed,3.018,0.0,0.0,220,4.231
908,1,"9,J,8","2,4,J,2","double,stand",20.0,lose,False,True,random-dfs,fixed,3.018,1.0,0.003,220,4.231
908,1,"9,J,8","2,4,J,2",hit,10.0,lose,False,True,random-dfs,fixed,3.018,1.0,0.003,220,4.231
909,1,"8,J,J","2,3,6,8",hit,10.0,lose,False,True,random-dfs,fixed,3.309,1.0,0.003,216,4.154
909,1,"8,J,J","2,3,6,8","double,stand",20.0,lose,False,True,random-dfs,fixed,3.309,1.0,0.003,216,4.154
909,1,"8,J","2,3,J,6",stand,10.0,lose,False,False,random-dfs,fixed,3.309,1.0,0.003,216,4.154
910,1,"J,6,4","8,3,A,2,2,10","double,stand",20.0,win,False,False,random-dfs,fixed,3.611,2.0,0.006,212,4.077
910,1,"J,6","8,3,4,A,2",stand,10.0,lose,False,False,random-dfs,fixed,3.611,2.0,0.006,212,4.077
910,1,"J,6,4,A","8,3,2,2,10","hit,hit,stand",10.0,win,False,False,random-dfs,fixed,3.611,2.0,0.006,212,4.077
910,1,"J,6,4","8,3,A,2,2,10","hit,stand",10.0,win,False,False,random-dfs,fixed,3.611,2.0,0.006,212,4.077
911,1,"4,A","2,2,10,J",stand,10.0,win,False,False,random-dfs,fixed,3.925,0.0,0.0,208,4.0
911,1,"4,A,10,J","2,2,K,6","hit,hit",10.0,lose,False,True,random-dfs,fixed,3.925,0.0,0.0,208,4.0
911,1,"4,A,10","2,2,J,K","hit,stand",10.0,win,False,False,random-dfs,fixed,3.925,-1.0,-0.003,208,4.0
911,1,"4,A,10","2,2,J,K","double,stand",20.0,win,False,False,random-dfs,fixed,3.925,-1.0,-0.003,208,4.0
912,1,"10,J,3","K,6,Q","double,stand",20.0,lose,False,True,random-dfs,fixed,4.5,-2.0,-0.006,204,3.923
912,1,"10,J,3","K,6,Q",hit,10.0,lose,False,True,random-dfs,fixed,4.5,-2.0,-0.006,204,3.923
912,1,"10,J","K,6,3",stand,10.0,win,False,False,random-dfs,fixed,4.5,-1.0,-0.003,204,3.923
913,1,"3,Q,K","K,10","double,stand",20.0,lose,False,True,random-dfs,fixed,4.078,-3.0,-0.01,200,3.846
913,1,"3,Q,K","K,10",hit,10.0,lose,False,True,random-dfs,fixed,4.078,-3.0,-0.01,200,3.846
913,1,"3,Q","K,10",stand,10.0,lose,False,False,random-dfs,fixed,4.078,-2.0,-0.006,200,3.846
914,1,"K,A","A,2,7",stand,10.0,win,True,False,random-dfs,fixed,3.64,-2.0,-0.006,196,3.769
915,1,"7,Q,Q","9,6,5",hit,10.0,lose,False,True,random-dfs,fixed,3.184,0.0,0.0,192,3.692
915,1,"7,Q,Q","9,6,5","double,stand",20.0,lose,False,True,random-dfs,fixed,3.184,0.0,0.0,192,3.692
915,1,"7,Q","9,6,Q",stand,10.0,win,False,False,random-dfs,fixed,3.184,-1.0,-0.003,192,3.692
916,1,"Q,5","7,10",stand,10.0,lose,False,False,random-dfs,fixed,3.25,-1.0,-0.003,188,3.615
916,1,"Q,5,Q","7,10",hit,10.0,lose,False,True,random-dfs,fixed,3.25,-2.0,-0.006,188,3.615
916,1,"Q,5,Q","7,10","double,stand",20.0,lose,False,True,random-dfs,fixed,3.25,-2.0,-0.006,188,3.615
917,1,"Q,6,8","4,Q,9",hit,10.0,lose,False,True,random-dfs,fixed,3.043,0.0,0.0,184,3.538
917,1,"Q,6,8","4,Q,9","double,stand",20.0,lose,False,True,random-dfs,fixed,3.043,0.0,0.0,184,3.538
917,1,"Q,6","4,Q,8",stand,10.0,win,False,False,random-dfs,fixed,3.043,0.0,0.0,184,3.538
918,1,"8,9","4,2,Q,J",stand,10.0,win,False,False,random-dfs,fixed,3.109,0.0,0.0,180,3.462
918,1,"8,9,Q","4,2,J,10",hit,10.0,lose,False,True,random-dfs,fixed,3.109,-1.0,-0.003,180,3.462
918,1,"8,9,Q","4,2,J,10","double,stand",20.0,lose,False,True,random-dfs,fixed,3.109,-1.0,-0.003,180,3.462
919,1,"Q,J,9","10,K",hit,10.0,lose,False,True,random-dfs,fixed,3.756,-4.0,-0.013,176,3.385
919,1,"Q,J","10,K",stand,10.0,push,False,False,random-dfs,fixed,3.756,-4.0,-0.013,176,3.385
919,1,"Q,J,9","10,K","double,stand",20.0,lose,False,True,random-dfs,fixed,3.756,-4.0,-0.013,176,3.385
920,1,"9,6,7","10,Q","double,stand",20.0,lose,False,True,random-dfs,fixed,2.659,-1.0,-0.003,172,3.308
920,1,"9,6","10,Q",stand,10.0,lose,False,False,random-dfs,fixed,2.659,-1.0,-0.003,172,3.308
920,1,"9,6,7","10,Q",hit,10.0,lose,False,True,random-dfs,fixed,2.659,-1.0,-0.003,172,3.308
921,1,"7,8,4,5","2,10,6","hit,hit",10.0,lose,False,True,random-dfs,fixed,2.419,3.0,0.01,168,3.231
921,1,"7,8,4","2,10,5","hit,stand",10.0,win,False,False,random-dfs,fixed,2.419,2.0,0.006,168,3.231
921,1,"7,8","2,10,4,5",stand,10.0,lose,False,False,random-dfs,fixed,2.419,2.0,0.006,168,3.231
921,1,"7,8,4","2,10,5","double,stand",20.0,win,False,False,random-dfs,fixed,2.419,2.0,0.006,168,3.231
922,1,"4,5,10","6,5,K","double,stand",20.0,lose,False,False,random-dfs,fixed,2.476,2.0,0.006,164,3.154
922,1,"4,5,10","6,5,K","hit,stand",10.0,lose,False,False,random-dfs,fixed,2.476,2.0,0.006,164,3.154
922,1,"4,5,10,K","6,5,8","hit,hit",10.0,lose,False,True,random-dfs,fixed,2.476,2.0,0.006,164,3.154
922,1,"4,5","6,5,10",stand,10.0,lose,False,False,random-dfs,fixed,2.476,3.0,0.01,164,3.154
923,1,"10,K,9","8,A","double,stand",20.0,lose,False,True,random-dfs,fixed,3.805,-3.0,-0.01,160,3.077
923,1,"10,K,9","8,A",hit,10.0,lose,False,True,random-dfs,fixed,3.805,-3.0,-0.01,160,3.077
923,1,"10,K","8,A",stand,10.0,win,False,False,random-dfs,fixed,3.805,-3.0,-0.01,160,3.077
924,1,"9,5,6,7","Q,9","hit,hit",10.0,lose,False,True,random-dfs,fixed,2.925,1.0,0.003,156,3.0
924,1,"9,5,6","Q,9","hit,stand",10.0,win,False,False,random-dfs,fixed,2.925,1.0,0.003,156,3.0
924,1,"9,5","Q,9",stand,10.0,lose,False,False,random-dfs,fixed,2.925,0.0,0.0,156,3.0
924,1,"9,5,6","Q,9","double,stand",20.0,win,False,False,random-dfs,fixed,2.925,1.0,0.003,156,3.0
925,1,"6,7,9","8,3,K",hit,10.0,lose,False,True,random-dfs,fixed,3.0,1.0,0.003,152,2.923
925,1,"6,7","8,3,9",stand,10.0,lose,False,False,random-dfs,fixed,3.0,2.0,0.006,152,2.923
925,1,"6,7,9","8,3,K","double,stand",20.0,lose,False,True,random-dfs,fixed,3.0,1.0,0.003,152,2.923
926,1,"9,K,5","K,2,10",hit,10.0,lose,False,True,random-dfs,fixed,3.763,-1.0,-0.003,148,2.846
926,1,"9,K,5","K,2,10","double,stand",20.0,lose,False,True,random-dfs,fixed,3.763,-1.0,-0.003,148,2.846
926,1,"9,K","K,2,5",stand,10.0,win,False,False,random-dfs,fixed,3.763,0.0,0.0,148,2.846
927,1,"5,10,3,10","K,J","hit,hit",10.0,lose,False,True,random-dfs,fixed,3.514,-2.0,-0.006,144,2.769
927,1,"5,10,3","K,J","hit,stand",10.0,lose,False,False,random-dfs,fixed,3.514,-1.0,-0.003,144,2.769
927,1,"5,10,3","K,J","double,stand",20.0,lose,False,False,random-dfs,fixed,3.514,-1.0,-0.003,144,2.769
927,1,"5,10","K,J",stand,10.0,lose,False,False,random-dfs,fixed,3.514,-2.0,-0.006,144,2.769
928,1,"3,10,2","5,3,8,A","double,stand",20.0,lose,False,False,random-dfs,fixed,2.889,2.0,0.006,140,2.692
928,1,"3,10,2,8","5,3,A","hit,hit",10.0,lose,False,True,random-dfs,fixed,2.889,2.0,0.006,140,2.692
928,1,"3,10,2","5,3,8,A","hit,stand",10.0,lose,False,False,random-dfs,fixed,2.889,2.0,0.006,140,2.692
928,1,"3,10","5,3,2,8",stand,10.0,lose,False,False,random-dfs,fixed,2.889,3.0,0.01,140,2.692
929,1,"2,8,9","A,2,4","double,stand",20.0,win,False,False,random-dfs,fixed,3.714,2.0,0.006,136,2.615
929,1,"2,8,9,4","A,2,6","hit,hit",10.0,lose,False,True,random-dfs,fixed,3.714,3.0,0.01,136,2.615
929,1,"2,8,9","A,2,4","hit,stand",10.0,win,False,False,random-dfs,fixed,3.714,2.0,0.006,136,2.615
929,1,"2,8","A,2,9,4,6",stand,10.0,win,False,False,random-dfs,fixed,3.714,3.0,0.01,136,2.615
930,1,"9,4,K","6,9,Q",hit,10.0,lose,False,True,random-dfs,fixed,4.206,0.0,0.0,132,2.538
930,1,"9,4,K","6,9,Q","double,stand",20.0,lose,False,True,random-dfs,fixed,4.206,0.0,0.0,132,2.538
930,1,"9,4","6,9,K",stand,10.0,win,False,False,random-dfs,fixed,4.206,1.0,0.003,132,2.538
931,1,"K,Q,Q","Q,K",hit,10.0,lose,False,True,random-dfs,fixed,5.121,-5.0,-0.016,128,2.462
931,1,"K,Q,Q","Q,K","double,stand",20.0,lose,False,True,random-dfs,fixed,5.121,-5.0,-0.016,128,2.462
931,1,"K,Q","Q,K",stand,10.0,push,False,False,random-dfs,fixed,5.121,-4.0,-0.013,128,2.462
932,1,"Q,J","8,A",stand,10.0,win,False,False,random-dfs,fixed,3.656,-3.0,-0.01,124,2.385
932,1,"Q,J,J","8,A",hit,10.0,lose,False,True,random-dfs,fixed,3.656,-4.0,-0.013,124,2.385
932,1,"Q,J,J","8,A","double,stand",20.0,lose,False,True,random-dfs,fixed,3.656,-4.0,-0.013,124,2.385
933,1,"J,Q","3,9,3,2",stand,10.0,win,False,False,random-dfs,fixed,2.516,1.0,0.003,120,2.308
933,1,"J,Q,3","3,9,2,K","double,stand",20.0,lose,False,True,random-dfs,fixed,2.516,0.0,0.0,120,2.308
933,1,"J,Q,3","3,9,2,K",hit,10.0,lose,False,True,random-dfs,fixed,2.516,0.0,0.0,120,2.308
934,1,"3,2","K,A",stand,10.0,lose,False,False,random-dfs,fixed,2.167,0.0,0.0,116,2.231
934,1,"3,2,5,7","K,A","hit,hit,stand",10.0,lose,False,False,random-dfs,fixed,2.167,1.0,0.003,116,2.231
934,1,"3,2,5,7,K","K,A","hit,hit,hit",10.0,lose,False,True,random-dfs,fixed,2.167,0.0,0.0,116,2.231
934,1,"3,2,5","K,A","hit,stand",10.0,lose,False,False,random-dfs,fixed,2.167,1.0,0.003,116,2.231
934,1,"3,2,5","K,A","double,stand",20.0,lose,False,False,random-dfs,fixed,2.167,1.0,0.003,116,2.231
935,1,"5,7,8","K,8","double,stand",20.0,win,False,False,random-dfs,fixed,2.241,0.0,0.0,112,2.154
935,1,"5,7","K,8",stand,10.0,lose,False,False,random-dfs,fixed,2.241,0.0,0.0,112,2.154
935,1,"5,7,8","K,8","hit,stand",10.0,win,False,False,random-dfs,fixed,2.241,0.0,0.0,112,2.154
935,1,"5,7,8,4","K,8","hit,hit",10.0,lose,False,True,random-dfs,fixed,2.241,1.0,0.003,112,2.154
936,1,"8,4,5","A,5,8,5","double,stand",20.0,lose,False,False,random-dfs,fixed,2.321,3.0,0.01,108,2.077
936,1,"8,4,5,8","A,5,5","hit,hit",10.0,lose,False,True,random-dfs,fixed,2.321,3.0,0.01,108,2.077
936,1,"8,4,5","A,5,8,5","hit,stand",10.0,lose,False,False,random-dfs,fixed,2.321,3.0,0.01,108,2.077
936,1,"8,4","A,5,5",stand,10.0,lose,False,False,random-dfs,fixed,2.321,2.0,0.006,108,2.077
937,1,"5,8,J","5,2,4,7","double,stand",20.0,lose,False,True,random-dfs,fixed,2.889,3.0,0.01,104,2.0
937,1,"5,8","5,2,J",stand,10.0,lose,False,False,random-dfs,fixed,2.889,2.0,0.006,104,2.0
937,1,"5,8,J","5,2,4,7",hit,10.0,lose,False,True,random-dfs,fixed,2.889,3.0,0.01,104,2.0
938,1,"J,4,3,Q","7,J","hit,hit",10.0,lose,False,True,random-dfs,fixed,4.5,-1.0,-0.003,100,1.923
938,1,"J,4,3","7,J","hit,stand",10.0,push,False,False,random-dfs,fixed,4.5,0.0,0.0,100,1.923
938,1,"J,4,3","7,J","double,stand",20.0,push,False,False,random-dfs,fixed,4.5,0.0,0.0,100,1.923
938,1,"J,4","7,J",stand,10.0,lose,False,False,random-dfs,fixed,4.5,-1.0,-0.003,100,1.923
939,1,"3,Q,K","Q,8",hit,10.0,lose,False,True,random-dfs,fixed,4.16,-2.0,-0.006,96,1.846
939,1,"3,Q","Q,8",stand,10.0,lose,False,False,random-dfs,fixed,4.16,-1.0,-0.003,96,1.846
939,1,"3,Q,K","Q,8","double,stand",20.0,lose,False,True,random-dfs,fixed,4.16,-2.0,-0.006,96,1.846
940,1,"K,K,A","4,6,10","double,stand",20.0,win,False,False,random-dfs,fixed,3.792,-2.0,-0.006,92,1.769
940,1,"K,K,A","4,6,10","hit,stand",10.0,win,False,False,random-dfs,fixed,3.792,-2.0,-0.006,92,1.769
940,1,"K,K","4,6,A",stand,10.0,lose,False,False,random-dfs,fixed,3.792,-1.0,-0.003,92,1.769
941,1,"A,10","6,9,7",stand,10.0,win,True,False,random-dfs,fixed,3.957,-1.0,-0.003,88,1.692
942,1,"7,J,J","3,5,J","double,stand",20.0,lose,False,True,random-dfs,fixed,3.545,-1.0,-0.003,84,1.615
942,1,"7,J","3,5,J",stand,10.0,lose,False,False,random-dfs,fixed,3.545,0.0,0.0,84,1.615
942,1,"7,J,J","3,5,J",hit,10.0,lose,False,True,random-dfs,fixed,3.545,-1.0,-0.003,84,1.615
943,1,"J,J","7,10",stand,10.0,win,False,False,random-dfs,fixed,4.333,-3.0,-0.01,80,1.538
943,1,"J,J,Q","7,10",hit,10.0,lose,False,True,random-dfs,fixed,4.333,-4.0,-0.013,80,1.538
943,1,"J,J,Q","7,10","double,stand",20.0,lose,False,True,random-dfs,fixed,4.333,-4.0,-0.013,80,1.538
944,1,"Q,4,7","5,10,2","hit,stand",10.0,win,False,False,random-dfs,fixed,2.6,1.0,0.003,76,1.462
944,1,"Q,4","5,10,7",stand,10.0,win,False,False,random-dfs,fixed,2.6,0.0,0.0,76,1.462
944,1,"Q,4,7","5,10,2","double,stand",20.0,win,False,False,random-dfs,fixed,2.6,1.0,0.003,76,1.462
945,1,"3,K,10","10,K",hit,10.0,lose,False,True,random-dfs,fixed,0.0,-3.0,-0.01,308,5.923
945,1,"3,K","10,K",stand,10.0,lose,False,False,random-dfs,fixed,0.0,-2.0,-0.006,308,5.923
945,1,"3,K,10","10,K","double,stand",20.0,lose,False,True,random-dfs,fixed,0.0,-3.0,-0.01,308,5.923
946,1,"10,K","10,A",stand,10.0,lose,False,False,random-dfs,fixed,-0.338,-4.0,-0.013,304,5.846
946,1,"10,K,3","10,A",hit,10.0,lose,False,True,random-dfs,fixed,-0.338,-3.0,-0.01,304,5.846
946,1,"10,K,3","10,A","double,stand",20.0,lose,False,True,random-dfs,fixed,-0.338,-3.0,-0.01,304,5.846
947,1,"3,J,9","10,8",hit,10.0,lose,False,True,random-dfs,fixed,-1.026,-1.0,-0.003,300,5.769
947,1,"3,J,9","10,8","double,stand",20.0,lose,False,True,random-dfs,fixed,-1.026,-1.0,-0.003,300,5.769
947,1,"3,J","10,8",stand,10.0,lose,False,False,random-dfs,fixed,-1.026,-1.0,-0.003,300,5.769
948,1,"9,4","2,J,3,J",stand,10.0,win,False,False,random-dfs,fixed,-1.213,1.0,0.003,296,5.692
948,1,"9,4,3","2,J,J","hit,stand",10.0,win,False,False,random-dfs,fixed,-1.213,1.0,0.003,296,5.692
948,1,"9,4,3,J","2,J,8","hit,hit",10.0,lose,False,True,random-dfs,fixed,-1.213,1.0,0.003,296,5.692
948,1,"9,4,3","2,J,J","double,stand",20.0,win,False,False,random-dfs,fixed,-1.213,1.0,0.003,296,5.692
949,1,"3,J,8","8,A","hit,stand",10.0,win,False,False,random-dfs,fixed,-1.054,-1.0,-0.003,292,5.615
949,1,"3,J,8","8,A","double,stand",20.0,win,False,False,random-dfs,fixed,-1.054,-1.0,-0.003,292,5.615
949,1,"3,J","8,A",stand,10.0,lose,False,False,random-dfs,fixed,-1.054,-1.0,-0.003,292,5.615
950,1,"8,2,4,7","5,9,9","hit,hit,stand",10.0,win,False,False,random-dfs,fixed,-1.247,3.0,0.01,288,5.538
950,1,"8,2,4","5,9,7","hit,stand",10.0,lose,False,False,random-dfs,fixed,-1.247,3.0,0.01,288,5.538
950,1,"8,2","5,9,4",stand,10.0,lose,False,False,random-dfs,fixed,-1.247,3.0,0.01,288,5.538
950,1,"8,2,4","5,9,7","double,stand",20.0,lose,False,False,random-dfs,fixed,-1.247,3.0,0.01,288,5.538
951,1,"4,7","9,Q",stand,10.0,lose,False,False,random-dfs,fixed,-0.903,0.0,0.0,284,5.462
951,1,"4,7,J","9,Q","double,stand",20.0,win,False,False,random-dfs,fixed,-0.903,-1.0,-0.003,284,5.462
951,1,"4,7,J","9,Q","hit,stand",10.0,win,False,False,random-dfs,fixed,-0.903,-1.0,-0.003,284,5.462
952,1,"J,K,A","4,9,Q","hit,stand",10.0,win,False,False,random-dfs,fixed,-0.915,-3.0,-0.01,280,5.385
952,1,"J,K,A","4,9,Q","double,stand",20.0,win,False,False,random-dfs,fixed,-0.915,-3.0,-0.01,280,5.385
952,1,"J,K","4,9,A,Q",stand,10.0,win,False,False,random-dfs,fixed,-0.915,-3.0,-0.01,280,5.385
953,1,"A,Q","6,4,10",stand,10.0,win,True,False,random-dfs,fixed,-1.114,-1.0,-0.003,276,5.308
954,1,"10,4","6,A",stand,10.0,lose,False,False,random-dfs,fixed,-1.13,0.0,0.0,272,5.231
954,1,"10,4,8","6,A","double,stand",20.0,lose,False,True,random-dfs,fixed,-1.13,0.0,0.0,272,5.231
954,1,"10,4,8","6,A",hit,10.0,lose,False,True,random-dfs,fixed,-1.13,0.0,0.0,272,5.231
955,1,"8,J,5","7,K","double,stand",20.0,lose,False,True,random-dfs,fixed,-1.147,-1.0,-0.003,268,5.154
955,1,"8,J,5","7,K",hit,10.0,lose,False,True,random-dfs,fixed,-1.147,-1.0,-0.003,268,5.154
955,1,"8,J","7,K",stand,10.0,win,False,False,random-dfs,fixed,-1.147,-2.0,-0.006,268,5.154
956,1,"5,9,A","J,J","double,stand",20.0,lose,False,False,random-dfs,fixed,-1.552,-2.0,-0.006,264,5.077
956,1,"5,9,A,J","J,J","hit,hit",10.0,lose,False,True,random-dfs,fixed,-1.552,-3.0,-0.01,264,5.077
956,1,"5,9,A","J,J","hit,stand",10.0,lose,False,False,random-dfs,fixed,-1.552,-2.0,-0.006,264,5.077
956,1,"5,9","J,J",stand,10.0,lose,False,False,random-dfs,fixed,-1.552,-1.0,-0.003,264,5.077
957,1,"A,J","Q,9",stand,10.0,win,True,False,random-dfs,fixed,-1.773,-3.0,-0.01,260,5.0
958,1,"8,2,Q","5,8,7","double,stand",20.0,push,False,False,random-dfs,fixed,-2.4,1.0,0.003,256,4.923
958,1,"8,2,Q","5,8,7","hit,stand",10.0,push,False,False,random-dfs,fixed,-2.4,1.0,0.003,256,4.923
958,1,"8,2,Q,7","5,8,4","hit,hit",10.0,lose,False,True,random-dfs,fixed,-2.4,2.0,0.006,256,4.923
958,1,"8,2","5,8,Q",stand,10.0,win,False,False,random-dfs,fixed,-2.4,1.0,0.003,256,4.923
959,1,"Q,7","4,Q,J",stand,10.0,win,False,False,random-dfs,fixed,-2.031,-2.0,-0.006,252,4.846
959,1,"Q,7,J","4,Q,2,A",hit,10.0,lose,False,True,random-dfs,fixed,-2.031,-2.0,-0.006,252,4.846
959,1,"Q,7,J","4,Q,2,A","double,stand",20.0,lose,False,True,random-dfs,fixed,-2.031,-2.0,-0.006,252,4.846
960,1,"J,2,A,5,2,10","A,8","hit,hit,hit,hit",10.0,lose,False,True,random-dfs,fixed,-2.27,-1.0,-0.003,248,4.769
960,1,"J,2,A,5,2","A,8","hit,hit,hit,stand",10.0,win,False,False,random-dfs,fixed,-2.27,0.0,0.0,248,4.769
960,1,"J,2,A,5","A,8","hit,hit,stand",10.0,lose,False,False,random-dfs,fixed,-2.27,-1.0,-0.003,248,4.769
960,1,"J,2,A","A,8","hit,stand",10.0,lose,False,False,random-dfs,fixed,-2.27,-2.0,-0.006,248,4.769
960,1,"J,2,A","A,8","double,stand",20.0,lose,False,False,random-dfs,fixed,-2.27,-2.0,-0.006,248,4.769
960,1,"J,2","A,8",stand,10.0,lose,False,False,random-dfs,fixed,-2.27,-1.0,-0.003,248,4.769
961,1,"A,5,3","2,10,7","double,stand",20.0,push,False,False,random-dfs,fixed,-2.516,1.0,0.003,244,4.692
961,1,"A,5","2,10,3,7",stand,10.0,win,False,False,random-dfs,fixed,-2.516,1.0,0.003,244,4.692
961,1,"A,5,3,7","2,10,7","hit,hit,stand",10.0,lose,False,False,random-dfs,fixed,-2.516,1.0,0.003,244,4.692
961,1,"A,5,3,7,7","2,10,8","hit,hit,hit",10.0,lose,False,True,random-dfs,fixed,-2.516,1.0,0.003,244,4.692
961,1,"A,5,3","2,10,7","hit,stand",10.0,push,False,False,random-dfs,fixed,-2.516,1.0,0.003,244,4.692
962,1,"3,7,J,7","7,8,J","hit,hit",10.0,lose,False,True,random-dfs,fixed,-2.557,-1.0,-0.003,240,4.615
962,1,"3,7,J","7,8,7","hit,stand",10.0,win,False,False,random-dfs,fixed,-2.557,0.0,0.0,240,4.615
962,1,"3,7,J","7,8,7","double,stand",20.0,win,False,False,random-dfs,fixed,-2.557,0.0,0.0,240,4.615
962,1,"3,7","7,8,J",stand,10.0,win,False,False,random-dfs,fixed,-2.557,0.0,0.0,240,4.615
963,1,"J,7,A","J,4,2,Q","double,stand",20.0,win,False,False,random-dfs,fixed,-2.383,-2.0,-0.006,236,4.538
963,1,"J,7","J,4,A,2",stand,10.0,push,False,False,random-dfs,fixed,-2.383,-1.0,-0.003,236,4.538
963,1,"J,7,A,2","J,4,Q","hit,hit,stand",10.0,win,False,False,random-dfs,fixed,-2.383,-2.0,-0.006,236,4.538
963,1,"J,7,A,2,Q","J,4,Q","hit,hit,hit",10.0,lose,False,True,random-dfs,fixed,-2.383,-3.0,-0.01,236,4.538
963,1,"J,7,A","J,4,2,Q","hit,stand",10.0,win,False,False,random-dfs,fixed,-2.383,-2.0,-0.006,236,4.538
964,1,"A,2","Q,Q",stand,10.0,lose,False,False,random-dfs,fixed,-2.644,-2.0,-0.006,232,4.462
964,1,"A,2,K","Q,Q","hit,stand",10.0,lose,False,False,random-dfs,fixed,-2.644,-3.0,-0.01,232,4.462
964,1,"A,2,K,Q","Q,Q","hit,hit",10.0,lose,False,True,random-dfs,fixed,-2.644,-4.0,-0.013,232,4.462
964,1,"A,2,K","Q,Q","double,stand",20.0,lose,False,False,random-dfs,fixed,-2.644,-3.0,-0.01,232,4.462
965,1,"K,Q,2","A,4,A,3",hit,10.0,lose,False,True,random-dfs,fixed,-3.138,-1.0,-0.003,228,4.385
965,1,"K,Q,2","A,4,A,3","double,stand",20.0,lose,False,True,random-dfs,fixed,-3.138,-1.0,-0.003,228,4.385
965,1,"K,Q","A,4,2",stand,10.0,win,False,False,random-dfs,fixed,-3.138,-1.0,-0.003,228,4.385
966,1,"2,A","3,9,3,5",stand,10.0,lose,False,False,random-dfs,fixed,-3.649,3.0,0.01,224,4.308
966,1,"2,A,3","3,9,5","double,stand",20.0,lose,False,False,random-dfs,fixed,-3.649,3.0,0.01,224,4.308
966,1,"2,A,3,5","3,9,7","hit,hit,stand",10.0,win,False,False,random-dfs,fixed,-3.649,3.0,0.01,224,4.308
966,1,"2,A,3","3,9,5","hit,stand",10.0,lose,False,False,random-dfs,fixed,-3.649,3.0,0.01,224,4.308
967,1,"3,5,6","7,7,9","double,stand",20.0,win,False,False,random-dfs,fixed,-3.482,3.0,0.01,220,4.231
967,1,"3,5,6","7,7,9","hit,stand",10.0,win,False,False,random-dfs,fixed,-3.482,3.0,0.01,220,4.231
967,1,"3,5,6,9","7,7,10","hit,hit",10.0,lose,False,True,random-dfs,fixed,-3.482,2.0,0.006,220,4.231
967,1,"3,5","7,7,6",stand,10.0,lose,False,False,random-dfs,fixed,-3.482,3.0,0.01,220,4.231
968,1,"6,9,2","10,10","double,stand",20.0,lose,False,False,random-dfs,fixed,-3.073,0.0,0.0,216,4.154
968,1,"6,9","10,10",stand,10.0,lose,False,False,random-dfs,fixed,-3.073,-1.0,-0.003,216,4.154
968,1,"6,9,2,Q","10,10","hit,hit",10.0,lose,False,True,random-dfs,fixed,-3.073,-1.0,-0.003,216,4.154
968,1,"6,9,2","10,10","hit,stand",10.0,lose,False,False,random-dfs,fixed,-3.073,0.0,0.0,216,4.154
969,1,"2,Q,10","6,J,7",hit,10.0,lose,False,True,random-dfs,fixed,-3.37,-1.0,-0.003,212,4.077
969,1,"2,Q","6,J,10",stand,10.0,win,False,False,random-dfs,fixed,-3.37,-1.0,-0.003,212,4.077
969,1,"2,Q,10","6,J,7","double,stand",20.0,lose,False,True,random-dfs,fixed,-3.37,-1.0,-0.003,212,4.077
970,1,"10,7,A","5,6,4,4","double,stand",20.0,lose,False,False,random-dfs,fixed,-3.434,2.0,0.006,208,4.0
970,1,"10,7","5,6,A,4,4",stand,10.0,lose,False,False,random-dfs,fixed,-3.434,2.0,0.006,208,4.0
970,1,"10,7,A,4","5,6,4,8","hit,hit",10.0,lose,False,True,random-dfs,fixed,-3.434,2.0,0.006,208,4.0
970,1,"10,7,A","5,6,4,4","hit,stand",10.0,lose,False,False,random-dfs,fixed,-3.434,2.0,0.006,208,4.0
971,1,"A,4,10","4,8,7","double,stand",20.0,lose,False,False,random-dfs,fixed,-3.25,0.0,0.0,204,3.923
971,1,"A,4,10,7","4,8,4,9","hit,hit",10.0,lose,False,True,random-dfs,fixed,-3.25,1.0,0.003,204,3.923
971,1,"A,4,10","4,8,7","hit,stand",10.0,lose,False,False,random-dfs,fixed,-3.25,0.0,0.0,204,3.923
971,1,"A,4","4,8,10",stand,10.0,win,False,False,random-dfs,fixed,-3.25,0.0,0.0,204,3.923
972,1,"10,7,2","4,9,6","double,stand",20.0,push,False,False,random-dfs,fixed,-3.059,2.0,0.006,200,3.846
972,1,"10,7,2,6","4,9,5","hit,hit",10.0,lose,False,True,random-dfs,fixed,-3.059,3.0,0.01,200,3.846
972,1,"10,7,2","4,9,6","hit,stand",10.0,push,False,False,random-dfs,fixed,-3.059,2.0,0.006,200,3.846
972,1,"10,7","4,9,2,6",stand,10.0,lose,False,False,random-dfs,fixed,-3.059,2.0,0.006,200,3.846
973,1,"2,6","5,7,2,4",stand,10.0,lose,False,False,random-dfs,fixed,-3.12,5.0,0.016,196,3.769
973,1,"2,6,2","5,7,4,4","hit,stand",10.0,lose,False,False,random-dfs,fixed,-3.12,6.0,0.019,196,3.769
973,1,"2,6,2,4","5,7,4,K","hit,hit,stand",10.0,win,False,False,random-dfs,fixed,-3.12,5.0,0.016,196,3.769
973,1,"2,6,2,4,4,K","5,7,A,7","hit,hit,hit,hit",10.0,lose,False,True,random-dfs,fixed,-3.12,4.0,0.013,196,3.769
973,1,"2,6,2,4,4","5,7,K","hit,hit,hit,stand",10.0,win,False,False,random-dfs,fixed,-3.12,5.0,0.016,196,3.769
973,1,"2,6,2","5,7,4,4","double,stand",20.0,lose,False,False,random-dfs,fixed,-3.12,6.0,0.019,196,3.769
974,1,"2,4,A,7","4,K,7","hit,hit,stand",10.0,lose,False,False,random-dfs,fixed,-2.388,1.0,0.003,192,3.692
974,1,"2,4,A,7,7","4,K,3","hit,hit,hit,stand",10.0,win,False,False,random-dfs,fixed,-2.388,2.0,0.006,192,3.692
974,1,"2,4,A","4,K,7","hit,stand",10.0,lose,False,False,random-dfs,fixed,-2.388,1.0,0.003,192,3.692
974,1,"2,4","4,K,A,7",stand,10.0,win,False,False,random-dfs,fixed,-2.388,1.0,0.003,192,3.692
974,1,"2,4,A","4,K,7","double,stand",20.0,lose,False,False,random-dfs,fixed,-2.388,1.0,0.003,192,3.692
975,1,"A,7,3","7,3,K","hit,stand",10.0,win,False,False,random-dfs,fixed,-1.896,0.0,0.0,188,3.615
975,1,"A,7,3","7,3,K","double,stand",20.0,win,False,False,random-dfs,fixed,-1.896,0.0,0.0,188,3.615
975,1,"A,7","7,3,3,K",stand,10.0,win,False,False,random-dfs,fixed,-1.896,0.0,0.0,188,3.615
976,1,"3,K,6","2,J,6","hit,stand",10.0,win,False,False,random-dfs,fixed,-1.936,2.0,0.006,184,3.538
976,1,"3,K,6,6","2,J,J","hit,hit",10.0,lose,False,True,random-dfs,fixed,-1.936,1.0,0.003,184,3.538
976,1,"3,K","2,J,6",stand,10.0,lose,False,False,random-dfs,fixed,-1.936,1.0,0.003,184,3.538
976,1,"3,K,6","2,J,6","double,stand",20.0,win,False,False,random-dfs,fixed,-1.936,2.0,0.006,184,3.538
977,1,"6,6","J,7",stand,10.0,lose,False,False,random-dfs,fixed,-1.978,1.0,0.003,180,3.462
977,1,"6,6,7","J,7","hit,stand",10.0,win,False,False,random-dfs,fixed,-1.978,1.0,0.003,180,3.462
977,1,"6,6,7,A","J,7","hit,hit,stand",10.0,win,False,False,random-dfs,fixed,-1.978,0.0,0.0,180,3.462
977,1,"6,6,7,A,3","J,7","hit,hit,hit",10.0,lose,False,True,random-dfs,fixed,-1.978,1.0,0.003,180,3.462
977,1,"6,6,7","J,7","double,stand",20.0,win,False,False,random-dfs,fixed,-1.978,1.0,0.003,180,3.462
978,1,"7,A","3,J,6",stand,10.0,lose,False,False,random-dfs,fixed,-1.733,0.0,0.0,176,3.385
978,1,"7,A,6","3,J,9","double,stand",20.0,win,False,False,random-dfs,fixed,-1.733,0.0,0.0,176,3.385
978,1,"7,A,6,9","3,J,Q","hit,hit",10.0,lose,False,True,random-dfs,fixed,-1.733,-1.0,-0.003,176,3.385
978,1,"7,A,6","3,J,9","hit,stand",10.0,win,False,False,random-dfs,fixed,-1.733,0.0,0.0,176,3.385
979,1,"6,9,5,8","Q,10","hit,hit",10.0,lose,False,True,random-dfs,fixed,-2.068,0.0,0.0,172,3.308
979,1,"6,9,5","Q,10","hit,stand",10.0,push,False,False,random-dfs,fixed,-2.068,0.0,0.0,172,3.308
979,1,"6,9,5","Q,10","double,stand",20.0,push,False,False,random-dfs,fixed,-2.068,0.0,0.0,172,3.308
979,1,"6,9","Q,10",stand,10.0,lose,False,False,random-dfs,fixed,-2.068,-1.0,-0.003,172,3.308
980,1,"5,8,3","8,5,5","double,stand",20.0,lose,False,False,random-dfs,fixed,-2.419,4.0,0.013,168,3.231
980,1,"5,8","8,5,3,5",stand,10.0,lose,False,False,random-dfs,fixed,-2.419,4.0,0.013,168,3.231
980,1,"5,8,3,5","8,5,9","hit,hit,stand",10.0,win,False,False,random-dfs,fixed,-2.419,4.0,0.013,168,3.231
980,1,"5,8,3","8,5,5","hit,stand",10.0,lose,False,False,random-dfs,fixed,-2.419,4.0,0.013,168,3.231
981,1,"3,5,3","9,8","double,stand",20.0,lose,False,False,random-dfs,fixed,-1.857,3.0,0.01,164,3.154
981,1,"3,5","9,8",stand,10.0,lose,False,False,random-dfs,fixed,-1.857,2.0,0.006,164,3.154
981,1,"3,5,3,Q","9,8","hit,hit,stand",10.0,win,False,False,random-dfs,fixed,-1.857,2.0,0.006,164,3.154
981,1,"3,5,3","9,8","hit,stand",10.0,lose,False,False,random-dfs,fixed,-1.857,3.0,0.01,164,3.154
982,1,"3,Q,5","Q,5,8","double,stand",20.0,win,False,False,random-dfs,fixed,-1.268,1.0,0.003,160,3.077
982,1,"3,Q","Q,5,5",stand,10.0,lose,False,False,random-dfs,fixed,-1.268,1.0,0.003,160,3.077
982,1,"3,Q,5,8","Q,5,K","hit,hit",10.0,lose,False,True,random-dfs,fixed,-1.268,0.0,0.0,160,3.077
982,1,"3,Q,5","Q,5,8","hit,stand",10.0,win,False,False,random-dfs,fixed,-1.268,1.0,0.003,160,3.077
983,1,"5,8,3,Q","K,5,9","hit,hit",10.0,lose,False,True,random-dfs,fixed,-1.3,1.0,0.003,156,3.0
983,1,"5,8,3","K,5,Q","hit,stand",10.0,win,False,False,random-dfs,fixed,-1.3,1.0,0.003,156,3.0
983,1,"5,8,3","K,5,Q","double,stand",20.0,win,False,False,random-dfs,fixed,-1.3,1.0,0.003,156,3.0
983,1,"5,8","K,5,3",stand,10.0,lose,False,False,random-dfs,fixed,-1.3,2.0,0.006,156,3.0
984,1,"3,Q,6,9","9,3,7","hit,hit",10.0,lose,False,True,random-dfs,fixed,-1.0,2.0,0.006,152,2.923
984,1,"3,Q,6","9,3,9","hit,stand",10.0,lose,False,False,random-dfs,fixed,-1.0,2.0,0.006,152,2.923
984,1,"3,Q,6","9,3,9","double,stand",20.0,lose,False,False,random-dfs,fixed,-1.0,2.0,0.006,152,2.923
984,1,"3,Q","9,3,6",stand,10.0,lose,False,False,random-dfs,fixed,-1.0,2.0,0.006,152,2.923
985,1,"6,9,A","7,K","double,stand",20.0,lose,False,False,random-dfs,fixed,-0.684,-1.0,-0.003,148,2.846
985,1,"6,9,A,9","7,K","hit,hit",10.0,lose,False,True,random-dfs,fixed,-0.684,-1.0,-0.003,148,2.846
985,1,"6,9,A","7,K","hit,stand",10.0,lose,False,False,random-dfs,fixed,-0.684,-1.0,-0.003,148,2.846
985,1,"6,9","7,K",stand,10.0,lose,False,False,random-dfs,fixed,-0.684,0.0,0.0,148,2.846
986,1,"A,9","6,Q,9",stand,10.0,win,False,False,random-dfs,fixed,-0.703,-1.0,-0.003,144,2.769
986,1,"A,9,9","6,Q,8","double,stand",20.0,win,False,False,random-dfs,fixed,-0.703,-1.0,-0.003,144,2.769
986,1,"A,9,9,8","6,Q,3","hit,hit",10.0,lose,False,True,random-dfs,fixed,-0.703,0.0,0.0,144,2.769
986,1,"A,9,9","6,Q,8","hit,stand",10.0,win,False,False,random-dfs,fixed,-0.703,-1.0,-0.003,144,2.769
987,1,"9,8,A","3,A,10,K","hit,stand",10.0,win,False,False,random-dfs,fixed,-1.083,-3.0,-0.01,140,2.692
987,1,"9,8,A,10","3,A,K,4","hit,hit",10.0,lose,False,True,random-dfs,fixed,-1.083,-2.0,-0.006,140,2.692
987,1,"9,8","3,A,A,10,K",stand,10.0,win,False,False,random-dfs,fixed,-1.083,-3.0,-0.01,140,2.692
987,1,"9,8,A","3,A,10,K","double,stand",20.0,win,False,False,random-dfs,fixed,-1.083,-3.0,-0.01,140,2.692
988,1,"A,10","K,4,J",stand,10.0,win,True,False,random-dfs,fixed,-1.114,-3.0,-0.01,136,2.615
989,1,"J,K","2,5,10",stand,10.0,win,False,False,random-dfs,fixed,-1.912,-1.0,-0.003,132,2.538
989,1,"J,K,10","2,5,5,7","double,stand",20.0,lose,False,True,random-dfs,fixed,-1.912,0.0,0.0,132,2.538
989,1,"J,K,10","2,5,5,7",hit,10.0,lose,False,True,random-dfs,fixed,-1.912,0.0,0.0,132,2.538
990,1,"10,5,6","7,Q","double,stand",20.0,win,False,False,random-dfs,fixed,-1.97,0.0,0.0,128,2.462
990,1,"10,5,6","7,Q","hit,stand",10.0,win,False,False,random-dfs,fixed,-1.97,0.0,0.0,128,2.462
990,1,"10,5","7,Q",stand,10.0,lose,False,False,random-dfs,fixed,-1.97,-1.0,-0.003,128,2.462
991,1,"6,8,9","2,10,5","double,stand",20.0,lose,False,True,random-dfs,fixed,-2.438,2.0,0.006,124,2.385
991,1,"6,8,9","2,10,5",hit,10.0,lose,False,True,random-dfs,fixed,-2.438,2.0,0.006,124,2.385
991,1,"6,8","2,10,9",stand,10.0,lose,False,False,random-dfs,fixed,-2.438,1.0,0.003,124,2.385
992,1,"9,5,5","9,Q","double,stand",20.0,push,False,False,random-dfs,fixed,-2.097,1.0,0.003,120,2.308
992,1,"9,5","9,Q",stand,10.0,lose,False,False,random-dfs,fixed,-2.097,0.0,0.0,120,2.308
992,1,"9,5,5","9,Q","hit,stand",10.0,push,False,False,random-dfs,fixed,-2.097,1.0,0.003,120,2.308
992,1,"9,5,5,A","9,Q","hit,hit,stand",10.0,win,False,False,random-dfs,fixed,-2.097,0.0,0.0,120,2.308
992,1,"9,5,5,A,9","9,Q","hit,hit,hit",10.0,lose,False,True,random-dfs,fixed,-2.097,0.0,0.0,120,2.308
993,1,"5,A,4","9,Q","double,stand",20.0,win,False,False,random-dfs,fixed,-2.167,0.0,0.0,116,2.231
993,1,"5,A","9,Q",stand,10.0,lose,False,False,random-dfs,fixed,-2.167,-1.0,-0.003,116,2.231
993,1,"5,A,4","9,Q","hit,stand",10.0,win,False,False,random-dfs,fixed,-2.167,0.0,0.0,116,2.231
993,1,"5,A,4,8,5","9,Q","hit,hit,hit",10.0,lose,False,True,random-dfs,fixed,-2.167,1.0,0.003,116,2.231
993,1,"5,A,4,8","9,Q","hit,hit,stand",10.0,lose,False,False,random-dfs,fixed,-2.167,0.0,0.0,116,2.231
994,1,"4,8","5,6,5,7",stand,10.0,win,False,False,random-dfs,fixed,-2.69,4.0,0.013,112,2.154
994,1,"4,8,5,7","5,6,10","hit,hit",10.0,lose,False,True,random-dfs,fixed,-2.69,3.0,0.01,112,2.154
994,1,"4,8,5","5,6,7","hit,stand",10.0,lose,False,False,random-dfs,fixed,-2.69,4.0,0.013,112,2.154
994,1,"4,8,5","5,6,7","double,stand",20.0,lose,False,False,random-dfs,fixed,-2.69,4.0,0.013,112,2.154
995,1,"5,7","10,A",stand,10.0,lose,False,False,random-dfs,fixed,-1.393,-1.0,-0.003,108,2.077
995,1,"5,7,9","10,A","double,stand",20.0,push,False,False,random-dfs,fixed,-1.393,-1.0,-0.003,108,2.077
995,1,"5,7,9","10,A","hit,stand",10.0,push,False,False,random-dfs,fixed,-1.393,-1.0,-0.003,108,2.077
996,1,"9,10,9","J,2,K",hit,10.0,lose,False,True,random-dfs,fixed,-1.926,-2.0,-0.006,104,2.0
996,1,"9,10","J,2,9",stand,10.0,lose,False,False,random-dfs,fixed,-1.926,-1.0,-0.003,104,2.0
996,1,"9,10,9","J,2,K","double,stand",20.0,lose,False,True,random-dfs,fixed,-1.926,-2.0,-0.006,104,2.0
997,1,"9,K","10,9",stand,10.0,push,False,False,random-dfs,fixed,-2.5,-2.0,-0.006,100,1.923
997,1,"9,K,6","10,9",hit,10.0,lose,False,True,random-dfs,fixed,-2.5,-1.0,-0.003,100,1.923
997,1,"9,K,6","10,9","double,stand",20.0,lose,False,True,random-dfs,fixed,-2.5,-1.0,-0.003,100,1.923
998,1,"6,4,2","J,3,3,10","hit,stand",10.0,win,False,False,random-dfs,fixed,-3.64,3.0,0.01,96,1.846
998,1,"6,4,2,3,10","J,3,3,2","hit,hit,hit",10.0,lose,False,True,random-dfs,fixed,-3.64,5.0,0.016,96,1.846
998,1,"6,4,2,3","J,3,10","hit,hit,stand",10.0,win,False,False,random-dfs,fixed,-3.64,3.0,0.01,96,1.846
998,1,"6,4,2","J,3,3,10","double,stand",20.0,win,False,False,random-dfs,fixed,-3.64,3.0,0.01,96,1.846
998,1,"6,4","J,3,2,3",stand,10.0,lose,False,False,random-dfs,fixed,-3.64,4.0,0.013,96,1.846
999,1,"2,3,2,7","10,3,2,Q","hit,hit,stand",10.0,win,False,False,random-dfs,fixed,-2.708,3.0,0.01,92,1.769
999,1,"2,3,2,7,2","10,3,Q","hit,hit,hit,stand",10.0,win,False,False,random-dfs,fixed,-2.708,3.0,0.01,92,1.769
999,1,"2,3,2,7,2,Q","10,3,J","hit,hit,hit,hit",10.0,lose,False,True,random-dfs,fixed,-2.708,2.0,0.006,92,1.769
999,1,"2,3,2","10,3,7","hit,stand",10.0,lose,False,False,random-dfs,fixed,-2.708,3.0,0.01,92,1.769
999,1,"2,3","10,3,2,7",stand,10.0,win,False,False,random-dfs,fixed,-2.708,3.0,0.01,92,1.769
999,1,"2,3,2","10,3,7","double,stand",20.0,lose,False,False,random-dfs,fixed,-2.708,3.0,0.01,92,1.769
1000,1,"2,7","2,Q,J",stand,10.0,win,False,False,random-dfs,fixed,-1.696,0.0,0.0,88,1.692
1000,1,"2,7,J","2,Q,3,6","double,stand",20.0,lose,False,False,random-dfs,fixed,-1.696,2.0,0.006,88,1.692
1000,1,"2,7,J,3","2,Q,6","hit,hit",10.0,lose,False,True,random-dfs,fixed,-1.696,2.0,0.006,88,1.692
1000,1,"2,7,J","2,Q,3,6","hit,stand",10.0,lose,False,False,random-dfs,fixed,-1.696,2.0,0.006,88,1.692
